entity_id,name,tier,county,website,email,phone,notes
sd-a-max-brewer-memorial-law-library,A. Max Brewer Memorial Law Library,special_district,Brevard,https://www.brevardfl.gov/SpecialDistricts/AMaxBrewerMemorialLawLibrary,teresa.cassella@flcourts18.org,(321) 617-7295,purpose=Library - Law; dependent; lga=Brevard County
sd-a-h-at-turnpike-south-community-development-district,A.H. at Turnpike South Community Development District,special_district,Miami-Dade,https://www.ahturnpikesouthcdd.org,mpawelczyk@bclmr.com,(954) 764-7150,purpose=Community Development; independent; lga=Miami-Dade County
sd-abbott-square-community-development-district,Abbott Square Community Development District,special_district,Pasco,https://AbbottSquareCDD.net,vbabbar@srvlegal.com,(813) 223-9400,purpose=Community Development; independent; lga=City of Zephyrhills
sd-aberdeen-community-development-district,Aberdeen Community Development District,special_district,St. Johns,https://www.aberdeencdd.org,wesley.haber@kutakrock.com,(850) 692-7300,purpose=Community Development; independent; lga=St. Johns County
sd-acacia-fields-community-development-district,Acacia Fields Community Development District,special_district,Pasco,https://www.acaciafieldscdd.org,brizzetta@rizzetta.com,(813) 514-0400,purpose=Community Development; independent; lga=Pasco County
sd-acacia-grove-community-development-district,Acacia Grove Community Development District,special_district,Miami-Dade,https://acaciagrovecdd.com,mpawelczyk@bclmr.com,(954) 764-7150,purpose=Community Development; independent; lga=Miami-Dade County
sd-academical-village-community-development-district,Academical Village Community Development District,special_district,Broward,https://www.academicalcdd.com,mpawelczyk@bclmr.com,(954) 764-7150,purpose=Community Development; independent; lga=Town of Davie
sd-acme-improvement-district,Acme Improvement District,special_district,Palm Beach,https://acme.wellingtonfl.gov,tquickel@wellingtonfl.gov,(561) 791-4000,purpose=Drainage and/or Water Control; dependent; lga=Village of Wellington
sd-acree-community-development-district,Acree Community Development District,special_district,Duval,https://acreecdd.com,wesley.haber@kutakrock.com,(850) 692-7300,purpose=Community Development; independent; lga=City of Jacksonville
sd-alachua-community-redevelopment-agency,Alachua Community Redevelopment Agency,special_district,Alachua,https://www.cityofalachua.com/government/community-redevelopment-agency,ro_valladares@cityofalachua.org,(386) 418-6100,purpose=Community Redevelopment; dependent; lga=City of Alachua
sd-alachua-county-health-facilities-authority,Alachua County Health Facilities Authority,special_district,Alachua,http://Duebytheendofthefirstfullfiscalyearaftercreation.,clhpalaw@aol.com,(352) 376-5226,purpose=Health Facilities; dependent; lga=Alachua County
sd-alachua-county-housing-authority,Alachua County Housing Authority,special_district,Alachua,https://www.acha-fl.com,amanda@acha-fl.com,(352) 372-2549,purpose=Housing Authority; dependent; lga=Alachua County
sd-alachua-county-housing-finance-authority,Alachua County Housing Finance Authority,special_district,Alachua,https://www.alachuacounty.us,housing@alachuacounty.us,(352) 337-6240,purpose=Housing Finance; dependent; lga=Alachua County
sd-alachua-county-library-district,Alachua County Library District,special_district,Alachua,https://www.aclib.us,slivingston@aclib.us,(352) 334-3910,purpose=Library - Local; independent; lga=Alachua County
sd-alachua-soil-and-water-conservation-district,Alachua Soil and Water Conservation District,special_district,Alachua,https://alachuasoilandwater.org,district3aswcd@gmail.com,(352) 376-7414,purpose=Soil and Water Conservation; independent; lga=Alachua County
sd-alafia-preserve-community-development-district,Alafia Preserve Community Development District,special_district,Polk,https://alafiapreservecdd.com,mpawelczyk@bclmr.com,(954) 764-7150,purpose=Community Development; independent; lga=City of Mulberry
sd-alligator-point-water-resources-district,Alligator Point Water Resources District,special_district,Franklin,https://www.alligatorpointwater.com,pointwater@fairpoint.net,(850) 349-2274,purpose=Water and/or Wastewater Systems; independent; lga=Franklin County
sd-almarante-fire-district,Almarante Fire District,special_district,Okaloosa,https://www.almarantefiredistrict.com,smoneypenny@almarantevfd.com,(619) 851-8050,purpose=Fire Control and Rescue; independent; lga=Okaloosa County
sd-alta-lakes-community-development-district,Alta Lakes Community Development District,special_district,Duval,https://altalakescdd.org,brizzetta@rizzetta.com,(813) 514-0400,purpose=Community Development; independent; lga=City of Jacksonville
sd-altamonte-springs-health-facilities-authority,Altamonte Springs Health Facilities Authority,special_district,Seminole,https://www.altamonte.org,aapperson@altamonte.org,(407) 571-8122,purpose=Health Facilities; dependent; lga=City of Altamonte Springs
sd-alva-fire-protection-and-rescue-service-district,Alva Fire Protection and Rescue Service District,special_district,Lee,https://www.alvafirecontrol.org,jetcheverry@alvafirecontrol.org,(239) 728-2223,purpose=Fire Control and Rescue; independent; lga=Lee County
sd-amelia-concourse-community-development-district,Amelia Concourse Community Development District,special_district,Nassau,https://www.ameliaconcoursecdd.com,dlaughlin@gmsnf.com,(904) 940-5850,purpose=Community Development; independent; lga=Nassau County
sd-amelia-island-mosquito-control-district,Amelia Island Mosquito Control District,special_district,Nassau,https://www.aimcd.org,brimdaniels@bellsouth.net,(904) 261-5283,purpose=Mosquito Control; independent; lga=Nassau County
sd-amelia-national-community-development-district,Amelia National Community Development District,special_district,Nassau,https://amelianationalcdd.com,katie.buchanan@kutakrock.com,(850) 692-7300,purpose=Community Development; independent; lga=Nassau County
sd-amelia-walk-community-development-district,Amelia Walk Community Development District,special_district,Nassau,https://www.ameliawalkcdd.com,dlaughlin@gmsnf.com,(904) 940-5850,purpose=Community Development; independent; lga=Nassau County
sd-anabelle-island-community-development-district,Anabelle Island Community Development District,special_district,Clay,http://Duebytheendofthefirstfullfiscalyearaftercreation.,mgiles@gmsnf.com,(904) 940-5850,purpose=Community Development; independent; lga=Clay County
sd-anabelle-sandridge-community-development-district,Anabelle Sandridge Community Development District,special_district,Clay,http://Duebytheendofthefirstfullfiscalyearaftercreation.,wrathellc@whhassociates.com,(561) 571-0010,purpose=Community Development; independent; lga=Clay County
sd-anastasia-mosquito-control-district-of-st-johns-county,Anastasia Mosquito Control District of St. Johns County,special_district,St. Johns,https://www.amcdsjc.org,xueamcd@gmail.com,(904) 471-3107,purpose=Mosquito Control; independent; lga=St. Johns County
sd-anastasia-sanitary-district,Anastasia Sanitary District,special_district,St. Johns,https://www.sjcfl.us/SpecialDistricts/Anastasia.aspx,nshinkre@sjcfl.us,(904) 209-2721,purpose=Water and/or Wastewater Systems; dependent; lga=St. Johns County
sd-angeline-community-development-district,Angeline Community Development District,special_district,Pasco,http://Duebytheendofthefirstfullfiscalyearaftercreation.,jvericker@srvlegal.com,(813) 223-9400,purpose=Community Development; independent; lga=Pasco County
sd-anthem-park-community-development-district,Anthem Park Community Development District,special_district,Osceola,https://anthemparkcdd.org,lindsay@cddlawyers.com,(877) 350-0372,purpose=Community Development; independent; lga=City of St. Cloud
sd-antillia-community-development-district,Antillia Community Development District,special_district,Miami-Dade,https://AntilliaCDD.org,mpawelczyk@bclmr.com,(954) 764-7150,purpose=Community Development; independent; lga=Miami-Dade County
sd-apalachicola-housing-authority,Apalachicola Housing Authority,special_district,Franklin,https://www.apalachicolahousingauthority.com,apalhousing@gmail.com,(850) 653-9304,purpose=Housing Authority; dependent; lga=City of Apalachicola
sd-apopka-community-redevelopment-agency,Apopka Community Redevelopment Agency,special_district,Orange,https://www.apopka.net/284/Community-Redevelopment,bhowell@apopka.net,(407) 703-1703,purpose=Community Redevelopment; dependent; lga=City of Apopka
sd-aqua-one-community-development-district,Aqua One Community Development District,special_district,Manatee,https://www.aquaonecdd.org,ripollv@pfm.com,(407) 723-5900,purpose=Community Development; independent; lga=Manatee County
sd-arbor-greene-community-development-district,Arbor Greene Community Development District,special_district,Hillsborough,https://arborgreene.com,khopkinson@srvlegal.com,(813) 544-1344,purpose=Community Development; independent; lga=City of Tampa
sd-arbor-park-phase-1-community-development-district,Arbor Park Phase 1 Community Development District,special_district,Lake,http://Duebytheendofthefirstfullfiscalyearaftercreation.,wrathellc@whhassociates.com,(561) 571-0010,purpose=Community Development; independent; lga=City of Fruitland Park
sd-arbors-community-development-district,Arbors Community Development District,special_district,Duval,https://arborscdd.net,katie.buchanan@kutakrock.com,(850) 692-7300,purpose=Community Development; independent; lga=City of Jacksonville
sd-arborwood-community-development-district,Arborwood Community Development District,special_district,Lee,https://www.arborwoodcdd.org,twodraska@sdsinc.org,(239) 444-5790,purpose=Community Development; independent; lga=City of Fort Myers
sd-area-housing-commission,Area Housing Commission,special_district,Escambia,https://areahousing.org,execdir@areahousing.org,,purpose=Housing Authority; independent; lga=Escambia County
sd-area-housing-commission-of-clewiston-labelle-and-hendry-county,"Area Housing Commission of Clewiston, LaBelle and Hendry County",special_district,Hendry,http://Duebytheendofthefirstfullfiscalyearaftercreation.,areahousingcommission@gmail.com,(863) 234-8397,"purpose=Housing Authority; independent; lga=Hendry County, City of Clewiston and City of LaBelle"
sd-argyle-fire-district,Argyle Fire District,special_district,Walton,https://www.ArgyleFireDistrictFL.gov,srichardson@argylefiredistrictfl.gov,(850) 892-4702,purpose=Fire Control and Rescue; independent; lga=Walton County
sd-arlington-ridge-community-development-district,Arlington Ridge Community Development District,special_district,Lake,https://www.arlingtonridgecdd.org,angel.montagna@inframark.com,(407) 566-1935,purpose=Community Development; independent; lga=City of Leesburg
sd-arlington-special-dependent-district,Arlington Special Dependent District,special_district,Hillsborough,https://Arlington.mydistrictwebsite.com,lmendelsohn4312@gmail.com,(813) 585-1659,purpose=Neighborhood Enhancement; dependent; lga=Hillsborough County
sd-armstrong-community-development-district,Armstrong Community Development District,special_district,Clay,https://www.ArmstrongCDD.com,katie.buchanan@kutakrock.com,(850) 692-7300,purpose=Community Development; independent; lga=Clay County
sd-artisan-lakes-community-development-district,Artisan Lakes Community Development District,special_district,Manatee,https://artisanlakescdd.org,wardj@pfm.com,(407) 723-5900,purpose=Community Development; independent; lga=Manatee County
sd-artisan-lakes-east-community-development-district,Artisan Lakes East Community Development District,special_district,Manatee,https://www.ArtisanLakesEastCDD.org,wardj@pfm.com,(407) 723-5900,purpose=Community Development; independent; lga=Manatee County
sd-astonia-community-development-district,Astonia Community Development District,special_district,Polk,https://astoniacdd.com,jburns@gmscfl.com,(407) 841-5524,purpose=Community Development; independent; lga=Polk County
sd-asturia-community-development-district,Asturia Community Development District,special_district,Pasco,https://asturiacdd.org,lindsay@cddlawyers.com,(877) 350-0372,purpose=Community Development; independent; lga=Pasco County
sd-atlantis-safe-neighborhood-improvement-district,Atlantis Safe Neighborhood Improvement District,special_district,Palm Beach,https://www.atlantisfl.gov,bmoree@atlantisfl.gov,(561) 965-1744,purpose=Neighborhood Improvement - Local Gov.; dependent; lga=City of Atlantis
sd-auburn-lakes-community-development-district,Auburn Lakes Community Development District,special_district,Polk,https://www.auburnlakescdd.com,jburns@gmscfl.com,(407) 841-5524,purpose=Community Development; independent; lga=City of Auburndale
sd-auburndale-community-redevelopment-agency,Auburndale Community Redevelopment Agency,special_district,Polk,https://auburndalefl.com,apalmer@auburndalefl.com,(863) 965-5530,purpose=Community Redevelopment; dependent; lga=City of Auburndale
sd-aucilla-area-solid-waste-administration,Aucilla Area Solid Waste Administration,special_district,"Dixie, Jefferson, Madison, Taylor",https://aucillalandfill.com,auclf@aol.com,(850) 948-4875,purpose=Solid Waste Disposal; independent; lga=Multi
sd-aurora-oaks-community-development-district,Aurora Oaks Community Development District,special_district,Marion,https://AuroraOaksCDD.com,brian.lamb@inframark.com,(813) 873-7300,purpose=Community Development; independent; lga=Marion County
sd-avalon-beach-mulat-fire-protection-district,Avalon Beach / Mulat Fire Protection District,special_district,Santa Rosa,https://www.AvalonFireRescue.com,rodneyj@bellsouth.net,(850) 994-1149,purpose=Fire Control and Rescue; independent; lga=Santa Rosa County
sd-avalon-groves-community-development-district,Avalon Groves Community Development District,special_district,Lake,https://avalongrovescdd.org,bennett.davenport@kutakrock.com,(850) 692-7300,purpose=Community Development; independent; lga=Lake County
sd-avalon-park-west-community-development-district,Avalon Park West Community Development District,special_district,Pasco,https://www.avalonparkwestcdd.org/,jere.earlywine@kutakrock.com,(850) 528-6152,purpose=Community Development; independent; lga=Pasco County
sd-ave-maria-stewardship-community-district,Ave Maria Stewardship Community District,special_district,Collier,https://www.avemariastewardshipcd.org,alyssa.willson@kutakrock.com,(850) 692-7300,purpose=Infrastructure Development; independent; lga=Collier County
sd-avelar-creek-community-development-district,Avelar Creek Community Development District,special_district,Hillsborough,https://www.avelarcreekcdd.org,edailey@halifax-solutions.com,(813) 575-1955,purpose=Community Development; independent; lga=Hillsborough County
sd-avenir-community-development-district,Avenir Community Development District,special_district,Palm Beach,https://www.avenircdd.org,mpawelczyk@bclmr.com,(954) 764-7150,purpose=Community Development; independent; lga=City of Palm Beach Gardens
sd-aventura-isles-community-development-district,Aventura Isles Community Development District,special_district,Miami-Dade,https://www.aventuraislescdd.net,mpawelczyk@bclmr.com,(954) 764-7150,purpose=Community Development; independent; lga=Miami-Dade County
sd-aviary-at-rutland-ranch-community-development-district,Aviary at Rutland Ranch Community Development District,special_district,Manatee,https://www.AviaryCDD.org,jere.earlywine@kutakrock.com,(850) 528-6152,purpose=Community Development; independent; lga=Manatee County
sd-avon-park-community-redevelopment-agency,Avon Park Community Redevelopment Agency,special_district,Highlands,https://avonpark.city/bc-cb,jatkinson@avonpark.city,(863) 449-9280,purpose=Community Redevelopment; dependent; lga=City of Avon Park
sd-avon-park-housing-authority,Avon Park Housing Authority,special_district,Highlands,https://www.avonparkha.org,marias@avonparkha.org,(863) 452-4432,purpose=Housing Authority; dependent; lga=City of Avon Park
sd-babcock-ranch-community-independent-special-district,Babcock Ranch Community Independent Special District,special_district,"Lee, Charlotte",https://babcockranchliving.com,alyssa.willson@kutakrock.com,(850) 692-7300,purpose=Infrastructure Development; independent; lga=Charlotte and Lee Counties
sd-bahia-lakes-community-development-district,Bahia Lakes Community Development District,special_district,Hillsborough,https://bahialakescdd.org,brizzetta@rizzetta.com,(813) 514-0400,purpose=Community Development; independent; lga=Hillsborough County
sd-bahia-mar-community-development-district,Bahia Mar Community Development District,special_district,Broward,http://Duebytheendofthefirstfullfiscalyearaftercreation.,mpawelczyk@bclmr.com,(954) 764-7150,purpose=Community Development; independent; lga=City of Fort Lauderdale
sd-bainebridge-community-development-district,Bainebridge Community Development District,special_district,Duval,https://bainebridgecdd.org,brizzetta@rizzetta.com,(813) 514-0400,purpose=Community Development; independent; lga=City of Jacksonville
sd-baker-county-development-commission,Baker County Development Commission,special_district,Baker,https://www.choosebakercountyfl.com,danmasterson1@aol.com,(904) 259-6433,purpose=County Development; independent; lga=Baker County
sd-baker-county-hospital-district,Baker County Hospital District,special_district,Baker,https://bakercountyflhospitalauth.com,drgeorgeweeks@gmail.com,(904) 259-6433,purpose=Hospital; independent; lga=Baker County
sd-baker-fire-district,Baker Fire District,special_district,Okaloosa,https://www.bakerfiredistrict.com,ladyjrl55@gmail.com,(850) 537-3402,purpose=Fire Control and Rescue; independent; lga=Okaloosa County
sd-ballantrae-community-development-district,Ballantrae Community Development District,special_district,Pasco,https://www.Ballantraecdd.org,vbabbar@srvlegal.com,(813) 223-9400,purpose=Community Development; independent; lga=Pasco County
sd-ballentrae-hillsborough-community-development-district,Ballentrae Hillsborough Community Development District,special_district,Hillsborough,https://ballentraehillsboroughcdd.org,jgreenwood@gms-tampa.com,,purpose=Community Development; independent; lga=Hillsborough County
sd-balm-grove-community-development-district,Balm Grove Community Development District,special_district,Hillsborough,https://www.BalmGroveCDD.com,brian.lamb@inframark.com,(813) 873-7300,purpose=Community Development; independent; lga=Hillsborough County
sd-bannon-lakes-community-development-district,Bannon Lakes Community Development District,special_district,St. Johns,https://www.bannonlakescdd.com,wesley.haber@kutakrock.com,(850) 692-7300,purpose=Community Development; independent; lga=St. Johns County
sd-banyan-cay-community-development-district,Banyan Cay Community Development District,special_district,Palm Beach,https://www.banyancaycdd.org,twodraska@sdsinc.org,(561) 630-4922,purpose=Community Development; independent; lga=City of West Palm Beach
sd-barefoot-bay-recreation-district,Barefoot Bay Recreation District,special_district,Brevard,https://www.bbrd.org,wvose@voselaw.com,(407) 645-3735,purpose=Mobile Home Park Recreation; independent; lga=Brevard County
sd-barefoot-bay-water-and-sewer-district,Barefoot Bay Water and Sewer District,special_district,Brevard,https://www.brevardcounty.us/SpecialDistricts/BarefootBayWaterSewerDistrict,edward.fontanin@brevardfl.gov,(321) 633-2091,purpose=County Water and Sewer; dependent; lga=Brevard County
sd-barron-water-control-district,Barron Water Control District,special_district,"Glades, Hendry",https://bwcd.mydistrictwebsite.com,judikk@bwcd.net,(863) 675-0346,purpose=Drainage and/or Water Control; independent; lga=Multi
sd-bartow-community-redevelopment-agency,Bartow Community Redevelopment Agency,special_district,Polk,https://www.cityofbartow.net/index.aspx?page=275,chsmith@cityofbartow.net,(863) 534-0121,purpose=Community Redevelopment; dependent; lga=City of Bartow
sd-bartow-municipal-airport-development-authority,Bartow Municipal Airport Development Authority,special_district,Polk,https://www.bartow-airport.com,john@bartow-airport.com,(863) 533-1195,purpose=Airports / Air Navigation Facilities; dependent; lga=City of Bartow
sd-bartram-park-community-development-district,Bartram Park Community Development District,special_district,Duval,https://bartramparkcdd.com,wesley.haber@kutakrock.com,(850) 692-7300,purpose=Community Development; independent; lga=City of Jacksonville
sd-bartram-springs-community-development-district,Bartram Springs Community Development District,special_district,Duval,https://BartramSpringsCDD.com,wesley.haber@kutakrock.com,(850) 692-7300,purpose=Community Development; independent; lga=City of Jacksonville
sd-bauer-drive-community-development-district,Bauer Drive Community Development District,special_district,Miami-Dade,https://BauerDriveCDD.com,mpawelczyk@bclmr.com,(954) 764-7150,purpose=Community Development; independent; lga=Miami-Dade County
sd-bay-county-law-library,Bay County Law Library,special_district,Bay,https://www.baycountyfl.gov/575/bay-county-law-library,jivy@baycountyfl.gov,(850) 522-2121,purpose=Library - Law; dependent; lga=Bay County
sd-bay-creek-community-development-district,Bay Creek Community Development District,special_district,Lee,https://www.pelicanlandingcdds.net,wrathellc@whhassociates.com,(561) 571-0010,purpose=Community Development; independent; lga=Lee County and City of Bonita Springs
sd-bay-crest-park-special-district,Bay Crest Park Special District,special_district,Hillsborough,https://BayCrest.mydistrictwebsite.com,burnsidebaycrestspecial@gmail.com,(813) 892-0474,purpose=Neighborhood Enhancement; dependent; lga=Hillsborough County
sd-bay-laurel-center-community-development-district,Bay Laurel Center Community Development District,special_district,Marion,https://www.blccdd.com,gflint@gmscfl.com,(407) 841-5524,purpose=Community Development; independent; lga=Marion County
sd-bay-medical-center,Bay Medical Center,special_district,Bay,https://www.bayhealthfoundation.com,kthomason@bayhealthfoundation.com,(850) 818-0565,"purpose=Health Care, Hospital; independent; lga=Bay County"
sd-bayi-community-development-district,Bayi Community Development District,special_district,Marion,http://Duebytheendofthefirstfullfiscalyearaftercreation.,twodraska@sdsinc.org,(561) 630-4922,purpose=Community Development; independent; lga=City of Ocala
sd-baymeadows-community-improvement-district,Baymeadows Community Improvement District,special_district,Duval,https://bcidjax.org,brizzetta@rizzetta.com,(813) 514-0400,purpose=Municipal-Type Services and Improvements; dependent; lga=City of Jacksonville
sd-bayshore-fire-protection-and-rescue-service-district,Bayshore Fire Protection and Rescue Service District,special_district,Lee,https://www.bayshorefire.org,dunderwood@bayshorefire.org,(239) 543-3443,purpose=Fire Control and Rescue; independent; lga=Lee County
sd-bayshore-gardens-park-and-recreation-district,Bayshore Gardens Park and Recreation District,special_district,Manatee,https://www.bayshoregardens.org,office@bayshoregardens.org,(941) 755-1912,purpose=Recreational Facilities / Programs; independent; lga=Manatee County
sd-bayside-improvement-community-development-district,Bayside Improvement Community Development District,special_district,Lee,https://www.pelicanlandingcdds.net,wrathellc@whhassociates.com,(561) 571-0010,purpose=Community Development; independent; lga=Lee County and City of Bonita Springs
sd-baytree-community-development-district,Baytree Community Development District,special_district,Brevard,https://www.baytreecdd.com,mpawelczyk@bclmr.com,(954) 764-7150,purpose=Community Development; independent; lga=Brevard County
sd-baywinds-community-development-district,Baywinds Community Development District,special_district,Miami-Dade,https://www.baywindscdd.com,mpawelczyk@bclmr.com,(954) 764-7150,purpose=Community Development; independent; lga=Miami-Dade County
sd-beach-community-development-district,Beach Community Development District,special_district,Duval,https://beachcdd.com,wesley.haber@kutakrock.com,(850) 692-7300,purpose=Community Development; independent; lga=City of Jacksonville
sd-beach-mosquito-control-district,Beach Mosquito Control District,special_district,Bay,https://pcbeachmosquito.org,james@pcbeachmosquito.com,(850) 233-5030,purpose=Mosquito Control; independent; lga=Bay County
sd-beach-road-golf-estates-community-development-district,Beach Road Golf Estates Community Development District,special_district,Lee,https://www.beachroadgolfestatescdd.net,wrathellc@whhassociates.com,(561) 571-0010,purpose=Community Development; independent; lga=City of Bonita Springs
sd-beacon-lakes-community-development-district,Beacon Lakes Community Development District,special_district,Miami-Dade,https://Beaconlakescdd.org,mpawelczyk@bclmr.com,(954) 764-7150,purpose=Community Development; independent; lga=Miami-Dade County
sd-beacon-meadows-special-dependent-tax-district,Beacon Meadows Special Dependent Tax District,special_district,Hillsborough,https://www.beaconmeadows.org,registeredagent@beaconmeadows.org,(813) 563-2811,purpose=Neighborhood Enhancement; dependent; lga=Hillsborough County
sd-beacon-tradeport-community-development-district,Beacon Tradeport Community Development District,special_district,Miami-Dade,https://www.beacontradeportcdd.com,mpawelczyk@bclmr.com,(954) 764-7150,purpose=Community Development; independent; lga=Miami-Dade County
sd-beaumont-community-development-district,Beaumont Community Development District,special_district,Sumter,https://www.beaumontcdd.net,wrathellc@whhassociates.com,(561) 571-0010,purpose=Community Development; independent; lga=City of Wildwood
sd-beeline-community-development-district,Beeline Community Development District,special_district,Palm Beach,https://www.beelinecdd.org,mpawelczyk@bclmr.com,(954) 764-7150,purpose=Community Development; independent; lga=Palm Beach County
sd-bella-collina-community-development-district,Bella Collina Community Development District,special_district,Lake,https://www.bellacollinacdd.com,jcarpenter@lathamluna.com,(407) 481-5800,purpose=Community Development; independent; lga=Lake County
sd-bella-tara-community-development-district,Bella Tara Community Development District,special_district,Osceola,https://BellaTaraCDD.com,gflint@gmscfl.com,(407) 841-5524,purpose=Community Development; independent; lga=Osceola County
sd-bella-vida-community-development-district,Bella Vida Community Development District,special_district,Lee,https://bellavidacdd.org,brizzetta@rizzetta.com,(813) 514-0400,purpose=Community Development; independent; lga=City of Cape Coral
sd-bellagio-community-development-district,Bellagio Community Development District,special_district,Miami-Dade,https://www.bellagiocdd.com,mpawelczyk@bclmr.com,(954) 764-7150,purpose=Community Development; independent; lga=City of Hialeah
sd-bellalago-educational-facilities-benefit-district,Bellalago Educational Facilities Benefit District,special_district,Osceola,https://www.osceolaschools.net/page/1179,brenda.riveraosorio@osceolaschools.net,(407) 870-4924,purpose=Educational Facilities Benefit; dependent; lga=Osceola County
sd-bellaviva-at-westside-community-development-district,Bellaviva at Westside Community Development District,special_district,Osceola,https://bellavivacdd.net,wrathellc@whhassociates.com,(561) 571-0010,purpose=Community Development; independent; lga=Osceola County
sd-bellaviva-at-whispering-hills-community-development-district,Bellaviva at Whispering Hills Community Development District,special_district,Lake,https://bellavivaatwhisperinghillscdd.net,wrathellc@whhassociates.com,(561) 571-0010,purpose=Community Development; independent; lga=City of Leesburg
sd-bellaviva-community-development-district,Bellaviva Community Development District,special_district,Polk,https://www.bellavivacdd.com,jburns@gmscfl.com,(407) 841-5524,purpose=Community Development; independent; lga=City of Haines City
sd-bellehaven-community-development-district,Bellehaven Community Development District,special_district,Marion,http://Duebytheendofthefirstfullfiscalyearaftercreation.,wrathellc@whhassociates.com,(561) 571-0010,purpose=Community Development; independent; lga=City of Belleview
sd-belmond-reserve-community-development-district,Belmond Reserve Community Development District,special_district,Hillsborough,https://belmondreservecdd.com,brian.lamb@inframark.com,(813) 873-7300,purpose=Community Development; independent; lga=Hillsborough County
sd-belmont-community-development-district,Belmont Community Development District,special_district,Hillsborough,https://www.belmontcdd.com,lindsay.whelan@kutakrock.com,(850) 692-7300,purpose=Community Development; independent; lga=Hillsborough County
sd-belmont-lakes-community-development-district,Belmont Lakes Community Development District,special_district,Broward,https://www.Belmontlakescdd.org,wardj@pfm.com,(407) 723-5900,purpose=Community Development; independent; lga=Town of Davie
sd-bent-creek-community-development-district,Bent Creek Community Development District,special_district,St. Lucie,https://BentCreekCDD.com,mpawelczyk@bclmr.com,(954) 764-7150,purpose=Community Development; independent; lga=City of Fort Pierce
sd-benton-hills-community-development-district,Benton Hills Community Development District,special_district,Hernando,https://bentonhillscdd.net,wrathellc@whhassociates.com,(561) 571-0010,purpose=Community Development; independent; lga=Hernando County
sd-bermont-drainage-district,Bermont Drainage District,special_district,Charlotte,https://BermontDD.org,bermontdd@gmail.com,(941) 661-2461,purpose=Drainage and/or Water Control; independent; lga=Charlotte County
sd-berry-bay-community-development-district,Berry Bay Community Development District,special_district,Hillsborough,https://berrybaycdd.com,brian.lamb@inframark.com,(813) 873-7300,purpose=Community Development; independent; lga=Hillsborough County
sd-berry-bay-ii-community-development-district,Berry Bay II Community Development District,special_district,Hillsborough,https://BerryBay2CDD.com,brian.lamb@inframark.com,(813) 873-7300,purpose=Community Development; independent; lga=Hillsborough County
sd-berry-bay-iii-community-development-district,Berry Bay III Community Development District,special_district,Hillsborough,http://Duebytheendofthefirstfullfiscalyearaftercreation.,brian.lamb@inframark.com,(813) 873-7300,purpose=Community Development; independent; lga=Hillsborough County
sd-bexley-community-development-district,Bexley Community Development District,special_district,Pasco,https://bexleycdd.org,brizzetta@rizzetta.com,(813) 514-0400,purpose=Community Development; independent; lga=Pasco County
sd-big-bend-water-authority,Big Bend Water Authority,special_district,"Dixie, Taylor",https://bigbendwaterauthority.com,bbwa@bellsouth.net,(352) 498-3576,purpose=Water and/or Wastewater Systems; independent; lga=Dixie and Taylor Counties
sd-big-cypress-stewardship-district,Big Cypress Stewardship District,special_district,Collier,https://www.bigcypressstewardship.com,mullinsl@pfm.com,(407) 723-5900,"purpose=Drainage and/or Water Control, Infrastructure Development; independent; lga=Collier County"
sd-biscayne-drive-estates-community-development-district,Biscayne Drive Estates Community Development District,special_district,Miami-Dade,https://BiscayneDriveEstatesCDD.com,mpawelczyk@bclmr.com,(954) 764-7150,purpose=Community Development; independent; lga=Miami-Dade County
sd-black-creek-community-development-district,Black Creek Community Development District,special_district,Miami-Dade,https://www.blackcreekcdd.org,mpawelczyk@bclmr.com,(954) 764-7150,purpose=Community Development; independent; lga=Miami-Dade County
sd-blackburn-creek-community-development-district,Blackburn Creek Community Development District,special_district,Sarasota,https://blackburncreekcdd.com,lanea@pfm.com,(407) 723-5900,purpose=Community Development; independent; lga=Sarasota County
sd-blackman-fire-district,Blackman Fire District,special_district,Okaloosa,https://www.blackmanfiredistrict.com,jimlawson.bfdc@gmail.com,(850) 537-3473,purpose=Fire Control and Rescue; independent; lga=Okaloosa County
sd-blackwater-soil-and-water-conservation-district,Blackwater Soil and Water Conservation District,special_district,Santa Rosa,https://www.santarosa.fl.gov/blackwaterswcd,levib@santarosa.fl.gov,(850) 675-6696,purpose=Soil and Water Conservation; dependent; lga=Santa Rosa County
sd-blackwell-community-development-district,Blackwell Community Development District,special_district,Pasco,http://Duebytheendofthefirstfullfiscalyearaftercreation.,wrathellc@whhassociates.com,(561) 571-0010,purpose=Community Development; independent; lga=Pasco County
sd-bloomingdale-oaks-special-dependent-tax-district,Bloomingdale Oaks Special Dependent Tax District,special_district,Hillsborough,https://BloomingdaleOaks.mydistrictwebsite.com,wgrace9521@aol.com,(813) 685-2817,purpose=Neighborhood Enhancement; dependent; lga=Hillsborough County
sd-bloomingdale-special-taxing-district,Bloomingdale Special Taxing District,special_district,Hillsborough,https://Bloomingdale.mydistrictwebsite.com,bstd@verizon.net,(813) 684-6667,purpose=Neighborhood Enhancement; dependent; lga=Hillsborough County
sd-blue-lake-community-development-district,Blue Lake Community Development District,special_district,Lee,http://Duebytheendofthefirstfullfiscalyearaftercreation.,twodraska@sdsinc.org,(561) 630-4922,purpose=Community Development; independent; lga=Lee County
sd-blueprint-intergovernmental-agency,Blueprint Intergovernmental Agency,special_district,Leon,https://www.blueprintia.org,artie.white@tlcplace.org,(850) 219-1060,purpose=Capital Improvements; independent; lga=City of Tallahassee and Leon County
sd-bluewaters-community-development-district,Bluewaters Community Development District,special_district,Miami-Dade,https://www.bluewaterscdd.org,mpawelczyk@bclmr.com,(954) 764-7150,purpose=Community Development; independent; lga=Miami-Dade County
sd-bobcat-trail-community-development-district,Bobcat Trail Community Development District,special_district,Sarasota,https://Bobcatcdd.com,djackson@flgovlaw.com,(941) 306-4730,purpose=Community Development; independent; lga=City of North Port
sd-boca-grande-fire-control-district,Boca Grande Fire Control District,special_district,"Charlotte, Lee",https://www.bocagrandefire.com,bocafire302@comcast.net,(941) 964-2908,purpose=Fire Control and Rescue; independent; lga=Multi
sd-boca-raton-airport-authority,Boca Raton Airport Authority,special_district,Palm Beach,https://www.bocaairport.com,clara@bocaairport.com,(561) 391-2202,purpose=Airports / Air Navigation Facilities; independent; lga=City of Boca Raton
sd-boca-raton-community-redevelopment-agency,Boca Raton Community Redevelopment Agency,special_district,Palm Beach,https://myboca.us/cra,rriley@myboca.us,(561) 367-7070,purpose=Community Redevelopment; dependent; lga=City of Boca Raton
sd-boca-raton-housing-authority,Boca Raton Housing Authority,special_district,Palm Beach,https://www.bocahousing.org,brha@bocahousing.org,(561) 206-6200,purpose=Housing Authority; dependent; lga=City of Boca Raton
sd-boggy-branch-community-development-district,Boggy Branch Community Development District,special_district,Duval,https://boggybranchcdd.net,carvalhov@pfm.com,(407) 723-5900,purpose=Community Development; independent; lga=City of Jacksonville
sd-boggy-creek-improvement-district,Boggy Creek Improvement District,special_district,Orange,https://www.boggycreekid.org,lanea@pfm.com,(407) 723-5900,purpose=Community Development; independent; lga=City of Orlando
sd-bolles-drainage-district,Bolles Drainage District,special_district,Hendry,https://floridawatercontroldistricts.org/Bolles.htm,dbr_districts@yahoo.com,(863) 228-0400,purpose=Drainage and/or Water Control; independent; lga=Hendry County
sd-bonaventure-development-district,Bonaventure Development District,special_district,Broward,https://www.bonaventurefl.org,pbates@westonfl.org,(954) 385-2000,purpose=Infrastructure Development; dependent; lga=City of Weston
sd-bonita-landing-community-development-district,Bonita Landing Community Development District,special_district,Lee,https://bonitalandingcdd.net,gshir@shirlawgroup.com,(561) 999-5999,purpose=Community Development; independent; lga=City of Bonita Springs
sd-bonita-springs-fire-control-and-rescue-district,Bonita Springs Fire Control and Rescue District,special_district,Lee,https://www.Bonitafire.org,dewitt@bonitafire.org,(239) 949-6200,purpose=Fire Control and Rescue; independent; lga=Lee County and City of Bonita Springs
sd-bonita-village-community-development-district,Bonita Village Community Development District,special_district,Lee,https://www.bonitavillagecdd.com,wcapko@llw-law.com,(561) 640-0820,purpose=Community Development; independent; lga=City of Bonita Springs
sd-bonnet-creek-resort-community-development-district,Bonnet Creek Resort Community Development District,special_district,Orange,https://www.bonnetcreekresortcdd.com,gflint@gmscfl.com,(407) 841-5524,purpose=Community Development; independent; lga=Orange County
sd-bonterra-community-development-district,Bonterra Community Development District,special_district,Miami-Dade,https://www.bonterracdd.com,mpawelczyk@billingcochran.com,(954) 764-7150,purpose=Community Development; independent; lga=City of Hialeah
sd-botaniko-community-development-district,Botaniko Community Development District,special_district,Broward,https://BotanikoCDD.com,mpawelczyk@bclmr.com,(954) 764-7150,purpose=Community Development; independent; lga=City of Weston
sd-boyette-park-community-development-district,Boyette Park Community Development District,special_district,Hillsborough,https://www.boyetteparkcdd.net,lindsay.whelan@kutakrock.com,(850) 692-7300,purpose=Community Development; independent; lga=Hillsborough County
sd-boyette-springs-special-dependent-district,Boyette Springs Special Dependent District,special_district,Hillsborough,https://www.boyettespringssdd.com,ekirk002@tampabay.rr.com,(813) 671-0371,purpose=Neighborhood Enhancement; dependent; lga=Hillsborough County
sd-boynton-beach-community-redevelopment-agency,Boynton Beach Community Redevelopment Agency,special_district,Palm Beach,https://www.BoyntonBeachCRA.com,hillv@bbfl.us,(561) 600-9091,purpose=Community Redevelopment; dependent; lga=City of Boynton Beach
sd-boynton-village-community-development-district,Boynton Village Community Development District,special_district,Palm Beach,https://www.boyntonvillagecdd.net,mpawelczyk@bclmr.com,(954) 764-7150,purpose=Community Development; independent; lga=City of Boynton Beach
sd-bradbury-community-development-district,Bradbury Community Development District,special_district,Polk,https://www.bradburycdd.com,jburns@gmscfl.com,(407) 841-5524,purpose=Community Development; independent; lga=City of Haines City
sd-braddock-lakes-community-development-district,Braddock Lakes Community Development District,special_district,Duval,http://Duebytheendofthefirstfullfiscalyearaftercreation.,wrathellc@whhassociates.com,(561) 571-0010,purpose=Community Development; independent; lga=City of Jacksonville
sd-bradenton-beach-community-redevelopment-agency,Bradenton Beach Community Redevelopment Agency,special_district,Manatee,https://www.cityofbradentonbeach.com,mayor@cityofbradentonbeach.com,(941) 778-1005,purpose=Community Redevelopment; dependent; lga=City of Bradenton Beach
sd-bradenton-community-redevelopment-agency,Bradenton Community Redevelopment Agency,special_district,Manatee,https://cityofbradenton.com/cras,karen.kyser@bradentonfl.gov,(941) 932-9440,purpose=Community Redevelopment; dependent; lga=City of Bradenton
sd-brandon-hills-special-dependent-district,Brandon Hills Special Dependent District,special_district,Hillsborough,https://BrandonHills.mydistrictwebsite.com,zcope612@gmail.com,(813) 597-9556,purpose=Neighborhood Enhancement; dependent; lga=Hillsborough County
sd-brandy-creek-community-development-district,Brandy Creek Community Development District,special_district,St. Johns,https://www.BrandyCreekCDD.com,michael.eckert@kutakrock.com,(850) 692-7300,purpose=Community Development; independent; lga=St. Johns County
sd-brevard-county-educational-facilities-authority,Brevard County Educational Facilities Authority,special_district,Brevard,https://www.FIT.edu,kwilliams@fit.edu,(321) 674-8837,purpose=Higher Educational Facilities Financing; dependent; lga=Brevard County
sd-brevard-county-free-public-library-district,Brevard County Free Public Library District,special_district,Brevard,https://www.brev.lib.fl.us,wbost@brev.org,(321) 633-1801,purpose=Library - Local; dependent; lga=Brevard County
sd-brevard-county-health-facilities-authority,Brevard County Health Facilities Authority,special_district,Brevard,https://www.brevardcounty.us,angela@angelaabbott.com,(321) 264-0334,purpose=Health Facilities; dependent; lga=Brevard County
sd-brevard-county-housing-finance-authority,Brevard County Housing Finance Authority,special_district,Brevard,https://www.brevardhfa.org/special-district-information,angela@angelaabbott.com,(321) 264-0334,purpose=Housing Finance; dependent; lga=Brevard County
sd-brevard-county-special-recreation-district-iv,Brevard County Special Recreation District IV,special_district,Brevard,https://www.brevardfl.gov/specialdistricts/recreationdistrictiv,ian.golden@brevardfl.gov,(321) 633-2001,purpose=Recreational Facilities / Programs; dependent; lga=Brevard County
sd-brevard-mosquito-control-district,Brevard Mosquito Control District,special_district,Brevard,https://www.brevardfl.gov/mosquitocontrol,robert.maginnis@brevardfl.gov,(321) 264-5032,purpose=Mosquito Control; dependent; lga=Brevard County
sd-brevard-soil-and-water-conservation-district,Brevard Soil and Water Conservation District,special_district,Brevard,https://brevardsoilandwater.org,c.mcmasterswcb@gmail.com,(321) 349-2328,purpose=Soil and Water Conservation; independent; lga=Brevard County
sd-bridgewalk-community-development-district,Bridgewalk Community Development District,special_district,Osceola,https://www.bridgewalkcdd.com,jcarpenter@lathamluna.com,(407) 481-5800,purpose=Community Development; independent; lga=Osceola County
sd-bridgewater-community-development-district,Bridgewater Community Development District,special_district,Polk,https://bridgewatercdd.org,jgreenwood@gms-tampa.com,,purpose=Community Development; independent; lga=City of Lakeland
sd-bridgewater-north-community-development-district,Bridgewater North Community Development District,special_district,St. Johns,https://BridgeWaterNorthCDD.org,brizzetta@rizzetta.com,(813) 514-0400,purpose=Community Development; independent; lga=St. Johns County
sd-bridgewater-of-wesley-chapel-community-development-district,Bridgewater of Wesley Chapel Community Development District,special_district,Pasco,https://www.bridgewaterofwesleychapelcdd.org,michael.eckert@kutakrock.com,(850) 692-7300,purpose=Community Development; independent; lga=Pasco County
sd-bridle-creek-community-development-district,Bridle Creek Community Development District,special_district,Duval,http://Duebytheendofthefirstfullfiscalyearaftercreation.,brizzetta@rizzetta.com,(813) 514-0400,purpose=Community Development; independent; lga=City of Jacksonville
sd-bridlewood-of-arcadia-community-development-district,Bridlewood of Arcadia Community Development District,special_district,DeSoto,http://Duebytheendofthefirstfullfiscalyearaftercreation.,gurbancic@cyklawfirm.com,(239) 435-3535,purpose=Community Development; independent; lga=DeSoto County
sd-briger-community-development-district,Briger Community Development District,special_district,Palm Beach,https://Brigercdd.com,mpawelczyk@bclmr.com,(954) 764-7150,purpose=Community Development; independent; lga=City of West Palm Beach
sd-brighton-lakes-community-development-district,Brighton Lakes Community Development District,special_district,Osceola,https://brightonlakescdd.org,ryan.dugan@kutakrock.com,(850) 692-7300,purpose=Community Development; independent; lga=Osceola County
sd-brightshore-community-development-district,Brightshore Community Development District,special_district,Collier,https://www.brightshorecdd.com,alyssa.willson@kutakrock.com,(850) 692-7300,purpose=Community Development; independent; lga=Collier County
sd-brightwater-community-development-district,Brightwater Community Development District,special_district,Lee,https://www.brightwatercdd.org,jvericker@srvlegal.com,(813) 223-9400,purpose=Community Development; independent; lga=Lee County
sd-brooks-of-bonita-springs-community-development-district,Brooks of Bonita Springs Community Development District,special_district,Lee,https://www.brookscdds.net,wrathellc@whhassociates.com,(561) 571-0010,purpose=Community Development; independent; lga=Lee County
sd-brooks-of-bonita-springs-ii-community-development-district,Brooks of Bonita Springs II Community Development District,special_district,Lee,https://www.brookscdds.net,wrathellc@whhassociates.com,(561) 571-0010,purpose=Community Development; independent; lga=Lee County
sd-brookstone-community-development-district,Brookstone Community Development District,special_district,Manatee,https://brookstonecdd.com,wrathellc@whhassociates.com,(561) 571-0010,purpose=Community Development; independent; lga=Manatee County
sd-brooksville-housing-authority,Brooksville Housing Authority,special_district,Hernando,https://www.ci.brooksville.fl.us/index.php?option=com_content&view=article&id=101&Itemid=72,tbeverly@hernandocounty.us,,purpose=Housing Authority; dependent; lga=City of Brooksville
sd-broward-county-educational-facilities-authority,Broward County Educational Facilities Authority,special_district,Broward,https://www.broward.org/Intergovernmental/Pages/EducationalFacilitiesAuthority.aspx,gwj@511law.com,(954) 882-8570,purpose=Higher Educational Facilities Financing; dependent; lga=Broward County
sd-broward-county-housing-authority,Broward County Housing Authority,special_district,Broward,https://www.bchafl.org,pjoyce@bchafl.org,(954) 739-1114,purpose=Housing Authority; independent; lga=Broward County
sd-broward-county-housing-finance-authority,Broward County Housing Finance Authority,special_district,Broward,https://www.broward.org/hfa,lwight@broward.org,(954) 357-4900,purpose=Housing Finance; dependent; lga=Broward County
sd-broward-county-water-control-district-2,Broward County Water Control District 2,special_district,Broward,https://www.broward.org/WaterServices/WaterManagement/Pages/WCD-2.aspx,vmelendez@broward.org,(954) 831-0764,purpose=Drainage and/or Water Control; dependent; lga=Broward County
sd-broward-county-water-control-district-3,Broward County Water Control District 3,special_district,Broward,https://www.broward.org/WaterServices/WaterManagement/Pages/WCD-3.aspx,vmelendez@broward.org,(954) 831-0764,purpose=Drainage and/or Water Control; dependent; lga=Broward County
sd-broward-county-water-control-district-4,Broward County Water Control District 4,special_district,Broward,https://www.broward.org/WaterServices/WaterManagement/Pages/WCD-4.aspx,vmelendez@broward.org,(954) 831-0764,purpose=Drainage and/or Water Control; dependent; lga=Broward County
sd-broward-soil-and-water-conservation-district,Broward Soil and Water Conservation District,special_district,Broward,http://Duebytheendofthefirstfullfiscalyearaftercreation.,fsegal@juno.com,(954) 849-0745,purpose=Soil and Water Conservation; independent; lga=Broward County
sd-broward-solid-waste-disposal-district,Broward Solid Waste Disposal District,special_district,Broward,https://wastedistrict.broward.org,naustin@broward.org,(954) 474-1880,purpose=Solid Waste Disposal; dependent; lga=Broward County
sd-brownwood-community-development-district,Brownwood Community Development District,special_district,Sumter,https://districtgov.org/yourdistrict/front.aspx?district=bw,kenneth.blocker@districtgov.org,(352) 751-3939,purpose=Community Development; independent; lga=City of Wildwood
sd-buckeye-park-community-development-district,Buckeye Park Community Development District,special_district,Manatee,https://buckeyeparkcdd.org,wardj@pfm.com,(407) 723-5900,purpose=Community Development; independent; lga=Manatee County
sd-buckhead-ridge-mosquito-control-district,Buckhead Ridge Mosquito Control District,special_district,Glades,https://buckheadmcd.org,buckheadmcd@gmail.com,(863) 763-7840,purpose=Mosquito Control; independent; lga=Glades County
sd-buckhead-trails-community-development-district,Buckhead Trails Community Development District,special_district,Manatee,https://www.buckheadtrailscdd.org,brian.lamb@inframark.com,(941) 306-4730,purpose=Community Development; independent; lga=Manatee County
sd-buckhead-trails-ii-community-development-district,Buckhead Trails II Community Development District,special_district,Manatee,https://BuckheadTrails2CDD.com,brian.lamb@inframark.com,(813) 873-7300,purpose=Community Development; independent; lga=Manatee County
sd-buckhorn-estates-special-dependent-district,Buckhorn Estates Special Dependent District,special_district,Hillsborough,https://BuckhornEstates.mydistrictwebsite.com,refarrell2441@gmail.com,(734) 891-2054,purpose=Neighborhood Enhancement; dependent; lga=Hillsborough County
sd-buckhorn-oaks-special-dependent-district,Buckhorn Oaks Special Dependent District,special_district,Hillsborough,https://BuckhornOaks.com,rmwalsh1957@gmail.com,(813) 390-5146,purpose=Neighborhood Enhancement; dependent; lga=Hillsborough County
sd-buena-lago-community-development-district,Buena Lago Community Development District,special_district,Osceola,https://buenalagocdd.net,wrathellc@whhassociates.com,(561) 571-0010,purpose=Community Development; independent; lga=Osceola County
sd-bullfrog-creek-community-development-district,Bullfrog Creek Community Development District,special_district,Hillsborough,https://bullfrogcreekcdd.com,brian.lamb@inframark.com,(813) 397-5121,purpose=Community Development; independent; lga=Hillsborough County
sd-bunnell-community-redevelopment-agency,Bunnell Community Redevelopment Agency,special_district,Flagler,https://www.bunnellcity.us,jparsons@bunnellcity.us,(386) 283-1076,purpose=Community Redevelopment; dependent; lga=City of Bunnell
sd-burnt-store-isles-canal-maintenance-assessment-district,Burnt Store Isles Canal Maintenance Assessment District,special_district,Charlotte,https://www.ci.punta-gorda.fl.us,citymgr@ci.punta-gorda.fl.us,(941) 575-3302,purpose=Inland Navigation and Waterways; dependent; lga=City of Punta Gorda
sd-cabot-citrus-farms-community-development-district,Cabot Citrus Farms Community Development District,special_district,Hernando,https://CabotCitrusFarmsCDD.com,michael.eckert@kutakrock.com,(850) 567-0558,purpose=Community Development; independent; lga=Hernando County
sd-caldera-community-development-district,Caldera Community Development District,special_district,Hernando,https://calderacdd.net,wrathellc@whhassociates.com,(561) 571-0010,purpose=Community Development; independent; lga=Hernando County
sd-callaway-community-redevelopment-agency,Callaway Community Redevelopment Agency,special_district,Bay,https://www.cityofcallaway.com/index.aspx?NID=147,mayor@cityofcallaway.com,(850) 871-6000,purpose=Community Redevelopment; dependent; lga=City of Callaway
sd-campo-bello-community-development-district,Campo Bello Community Development District,special_district,Miami-Dade,https://CampoBelloCDD.com,mpawelczyk@bclmr.com,(954) 764-7150,purpose=Community Development; independent; lga=Miami-Dade County
sd-canaveral-port-district,Canaveral Port District,special_district,Brevard,https://www.portcanaveral.com,jlong@portcanaveral.com,(321) 394-3239,purpose=Port Facilities; independent; lga=Brevard County
sd-candler-hills-east-community-development-district,Candler Hills East Community Development District,special_district,Marion,https://www.candlerhillseastcdd.com,gflint@gmscfl.com,(407) 841-5524,purpose=Community Development; independent; lga=Marion County
sd-canoe-creek-reserve-community-development-district,Canoe Creek Reserve Community Development District,special_district,Osceola,https://www.canoecreekreservecdd.net,wrathellc@whhassociates.com,(561) 571-0010,purpose=Community Development; independent; lga=Osceola County
sd-canopy-community-development-district,Canopy Community Development District,special_district,Leon,https://www.canopycdd.com,cdenagy@gmsnf.com,,purpose=Community Development; independent; lga=City of Tallahassee
sd-canopy-south-community-development-district,Canopy South Community Development District,special_district,Hernando,http://Duebytheendofthefirstfullfiscalyearaftercreation.,brian.lamb@inframark.com,(813) 873-7300,purpose=Community Development; independent; lga=Hernando County
sd-canterwood-acres-community-development-district,Canterwood Acres Community Development District,special_district,Marion,https://canterwoodacrescdd.com,brian.lamb@inframark.com,(813) 873-7300,purpose=Community Development; independent; lga=Marion County
sd-cape-canaveral-community-redevelopment-agency,Cape Canaveral Community Redevelopment Agency,special_district,Brevard,https://www.capecanaveral.gov/commerce/community_redevelopment_agency/cra.php,k.touchberry@capecanaveral.gov,(321) 868-1205,purpose=Community Redevelopment; dependent; lga=City of Cape Canaveral
sd-cape-canaveral-free-public-library,Cape Canaveral Free Public Library,special_district,Brevard,https://www.brevardfl.gov/PublicLibraries/Branches/CapeCanaveralLibrary,k.touchberry@capecanaveral.gov,(321) 868-1205,purpose=Library - Local; dependent; lga=City of Cape Canaveral
sd-cape-canaveral-hospital-district,Cape Canaveral Hospital District,special_district,Brevard,https://www.HF.org/hospitals_services/cch/cchdistrict.cfm,nicholas.romanello@hf.org,(321) 639-1320,purpose=Hospital; independent; lga=Brevard County
sd-cape-coral-community-redevelopment-agency,Cape Coral Community Redevelopment Agency,special_district,Lee,https://www.capecoral.gov/government/city_government/community_redevelopment_agency/index.php,milczysz@capecoral.gov,(239) 242-3737,purpose=Community Redevelopment; dependent; lga=City of Cape Coral
sd-cape-coral-town-center-community-development-district,Cape Coral Town Center Community Development District,special_district,Lee,https://cc-cdd.com,jonathan.johnson@kutakrock.com,(850) 692-7300,purpose=Community Development; independent; lga=City of Cape Coral
sd-capital-region-community-development-district,Capital Region Community Development District,special_district,Leon,https://www.mysouthwoodcdd.com,sarah.sandy@kutakrock.com,(850) 692-7300,purpose=Community Development; independent; lga=Leon County
sd-capron-trail-community-development-district,Capron Trail Community Development District,special_district,St. Lucie,https://www.caprontrailcdd.org,glen@torcivialaw.com,(561) 686-8700,purpose=Community Development; independent; lga=St. Lucie County
sd-captain-s-key-dependent-district,Captain's Key Dependent District,special_district,Palm Beach,https://www.captainskeydd.org,jpierman@sdsinc.org,(561) 630-4922,purpose=Neighborhood Enhancement; dependent; lga=Palm Beach County
sd-captiva-erosion-prevention-district,Captiva Erosion Prevention District,special_district,Lee,https://www.mycepd.com,accounting@mycepd.com,(239) 472-2472,purpose=Beach and Shore Preservation; independent; lga=Lee County
sd-captiva-island-fire-control-district,Captiva Island Fire Control District,special_district,Lee,https://www.captivafire.com,jpawul@captivafire.com,(239) 472-9494,purpose=Fire Control and Rescue; independent; lga=Lee County
sd-caribe-palm-community-development-district,Caribe Palm Community Development District,special_district,Miami-Dade,https://www.caribepalmcdd.org,twodraska@sdsinc.org,(561) 630-4922,purpose=Community Development; independent; lga=Miami-Dade County
sd-carlton-lakes-community-development-district,Carlton Lakes Community Development District,special_district,Hillsborough,https://carltonlakescdd.org,brian.lamb@inframark.com,(813) 873-7300,purpose=Community Development; independent; lga=Hillsborough County
sd-caroline-street-corridor-and-bahama-village-community-redevelopment-agency,Caroline Street Corridor and Bahama Village Community Redevelopment Agency,special_district,Monroe,https://cityofkeywest-fl.gov/649/Community-Redevelopment-Agency-CRA,brian.barroso@cityofkeywest-fl.gov,(305) 809-3811,purpose=Community Redevelopment; dependent; lga=City of Key West
sd-carrabelle-community-redevelopment-agency,Carrabelle Community Redevelopment Agency,special_district,Franklin,https://www.mycarrabellecra.com,administrator@mycarrabelle.com,(850) 697-2727,purpose=Community Redevelopment; dependent; lga=City of Carrabelle
sd-carrabelle-hospital-tax-district,Carrabelle Hospital Tax District,special_district,Franklin,http://Duebytheendofthefirstfullfiscalyearaftercreation.,administrator@mycarrabelle.com,(850) 697-2727,purpose=Hospital; dependent; lga=City of Carrabelle
sd-carrollwood-meadows-special-dependent-district,Carrollwood Meadows Special Dependent District,special_district,Hillsborough,https://carrollwoodmeadowsspecialdistrict.com,dfreder96@msn.com,(813) 610-2813,purpose=Neighborhood Enhancement; dependent; lga=Hillsborough County
sd-carrollwood-north-special-dependent-tax-district,Carrollwood North Special Dependent Tax District,special_district,Hillsborough,https://CarrollwoodNorth.mydistrictwebsite.com,theiversengroup@gmail.com,(813) 967-2781,purpose=Neighborhood Enhancement; dependent; lga=Hillsborough County
sd-carrollwood-recreation-district,Carrollwood Recreation District,special_district,Hillsborough,https://www.OriginalCarrollwoodCRD.com,marksnellgrove@originalcarrollwoodcrd.com,(813) 932-1257,purpose=Recreational Facilities / Programs; independent; lga=Hillsborough County
sd-carrollwood-south-special-dependent-tax-district,Carrollwood South Special Dependent Tax District,special_district,Hillsborough,https://www.carrollwoodsouth.com,le0725@aol.com,(813) 766-9521,purpose=Neighborhood Enhancement; dependent; lga=Hillsborough County
sd-carver-heights-montclair-community-redevelopment-agency,Carver Heights / Montclair Community Redevelopment Agency,special_district,Lake,https://leesburgflorida.gov/my_city/departments/housing/cra.php,citymanager@leesburgflorida.gov,(352) 728-9704,purpose=Community Redevelopment; dependent; lga=City of Leesburg
sd-cascades-at-groveland-community-development-district,Cascades At Groveland Community Development District,special_district,Lake,https://cascadesatgrovelandcdd.org,jennifer@cddlawyers.com,(850) 508-2335,purpose=Community Development; independent; lga=City of Groveland
sd-catalina-at-winkler-preserve-community-development-district,Catalina At Winkler Preserve Community Development District,special_district,Lee,https://catalinacdd.org,brizzetta@rizzetta.com,(813) 514-0400,purpose=Community Development; independent; lga=Lee County
sd-cayman-lakes-community-development-district,Cayman Lakes Community Development District,special_district,DeSoto,https://www.caymanlakescdd.net,wrathellc@whhassociates.com,(561) 571-0010,purpose=Community Development; independent; lga=DeSoto County
sd-caymas-community-development-district,Caymas Community Development District,special_district,Collier,https://caymascdd.net,wrathellc@whhassociates.com,(561) 571-0010,purpose=Community Development; independent; lga=Collier County
sd-cedar-crossings-community-development-district,Cedar Crossings Community Development District,special_district,Polk,https://www.cedarcrossingscdd.net,wrathellc@whhassociates.com,(561) 571-0010,purpose=Community Development; independent; lga=City of Haines City
sd-cedar-hammock-community-development-district,Cedar Hammock Community Development District,special_district,Collier,https://cedarhammockcdd.com,dhcox@gtcom.net,(239) 370-0842,purpose=Community Development; independent; lga=Collier County
sd-cedar-hammock-fire-control-district,Cedar Hammock Fire Control District,special_district,Manatee,https://www.chfr.org,jfalcone@chfr.org,(941) 751-7090,purpose=Fire Control and Rescue; independent; lga=Manatee County
sd-cedar-key-water-and-sewer-district,Cedar Key Water and Sewer District,special_district,Levy,https://ckwater.org,jrittenhouse@ckwater.org,(352) 543-5285,purpose=Water and/or Wastewater Systems; independent; lga=Levy County
sd-cedar-pointe-community-development-district,Cedar Pointe Community Development District,special_district,Duval,https://cedarpointecdd.com,katie.buchanan@kutakrock.com,(850) 692-7300,purpose=Community Development; independent; lga=City of Jacksonville
sd-celebration-community-development-district,Celebration Community Development District,special_district,Osceola,https://CelebrationCDD.org,jcarpenter@lathamluna.com,(407) 481-5800,purpose=Community Development; independent; lga=Osceola County
sd-celebration-pointe-community-development-district-no-1,Celebration Pointe Community Development District No. 1,special_district,Alachua,https://celebrationpointecdd1.com,mark.watts@cobbcole.com,(386) 736-7700,purpose=Community Development; independent; lga=Alachua County
sd-center-lake-ranch-west-community-development-district,Center Lake Ranch West Community Development District,special_district,Osceola,https://centerlakeranchwestcdd.net,wrathellc@whhassociates.com,(561) 571-0010,purpose=Community Development; independent; lga=City of St. Cloud
sd-central-broward-water-control-district,Central Broward Water Control District,special_district,Broward,https://centralbrowardwcd.org,districtmanager@centralbrowardwcd.org,(954) 432-5110,purpose=Drainage and/or Water Control; independent; lga=Broward County
sd-central-charlotte-county-drainage-district,Central Charlotte County Drainage District,special_district,Charlotte,https://www.cccdd.org,judy.uhland@gmail.com,(941) 264-9171,purpose=Drainage and/or Water Control; independent; lga=Charlotte County
sd-central-county-water-control-district,Central County Water Control District,special_district,Hendry,https://CentralCounty.mydistrictwebsite.com,manager@ccwcdfl.com,(863) 983-5797,purpose=Drainage and/or Water Control; independent; lga=Hendry County
sd-central-florida-expressway-authority,Central Florida Expressway Authority,special_district,"Brevard, Orange, Osceola, Lake, Seminole",https://www.cfxway.com,michelle.maikisch@cfxway.com,(407) 690-5000,purpose=Expressway and Bridge; independent; lga=Multi
sd-central-florida-regional-transportation-authority,Central Florida Regional Transportation Authority,special_district,"Orange, Osceola, Seminole",https://www.golynx.com,lantmann@golynx.com,(407) 254-6125,purpose=Regional Transportation; independent; lga=Multi
sd-central-florida-tourism-oversight-district,Central Florida Tourism Oversight District,special_district,"Orange, Osceola",https://www.oversightdistrict.org,skopelousos@oversightdistrict.org,(407) 934-7480,"purpose=Drainage and/or Water Control, Municipal-Type Services and Improvements; independent; lga=Multi"
sd-central-lake-community-development-district,Central Lake Community Development District,special_district,Lake,https://centrallakecdd.com,gflint@gmscfl.com,(407) 841-5524,purpose=Community Development; independent; lga=Lake County
sd-central-parc-community-development-district,Central Parc Community Development District,special_district,Sarasota,https://CentralParcCDD.org,michael.eckert@kutakrock.com,(850) 692-7300,purpose=Community Development; independent; lga=City of North Port
sd-centre-lake-community-development-district,Centre Lake Community Development District,special_district,Miami-Dade,https://www.centrelakecdd.com,mpawelczyk@bclmr.com,(954) 764-7150,purpose=Community Development; independent; lga=Miami-Dade County
sd-century-community-redevelopment-agency,Century Community Redevelopment Agency,special_district,Escambia,https://TownOfCenturyFlorida.com,cmoore@centuryflorida.us,(850) 256-3208,purpose=Community Redevelopment; dependent; lga=Town of Century
sd-century-gardens-at-tamiami-community-development-district,Century Gardens at Tamiami Community Development District,special_district,Miami-Dade,https://www.centurygardenstamiamicdd.org,mpawelczyk@bclmr.com,(954) 764-7150,purpose=Community Development; independent; lga=Miami-Dade County
sd-century-gardens-community-development-district,Century Gardens Community Development District,special_district,Miami-Dade,https://www.centurygardenscdd.org,mpawelczyk@bclmr.com,(954) 764-7150,purpose=Community Development; independent; lga=Miami-Dade County
sd-century-gardens-village-community-development-district,Century Gardens Village Community Development District,special_district,Miami-Dade,https://www.centurygardensvillagecdd.org,mpawelczyk@bclmr.com,(954) 764-7150,purpose=Community Development; independent; lga=Miami-Dade County
sd-century-parc-community-development-district,Century Parc Community Development District,special_district,Miami-Dade,https://www.centuryparccdd.org,mpawelczyk@bclmr.com,(954) 764-7150,purpose=Community Development; independent; lga=Miami-Dade County
sd-century-park-place-community-development-district,Century Park Place Community Development District,special_district,Miami-Dade,https://centuryparkplacecdd.org,mpawelczyk@bclmr.com,(954) 764-7150,purpose=Community Development; independent; lga=Miami-Dade County
sd-century-park-south-community-development-district,Century Park South Community Development District,special_district,Miami-Dade,https://www.centuryparksouthcdd.org,mpawelczyk@bclmr.com,(954) 764-7150,purpose=Community Development; independent; lga=Miami-Dade County
sd-century-park-square-community-development-district,Century Park Square Community Development District,special_district,Miami-Dade,https://centuryparksquarecdd.org,mpawelczyk@bclmr.com,(954) 764-7150,purpose=Community Development; independent; lga=City of Florida City
sd-cfm-community-development-district,CFM Community Development District,special_district,Lee,https://cfmcdd.org,brizzetta@rizzetta.com,(813) 514-0400,purpose=Community Development; independent; lga=Lee County
sd-champion-s-reserve-community-development-district,Champion's Reserve Community Development District,special_district,Polk,https://championsreservecdd.org,brian.lamb@inframark.com,(813) 397-5121,purpose=Community Development; independent; lga=Polk County
sd-championsgate-community-development-district,ChampionsGate Community Development District,special_district,Osceola,https://www.championsgatecdd.com,sclark@winterparklawyers.com,(407) 647-7600,purpose=Community Development; independent; lga=Osceola County
sd-channing-park-community-development-district,Channing Park Community Development District,special_district,Hillsborough,https://channingparkcdd.org,brizzetta@rizzetta.com,(813) 514-0400,purpose=Community Development; independent; lga=Hillsborough County
sd-chaparral-of-palm-bay-community-development-district,Chaparral of Palm Bay Community Development District,special_district,Brevard,https://www.chaparralcdd.org,jvericker@srvlegal.com,(813) 223-9400,purpose=Community Development; independent; lga=City of Palm Bay
sd-chapel-creek-community-development-district,Chapel Creek Community Development District,special_district,Pasco,https://chapelcreekcdd.org,jburns@gmscfl.com,(407) 841-5524,purpose=Community Development; independent; lga=Pasco County
sd-chapel-crossings-community-development-district,Chapel Crossings Community Development District,special_district,Pasco,https://ChapelCrossingsCDD.org,dlewis@flgovlaw.com,(941) 306-4730,purpose=Community Development; independent; lga=Pasco County
sd-charles-cove-community-development-district,Charles Cove Community Development District,special_district,Polk,https://charlescovecdd.com,mullinsl@pfm.com,(407) 723-5900,purpose=Community Development; independent; lga=City of Haines City
sd-charlotte-county-airport-authority,Charlotte County Airport Authority,special_district,Charlotte,https://flypgd.com,airport@flypgd.com,(941) 639-1101,purpose=Airports / Air Navigation Facilities; independent; lga=Charlotte County
sd-charlotte-county-industrial-development-authority,Charlotte County Industrial Development Authority,special_district,Charlotte,http://Duebytheendofthefirstfullfiscalyearaftercreation.,derek.rooney@gray-robinson.com,(239) 598-3601,purpose=Industrial Development; dependent; lga=Charlotte County
sd-charlotte-harbor-community-redevelopment-agency,Charlotte Harbor Community Redevelopment Agency,special_district,Charlotte,https://www.charlottecountyfl.gov/cra/charlotte-harbor,hector.flores@charlottecountyfl.gov,(941) 743-1944,purpose=Community Redevelopment; dependent; lga=Charlotte County
sd-cheval-west-community-development-district,Cheval West Community Development District,special_district,Hillsborough,https://chevalwest.com,acohen@flgovlaw.com,(941) 306-4730,purpose=Community Development; independent; lga=Hillsborough County
sd-children-s-board-of-hillsborough-county,Children's Board of Hillsborough County,special_district,Hillsborough,https://www.childrensboard.org,monasteriod@childrensboard.org,(813) 229-2884,purpose=Children's Services; independent; lga=Hillsborough County
sd-children-s-services-council-of-broward-county,Children's Services Council of Broward County,special_district,Broward,https://www.cscbroward.org,dkenton@cscbroward.org,(954) 761-8640,purpose=Children's Services; independent; lga=Broward County
sd-children-s-services-council-of-leon-county,Children's Services Council of Leon County,special_district,Leon,https://cscleon.org,cgreen@cscleon.org,(850) 764-2966,purpose=Children's Services; independent; lga=Leon County
sd-children-s-services-council-of-martin-county,Children's Services Council of Martin County,special_district,Martin,https://www.cscmc.org,cscmc@cscmc.org,(772) 288-5758,purpose=Children's Services; independent; lga=Martin County
sd-children-s-services-council-of-okeechobee-county,Children's Services Council of Okeechobee County,special_district,Okeechobee,https://cscofokeechobee.com,toni.wiersma@okeeschools.org,(863) 697-0489,purpose=Children's Services; independent; lga=Okeechobee County
sd-children-s-services-council-of-palm-beach-county,Children's Services Council of Palm Beach County,special_district,Palm Beach,https://www.cscpbc.org,lisa.williams-taylor@cscpbc.org,(561) 740-7000,purpose=Children's Services; independent; lga=Palm Beach County
sd-children-s-services-council-of-st-lucie-county,Children's Services Council of St. Lucie County,special_district,St. Lucie,https://www.cscslc.org,sboyle@cscslc.org,(772) 408-1100,purpose=Children's Services; independent; lga=St. Lucie County
sd-children-s-trust-of-alachua-county,Children's Trust of Alachua County,special_district,Alachua,https://www.childrenstrustofalachuacounty.us,mkiner@childrenstrustofalachuacounty.us,(352) 374-1830,purpose=Children's Services; independent; lga=Alachua County
sd-chipley-housing-authority,Chipley Housing Authority,special_district,Washington,https://www.chipleyhousingauthority.com,h_chiple@bellsouth.net,(850) 638-0134,purpose=Housing Authority; dependent; lga=City of Chipley
sd-chipley-redevelopment-agency,Chipley Redevelopment Agency,special_district,Washington,https://www.cityofchipley.com/234/Chipley-Redevelopment-Agency,director@washcomall.com,(850) 638-4157,purpose=Community Redevelopment; dependent; lga=City of Chipley
sd-chipola-river-soil-and-water-conservation-district,Chipola River Soil and Water Conservation District,special_district,"Calhoun, Liberty",https://www.chipolariversoilandwater.org,cathy.davis@fl.nacdnet.net,(850) 674-8271,purpose=Soil and Water Conservation; independent; lga=Multi
sd-choctawhatchee-river-soil-and-water-conservation-district,Choctawhatchee River Soil and Water Conservation District,special_district,Walton,https://choctawhatcheeriverswcd.org,mellody.hughes@fl.nacdnet.net,(850) 892-3712,purpose=Soil and Water Conservation; independent; lga=Walton County
sd-citrus-county-fire-protection-taxing-district,Citrus County Fire Protection Taxing District,special_district,Citrus,https://www.citruscountyfire.com,craig.stevens@citruscountyfire.com,(352) 341-7482,purpose=Fire Control and Rescue; dependent; lga=Citrus County
sd-citrus-county-hospital-board,Citrus County Hospital Board,special_district,Citrus,https://www.citruscountyhospitalboard.com,cchb@citruscountyhospitalboard.com,(352) 341-2250,purpose=Hospital - Lease Oversight; independent; lga=Citrus County
sd-citrus-county-mosquito-control-district,Citrus County Mosquito Control District,special_district,Citrus,https://www.citrusmosquito.org,ccmcd@citrusmosquito.org,(352) 527-7478,purpose=Mosquito Control; independent; lga=Citrus County
sd-citrus-county-port-authority,Citrus County Port Authority,special_district,Citrus,https://www.citrusbocc.com/commissioners/special-districts/port-citrus.htm,denise.lyn@citrusbocc.com,(352) 341-6579,purpose=Port Facilities; dependent; lga=Citrus County
sd-citrus-county-special-library-district,Citrus County Special Library District,special_district,Citrus,https://www.citruslibraries.org,adam.chang@citruslibraries.org,(352) 746-9077,purpose=Library - Local; dependent; lga=Citrus County
sd-citrus-information-cooperative,Citrus Information Cooperative,special_district,Citrus,https://www.citruspa.org,rscalzi@citruspa.org,(352) 341-6668,purpose=Collaborative Client Information Systems; independent; lga=Citrus County
sd-citrus-levy-marion-regional-workforce-development-board,"Citrus, Levy, Marion Regional Workforce Development Board",special_district,"Marion, Citrus, Levy",https://www.careersourceclm.com,rskinner@careersourceclm.com,,purpose=Economic Development; independent; lga=Multi
sd-city-center-community-development-district,City Center Community Development District,special_district,Polk,https://www.citycentercdd.org,trobin@srvlegal.com,(813) 223-9400,purpose=Community Development; independent; lga=Polk County
sd-city-gate-community-development-district,City Gate Community Development District,special_district,Collier,https://www.citygatecdd.com,rweyer@ree-i.com,(239) 269-1341,purpose=Community Development; independent; lga=Collier County
sd-city-of-belle-glade-community-redevelopment-agency,City of Belle Glade Community Redevelopment Agency,special_district,Palm Beach,https://www.bellegladegov.com,jfigueroa@belleglade-fl.com,(561) 996-0100,purpose=Community Redevelopment; dependent; lga=City of Belle Glade
sd-city-of-bowling-green-community-redevelopment-agency,City of Bowling Green Community Redevelopment Agency,special_district,Hardee,https://bowlinggreenfl.org/community-redevelopment-cra,citymanager@bowlinggreenflorida.org,(863) 375-2255,purpose=Community Redevelopment; dependent; lga=City of Bowling Green
sd-city-of-brooksville-community-redevelopment-agency,City of Brooksville Community Redevelopment Agency,special_district,Hernando,https://www.cityofbrooksville.us,lhendrickson@cityofbrooksville.us,(352) 540-3810,purpose=Community Redevelopment; dependent; lga=City of Brooksville
sd-city-of-cape-coral-health-facilities-authority,City of Cape Coral Health Facilities Authority,special_district,Lee,https://www.capecoral.net/department/clerk/health_facilities_authority.php#.V79Ce01zWpo,jones@joneshaberlaw.com,(239) 542-0700,purpose=Health Facilities; dependent; lga=City of Cape Coral
sd-city-of-cedar-key-community-redevelopment-agency,City of Cedar Key Community Redevelopment Agency,special_district,Levy,https://cityofcedarkey.org,cityhall@cedarkeyfl.us,(352) 543-5132,purpose=Community Redevelopment; dependent; lga=City of Cedar Key
sd-city-of-clewiston-community-redevelopment-agency,City of Clewiston Community Redevelopment Agency,special_district,Hendry,https://www.clewiston-fl.gov/department/board.php?structureid=21,randy.maxson@clewiston-fl.gov,,purpose=Community Redevelopment; dependent; lga=City of Clewiston
sd-city-of-coral-springs-community-redevelopment-agency,City of Coral Springs Community Redevelopment Agency,special_district,Broward,https://www.coralsprings.gov/government/Departments/community-redevelopment-agency,kbartlett@coralsprings.gov,(954) 344-5770,purpose=Community Redevelopment; dependent; lga=City of Coral Springs
sd-city-of-crescent-city-community-redevelopment-agency,City of Crescent City Community Redevelopment Agency,special_district,Putnam,https://www.crescentcity-fl.com/cra.html,citymanager@crescentcity-fl.com,(386) 698-2525,purpose=Community Redevelopment; dependent; lga=City of Crescent City
sd-city-of-deland-downtown-tax-increment-district,City of DeLand Downtown Tax Increment District,special_district,Volusia,https://www.deland.org/443/Downtown-Community-Redevelopment-Agency,staufferd@deland.org,(386) 626-7079,purpose=Community Redevelopment; dependent; lga=City of DeLand
sd-city-of-dunnellon-community-redevelopment-agency,City of Dunnellon Community Redevelopment Agency,special_district,Marion,https://www.dunnellon.org,planning@dunnellon.org,(352) 465-8500,purpose=Community Redevelopment; dependent; lga=City of Dunnellon
sd-city-of-eagle-lake-community-redevelopment-agency,City of Eagle Lake Community Redevelopment Agency,special_district,Polk,https://www.eaglelakefl.gov,ternharth@eaglelakefl.gov,,purpose=Community Redevelopment; dependent; lga=City of Eagle Lake
sd-city-of-edgewater-community-redevelopment-agency,City of Edgewater Community Redevelopment Agency,special_district,Volusia,https://www.edgewatercra.org,rsolstice@cityofedgewater.org,,purpose=Community Redevelopment; dependent; lga=City of Edgewater
sd-city-of-fort-meade-community-redevelopment-agency,City of Fort Meade Community Redevelopment Agency,special_district,Polk,https://cityoffortmeade.com/departments/community_redevelopment_agency.php,ljohnson@cityoffortmeade.com,,purpose=Community Redevelopment; dependent; lga=City of Fort Meade
sd-city-of-holly-hill-community-redevelopment-agency,City of Holly Hill Community Redevelopment Agency,special_district,Volusia,https://www.hollyhillfl.org,bleggett@hollyhillfl.org,(386) 248-9446,purpose=Community Redevelopment; dependent; lga=City of Holly Hill
sd-city-of-inverness-community-redevelopment-agency,City of Inverness Community Redevelopment Agency,special_district,Citrus,https://inverness-fl.gov/65/Inverness-Community-Redevelopment-Agency,cshoemaker@inverness.gov,(352) 726-2611,purpose=Community Redevelopment; dependent; lga=City of Inverness
sd-city-of-lake-alfred-community-redevelopment-agency,City of Lake Alfred Community Redevelopment Agency,special_district,Polk,https://mylakealfred.com/cra-board,cdadmin@mylakealfred.com,(863) 291-5748,purpose=Community Redevelopment; dependent; lga=City of Lake Alfred
sd-city-of-lake-wales-library-board,City of Lake Wales Library Board,special_district,Polk,https://www.lakewalesfl.gov/309/Library,library@lakewalesfl.gov,(863) 678-4005,purpose=Library - Local; dependent; lga=City of Lake Wales
sd-city-of-lauderhill-community-redevelopment-agency,City of Lauderhill Community Redevelopment Agency,special_district,Broward,https://www.lauderhill-fl.gov/economic-development/community-redevelopment-agency/lauderhill-community-redevelopment-agency,shenderson@lauderhill-fl.gov,(954) 714-1535,purpose=Community Redevelopment; dependent; lga=City of Lauderhill
sd-city-of-live-oak-community-redevelopment-agency,City of Live Oak Community Redevelopment Agency,special_district,Suwannee,https://www.cityofliveoak.org,jluther@cityofliveoak.org,(386) 362-2276,purpose=Community Redevelopment; dependent; lga=City of Live Oak
sd-city-of-marianna-community-redevelopment-agency,City of Marianna Community Redevelopment Agency,special_district,Jackson,https://www.mariannafl.city,wlong@mariannafl.city,(850) 482-4353,purpose=Community Redevelopment; dependent; lga=City of Marianna
sd-city-of-mascotte-community-redevelopment-agency,City of Mascotte Community Redevelopment Agency,special_district,Lake,https://cityofmascotte.com,dolly.miller@cityofmascotte.com,(352) 429-3341,purpose=Community Redevelopment; dependent; lga=City of Mascotte
sd-city-of-miami-health-facilities-authority,City of Miami Health Facilities Authority,special_district,Miami-Dade,http://Duebytheendofthefirstfullfiscalyearaftercreation.,epaschal@miamigov.com,(305) 416-1328,purpose=Health Facilities; dependent; lga=City of Miami
sd-city-of-minneola-community-redevelopment-agency,City of Minneola Community Redevelopment Agency,special_district,Lake,https://www.minneola.us/community-redevelopment-agency,mjohnson@minneola.us,(352) 394-3598,purpose=Community Redevelopment; dependent; lga=City of Minneola
sd-city-of-moore-haven-affordable-housing-finance-authority,City of Moore Haven Affordable Housing Finance Authority,special_district,Glades,https://moorehaven.org/special-districts/mhahfa,ashleywills@moorehaven.org,(863) 946-0711,purpose=Affordable Housing; dependent; lga=City of Moore Haven
sd-city-of-moore-haven-redevelopment-agency,City of Moore Haven Redevelopment Agency,special_district,Glades,https://moorehaven.org/special-districts/mhcra,ashleywills@moorehaven.org,(863) 946-0711,purpose=Community Redevelopment; dependent; lga=City of Moore Haven
sd-city-of-mulberry-community-redevelopment-agency,City of Mulberry Community Redevelopment Agency,special_district,Polk,https://www.cityofmulberryfl.org/government/community-development,jayala@cityofmulberryfl.com,,purpose=Community Redevelopment; dependent; lga=City of Mulberry
sd-city-of-naples-airport-authority,City of Naples Airport Authority,special_district,Collier,https://www.flynaples.com,crozansky@flynaples.com,(239) 643-0733,purpose=Airports / Air Navigation Facilities; dependent; lga=City of Naples | MFMP-registered (VIP org id 40000012)
sd-city-of-naples-community-redevelopment-agency,City of Naples Community Redevelopment Agency,special_district,Collier,https://www.naplesgov.com,gyoung@naplesgov.com,(239) 213-1030,purpose=Community Redevelopment; dependent; lga=City of Naples
sd-city-of-newberry-community-redevelopment-agency,City of Newberry Community Redevelopment Agency,special_district,Alachua,https://www.newberryfl.gov/cra,cbakaitis@newberryfl.gov,,purpose=Community Redevelopment; dependent; lga=City of Newberry
sd-city-of-north-port-solid-waste-district,City of North Port Solid Waste District,special_district,Sarasota,https://northportfl.gov,pwfinance@northportfl.gov,(941) 240-8050,purpose=Solid Waste Disposal; dependent; lga=City of North Port
sd-city-of-oakland-park-community-redevelopment-agency,City of Oakland Park Community Redevelopment Agency,special_district,Broward,https://www.opcra.com,neysah@oaklandparkfl.gov,(354) 630-4343,purpose=Community Redevelopment; dependent; lga=City of Oakland Park
sd-city-of-palmetto-community-redevelopment-agency,City of Palmetto Community Redevelopment Agency,special_district,Manatee,https://www.palmettofl.org,mayor@palmettofl.org,(941) 723-4570,purpose=Community Redevelopment; dependent; lga=City of Palmetto
sd-city-of-pensacola-community-redevelopment-agency,City of Pensacola Community Redevelopment Agency,special_district,Escambia,https://cityofpensacola.com/531/community-redevelopment-agency-CRA,vdangelo@cityofpensacola.com,(850) 436-5640,purpose=Community Redevelopment; dependent; lga=City of Pensacola
sd-city-of-perry-community-redevelopment-agency,City of Perry Community Redevelopment Agency,special_district,Taylor,https://cityofperry.net,jhart@cityofperry.net,(850) 584-7161,purpose=Community Redevelopment; dependent; lga=City of Perry
sd-city-of-plantation-community-redevelopment-agency,City of Plantation Community Redevelopment Agency,special_district,Broward,https://www.plantation.org,dholmes@plantation.org,(954) 797-2622,purpose=Community Redevelopment; dependent; lga=City of Plantation
sd-city-of-port-st-lucie-community-redevelopment-agency,City of Port St. Lucie Community Redevelopment Agency,special_district,St. Lucie,https://www.cityofpsl.com,jdavis@cityofpsl.com,(772) 344-4342,purpose=Community Redevelopment; dependent; lga=City of Port St. Lucie
sd-city-of-riviera-beach-utility-special-district,City of Riviera Beach Utility Special District,special_district,Palm Beach,https://www.rivierabch.com/content/24505/24547/default.aspx,djacobs@rivierabeach.org,(561) 845-4185,purpose=Utility Systems / Services; dependent; lga=City of Riviera Beach
sd-city-of-rockledge-community-redevelopment-agency,City of Rockledge Community Redevelopment Agency,special_district,Brevard,https://www.chooserockledge.com,bfettrow@cityofrockledge.org,(321) 221-7540,purpose=Community Redevelopment; dependent; lga=City of Rockledge
sd-city-of-sanford-community-redevelopment-agency,City of Sanford Community Redevelopment Agency,special_district,Seminole,https://www.sanfordfl.gov/departments/economic-development/downtown-community-redevelopment-agency-cra,pamela.lynch@sanfordfl.gov,(407) 688-5007,purpose=Community Redevelopment; dependent; lga=City of Sanford
sd-city-of-sarasota-community-redevelopment-agency,City of Sarasota Community Redevelopment Agency,special_district,Sarasota,https://www.sarasotafl.gov/government/special-districts/sd-cra,shayla.griggs@sarasotafl.gov,(941) 263-6222,purpose=Community Redevelopment; dependent; lga=City of Sarasota
sd-city-of-sebastian-community-redevelopment-agency,City of Sebastian Community Redevelopment Agency,special_district,Indian River,https://www.cityofsebastian.org/cra,bbenton@cityofsebastian.org,(772) 388-8200,purpose=Community Redevelopment; dependent; lga=City of Sebastian
sd-city-of-south-miami-health-facilities-authority,City of South Miami Health Facilities Authority,special_district,Miami-Dade,https://www.southmiamifl.gov,ariverol@southmiamifl.gov,(305) 663-6343,purpose=Health Facilities; dependent; lga=City of South Miami
sd-city-of-st-cloud-community-redevelopment-agency,City of St. Cloud Community Redevelopment Agency,special_district,Osceola,https://www.stcloudfl.gov,solange.dalsanto@stcloudfl.gov,(407) 957-7235,purpose=Community Redevelopment; dependent; lga=City of St. Cloud
sd-city-of-st-petersburg-health-facilities-authority,City of St. Petersburg Health Facilities Authority,special_district,Pinellas,https://www.stpete.org/government/boards___committees/health_facilities_authority.php,david.goddu@stpete.org,(727) 892-5285,purpose=Health Facilities; dependent; lga=City of St. Petersburg
sd-city-of-stuart-community-redevelopment-agency,City of Stuart Community Redevelopment Agency,special_district,Martin,https://www.cityofstuart.us,pgandhi@stuartfl.gov,(772) 288-5312,purpose=Community Redevelopment; dependent; lga=City of Stuart
sd-city-of-sunrise-special-tax-district-no-1,City of Sunrise Special Tax District No. 1,special_district,Broward,https://www.sunrisefl.gov/index.aspx?page=713,snabors@sunrisefl.gov,(954) 746-3297,purpose=Capital Improvements; dependent; lga=City of Sunrise
sd-city-of-tallahassee-community-redevelopment-agency,City of Tallahassee Community Redevelopment Agency,special_district,Leon,https://www.talgov.com/cra/crahome.aspx,stephen.cox@talgov.com,(850) 891-8356,purpose=Community Redevelopment; dependent; lga=City of Tallahassee
sd-city-of-tampa-community-redevelopment-agency,City of Tampa Community Redevelopment Agency,special_district,Hillsborough,https://www.tampagov.net/cra,cedric.mccray@tampagov.net,(813) 274-3284,purpose=Community Redevelopment; dependent; lga=City of Tampa
sd-city-of-tarpon-springs-community-redevelopment-agency,City of Tarpon Springs Community Redevelopment Agency,special_district,Pinellas,https://www.ctsfl.us/cra.htm,klemmons@ctsfl.us,,purpose=Community Redevelopment; dependent; lga=City of Tarpon Springs
sd-city-of-trenton-community-redevelopment-agency,City of Trenton Community Redevelopment Agency,special_district,Gilchrist,https://www.trentonflorida.org,bmills@trentonflorida.org,(352) 463-4000,purpose=Community Redevelopment; dependent; lga=City of Trenton
sd-city-county-public-works-authority,City-County Public Works Authority,special_district,Glades,https://mhccpwa.com/ccpwa.htm,mbrantley@moorehaven.net,(863) 946-0711,purpose=Water and/or Wastewater Systems; independent; lga=Glades County
sd-cityplace-community-development-district,CityPlace Community Development District,special_district,Palm Beach,https://www.cityplacecdd.org,wcapko@llw-law.com,(561) 640-0820,purpose=Community Development; independent; lga=City of West Palm Beach
sd-civil-service-board-of-santa-rosa-county,Civil Service Board of Santa Rosa County,special_district,Santa Rosa,https://www.santarosa.fl.gov,dixieb@santarosa.fl.gov,(850) 983-1948,purpose=Human Resources; independent; lga=Santa Rosa County
sd-clay-county-development-authority,Clay County Development Authority,special_district,Clay,https://www.claydevelopmentauthority.com,april.scott@tolsonandassociates.com,(904) 269-0050,purpose=County Development; independent; lga=Clay County
sd-clay-county-utility-authority,Clay County Utility Authority,special_district,"Bradford, Clay, Duval",https://www.clayutility.org,jjohnston@clayutility.org,(904) 272-5999,purpose=Utility Systems / Services; independent; lga=Multi
sd-clay-soil-and-water-conservation-district,Clay Soil and Water Conservation District,special_district,Clay,https://www.claysoilandwater.org,soilandwaterseat2@claycountygov.com,(352) 745-6279,purpose=Soil and Water Conservation; independent; lga=Clay County
sd-clear-springs-stewardship-district,Clear Springs Stewardship District,special_district,Polk,https://clearspringssd.net,wrathellc@whhassociates.com,(561) 571-0010,purpose=Infrastructure Development; independent; lga=City of Bartow
sd-clearwater-cay-community-development-district,Clearwater Cay Community Development District,special_district,Pinellas,https://clearwatercaycdd.com,dan@mjlaw.us,(813) 254-7157,purpose=Community Development; independent; lga=City of Clearwater
sd-clearwater-community-redevelopment-agency,Clearwater Community Redevelopment Agency,special_district,Pinellas,https://www.myclearwater.com/government/city-departments/community-redevelopment-agency-cra,anne.lopez@myclearwater.com,(727) 562-4039,purpose=Community Redevelopment; dependent; lga=City of Clearwater
sd-clearwater-downtown-development-board,Clearwater Downtown Development Board,special_district,Pinellas,https://www.myclearwater.com/ddb,anne.lopez@myclearwater.com,(727) 562-4039,purpose=Downtown Development / Improvement; dependent; lga=City of Clearwater
sd-clearwater-housing-authority,Clearwater Housing Authority,special_district,Pinellas,https://www.clearwaterhousingauth.org,abenitez@clearwaterhousingauth.org,(727) 461-5777,purpose=Housing Authority; dependent; lga=City of Clearwater
sd-clewiston-drainage-district,Clewiston Drainage District,special_district,Hendry,https://floridawatercontroldistricts.org/Clewiston.htm,districtmanager@sflcd.com,(561) 996-2940,purpose=Drainage and/or Water Control; independent; lga=Hendry County
sd-coastal-ridge-community-development-district,Coastal Ridge Community Development District,special_district,Duval,https://www.CoastalRidgecdd.com,katie.buchanan@kutakrock.com,(850) 692-7302,purpose=Community Development; independent; lga=City of Jacksonville
sd-cobblestone-community-development-district,Cobblestone Community Development District,special_district,Pasco,https://cobblestonecdd.com,bryan.radcliff@inframark.com,(813) 397-5121,purpose=Community Development; independent; lga=Pasco County
sd-coco-palms-community-development-district,Coco Palms Community Development District,special_district,Miami-Dade,https://www.cocopalmscdd.org,mpawelczyk@bclmr.com,(954) 764-7150,purpose=Community Development; independent; lga=Miami-Dade County
sd-cocoa-community-redevelopment-agency,Cocoa Community Redevelopment Agency,special_district,Brevard,https://cocoafl.gov/1724/Community-Redevelopment-Agencies,cneuterman@cocoafl.org,(321) 433-8509,purpose=Community Redevelopment; dependent; lga=City of Cocoa
sd-cocomar-water-control-district,Cocomar Water Control District,special_district,Broward,https://www.broward.org/WaterServices/WaterManagement/Pages/Cocomar.aspx,vmelendez@broward.org,(954) 831-0764,purpose=Drainage and/or Water Control; dependent; lga=Broward County
sd-coconut-cay-community-development-district,Coconut Cay Community Development District,special_district,Miami-Dade,https://www.coconutcaycdd.com,alyssa.willson@kutakrock.com,(850) 692-7300,purpose=Community Development; independent; lga=City of Miami Gardens
sd-coconut-grove-business-improvement-district,Coconut Grove Business Improvement District,special_district,Miami-Dade,https://www.coconutgrove.com,mark@grovebid.com,(305) 461-5506,purpose=Business Improvement; dependent; lga=City of Miami
sd-coddington-community-development-district,Coddington Community Development District,special_district,Manatee,https://CoddingtonCDD.net,wrathellc@whhassociates.com,(561) 571-0010,purpose=Community Development; independent; lga=Manatee County
sd-colbert-landings-community-development-district,Colbert Landings Community Development District,special_district,Flagler,https://colbertlandingscdd.net,wrathellc@whhassociates.com,(561) 571-0010,purpose=Community Development; independent; lga=City of Palm Coast
sd-cold-springs-improvement-district,Cold Springs Improvement District,special_district,Marion,https://www.coldspringsid.org,thaines@gahlaw.com,(352) 732-8121,purpose=Municipal-Type Services and Improvements; independent; lga=Marion County
sd-coleman-community-redevelopment-agency,Coleman Community Redevelopment Agency,special_district,Sumter,https://www.cityofcolemanfl.com/cra.html,ccityhall@cfl.rr.com,(352) 748-1017,purpose=Community Redevelopment; dependent; lga=City of Coleman
sd-coleman-ridge-community-development-district,Coleman Ridge Community Development District,special_district,Sumter,https://myfamilydistrict.org/coleman-ridge/,kenny.blocker@districtgov.org,(352) 751-3939,purpose=Community Development; independent; lga=Sumter County
sd-collier-county-airport-authority,Collier County Airport Authority,special_district,Collier,https://www.collier.gov/County-Development/Transportation-Management/Airport-Authority,jeff.klatzkow@collier.gov,(239) 252-8400,purpose=Airports / Air Navigation Facilities; dependent; lga=Collier County
sd-collier-county-community-redevelopment-agency,Collier County Community Redevelopment Agency,special_district,Collier,https://www.colliercountyfl.gov/government/county-manager-operations/divisions,jeff.klatzkow@collier.gov,(239) 252-8400,purpose=Community Redevelopment; dependent; lga=Collier County
sd-collier-county-educational-facilities-authority,Collier County Educational Facilities Authority,special_district,Collier,https://www.colliergov.net/index.aspx?page=3452,don@dappalaw.com,(239) 404-1475,purpose=Higher Educational Facilities Financing; dependent; lga=Collier County
sd-collier-county-health-facilities-authority,Collier County Health Facilities Authority,special_district,Collier,https://www.colliergov.net/aspx?page=3456,don@dappalaw.com,(239) 404-1475,purpose=Health Facilities; dependent; lga=Collier County
sd-collier-county-housing-authority,Collier County Housing Authority,special_district,Collier,https://cchafl.org,aedison@cchafl.org,(239) 657-3649,purpose=Housing Authority; independent; lga=Collier County
sd-collier-county-housing-finance-authority,Collier County Housing Finance Authority,special_district,Collier,https://colliergov.net/index.aspx?page=3463,don@dappalaw.com,(239) 404-1475,purpose=Housing Finance; dependent; lga=Collier County
sd-collier-county-industrial-development-authority,Collier County Industrial Development Authority,special_district,Collier,https://www.colliergov.net/index.aspx?page=3464,don@dappalaw.com,(239) 404-1475,purpose=Industrial Development; dependent; lga=Collier County
sd-collier-county-water-sewer-district,Collier County Water-Sewer District,special_district,Collier,https://www.colliercountywatersewerdistrict.org,jeff.klatzkow@collier.gov,(239) 252-8400,purpose=Water and/or Wastewater Systems; dependent; lga=Collier County
sd-collier-mosquito-control-district,Collier Mosquito Control District,special_district,Collier,https://www.cmcd.org,plinn@cmcd.org,(239) 436-1000,purpose=Mosquito Control; independent; lga=Collier County
sd-collier-soil-and-water-conservation-district,Collier Soil and Water Conservation District,special_district,Collier,https://www.collierswcd.org,collierswcd@gmail.com,(239) 214-3113,purpose=Soil and Water Conservation; independent; lga=Collier County
sd-collins-slough-water-control-district,Collins Slough Water Control District,special_district,Hendry,https://www.collinssloughwcd.com,viator@caldwellpacetti.com,(561) 655-0620,purpose=Drainage and/or Water Control; independent; lga=Hendry County
sd-colonial-country-club-community-development-district,Colonial Country Club Community Development District,special_district,Lee,https://colonialcdd.com,gurbancic@cyklawfirm.com,(239) 435-3535,purpose=Community Development; independent; lga=City of Fort Myers
sd-columbia-county-housing-authority,Columbia County Housing Authority,special_district,Columbia,https://www.cchafl.com,housing@cchafl.com,(386) 752-4227,purpose=Housing Authority; independent; lga=Columbia County
sd-community-redevelopment-agency-of-escambia-county,Community Redevelopment Agency of Escambia County,special_district,Escambia,https://myescambia.com/our-services/neighborhood-human-services/community-redevelopment-agencies,cflong@myescambia.com,(850) 595-3596,purpose=Community Redevelopment; dependent; lga=Escambia County
sd-community-redevelopment-agency-of-the-city-of-fellsmere,Community Redevelopment Agency of the City of Fellsmere,special_district,Indian River,https://www.cityoffellsmere.org/cra.php,kwarren@cityoffellsmere.org,(772) 646-6304,purpose=Community Redevelopment; dependent; lga=City of Fellsmere
sd-community-redevelopment-agency-of-the-city-of-new-smyrna-beach,Community Redevelopment Agency of the City of New Smyrna Beach,special_district,Volusia,https://www.cityofnsb.com/1286/Community-Redevelopment,sbergeron@cityofnsb.com,(386) 424-2160,purpose=Community Redevelopment; dependent; lga=City of New Smyrna Beach
sd-community-redevelopment-agency-of-the-city-of-parker,Community Redevelopment Agency of the City of Parker,special_district,Bay,https://www.cityofparker.com/about-us-cra.aspx,ibundy@cityofparker.com,(850) 871-4996,purpose=Community Redevelopment; dependent; lga=City of Parker
sd-community-redevelopment-agency-of-the-city-of-pinellas-park,Community Redevelopment Agency of the City of Pinellas Park,special_district,Pinellas,https://www.pinellas-park.com/202/Community-Redevelopment-Agency-CRAphp,ncolonna@pinellas-park.com,(727) 369-5620,purpose=Community Redevelopment; dependent; lga=City of Pinellas Park
sd-community-redevelopment-agency-of-the-city-of-south-daytona,Community Redevelopment Agency of the City of South Daytona,special_district,Volusia,https://southdaytona.org/department/index.php?structureid=13,lgillis@southdaytona.org,(386) 322-3014,purpose=Community Redevelopment; dependent; lga=City of South Daytona
sd-community-redevelopment-agency-of-the-city-of-temple-terrace,Community Redevelopment Agency of the City of Temple Terrace,special_district,Hillsborough,https://www.templeterrace.com,cbaia@templeterrace.com,(813) 506-6413,purpose=Community Redevelopment; dependent; lga=City of Temple Terrace
sd-community-redevelopment-agency-of-the-city-of-umatilla,Community Redevelopment Agency of the City of Umatilla,special_district,Lake,https://www.umatillafl.org/bc-rda,accountspayable@umatillafl.org,(352) 669-3125,purpose=Community Redevelopment; dependent; lga=City of Umatilla
sd-community-redevelopment-agency-of-the-city-of-winter-haven,Community Redevelopment Agency of the City of Winter Haven,special_district,Polk,https://www.mywinterhaven.com/business/community-redevelopment-agency-cra,elabbe@mywinterhaven.com,(863) 291-5600,purpose=Community Redevelopment; dependent; lga=City of Winter Haven
sd-community-redevelopment-agency-of-the-town-of-cinco-bayou,Community Redevelopment Agency of the Town of Cinco Bayou,special_district,Okaloosa,https://www.cincobayou.com,keith@cincobayou.com,(850) 833-3405,purpose=Community Redevelopment; dependent; lga=Town of Cinco Bayou
sd-community-redevelopment-agency-of-the-town-of-havana,Community Redevelopment Agency of the Town of Havana,special_district,Gadsden,https://www.townofhavana.com,manager@townofhavana.com,(850) 539-2820,purpose=Community Redevelopment; dependent; lga=Town of Havana
sd-community-redevelopment-agency-of-the-town-of-lake-park,Community Redevelopment Agency of the Town of Lake Park,special_district,Palm Beach,https://www.lakeparkflorida.gov/government/departments/community-redevelopment-agency,vmendez@lakeparkflorida.gov,(561) 881-3311,purpose=Community Redevelopment; dependent; lga=Town of Lake Park
sd-concord-station-community-development-district,Concord Station Community Development District,special_district,Pasco,https://concordstationcdd.com,vbabbar@srvlegal.com,(813) 223-9400,purpose=Community Development; independent; lga=Pasco County
sd-concorde-estates-community-development-district,Concorde Estates Community Development District,special_district,Osceola,https://concordeestatescdd.org,grpc@perezcalhounlaw.com,(407) 622-4772,purpose=Community Development; independent; lga=Osceola County
sd-connected-city-stewardship-district,Connected City Stewardship District,special_district,Pasco,https://www.pascocountyfl.net/services/planning_and_development/connected_city.php,jsteinsnyder@pascocountyfl.net,(727) 847-8120,purpose=Infrastructure Development; dependent; lga=Pasco County
sd-connerton-east-community-development-district,Connerton East Community Development District,special_district,Pasco,https://connertoneastcdd.org,brizzetta@rizzetta.com,(813) 514-0400,purpose=Community Development; independent; lga=Pasco County
sd-connerton-west-community-development-district,Connerton West Community Development District,special_district,Pasco,https://connertonwestcdd.org,brizzetta@rizzetta.com,(813) 514-0400,purpose=Community Development; independent; lga=Pasco County
sd-contrada-hills-community-development-district,Contrada Hills Community Development District,special_district,Santa Rosa,http://Duebytheendofthefirstfullfiscalyearaftercreation.,brizzetta@rizzetta.com,(813) 514-0400,purpose=Community Development; independent; lga=Santa Rosa County
sd-cooperative-producers-water-control-district,Cooperative Producers Water Control District,special_district,Hendry,https://www.cpiwcd.com,ronnie.english@cpigroves.com,(239) 369-2169,purpose=Drainage and/or Water Control; dependent; lga=Hendry County
sd-cope-s-landing-community-development-district,Cope's Landing Community Development District,special_district,Duval,https://copeslandingdd.net,wrathellc@whhassociates.com,(561) 571-0010,purpose=Community Development; independent; lga=City of Jacksonville
sd-copper-creek-community-development-district,Copper Creek Community Development District,special_district,St. Lucie,https://www.coppercreekcdd.com,mpawelczyk@bclmr.com,(954) 764-7150,purpose=Community Development; independent; lga=City of Port St. Lucie
sd-copper-oaks-community-development-district,Copper Oaks Community Development District,special_district,Lee,https://www.copperoakscdd.com,mpawelczyk@bclmr.com,(954) 764-7150,purpose=Community Development; independent; lga=Lee County
sd-copperspring-community-development-district,Copperspring Community Development District,special_district,Pasco,https://copperspringcdd.org,brizzetta@rizzetta.com,(813) 514-0400,purpose=Community Development; independent; lga=Pasco County
sd-copperstone-community-development-district,Copperstone Community Development District,special_district,Manatee,https://copperstonecdd.org,brizzetta@rizzetta.com,(813) 514-0400,purpose=Community Development; independent; lga=Manatee County
sd-coquina-shores-community-development-district,Coquina Shores Community Development District,special_district,Flagler,https://www.CoquinaShoresCDD.com,katie.buchanan@kutakrock.com,(850) 692-7300,purpose=Community Development; independent; lga=City of Palm Coast
sd-coquina-water-control-district,Coquina Water Control District,special_district,Okeechobee,https://www.coquinawcd.com,coquinawater@gmail.com,(863) 763-4601,purpose=Drainage and/or Water Control; independent; lga=Okeechobee County
sd-coral-bay-community-development-district,Coral Bay Community Development District,special_district,Broward,https://coralbaycdd.com,mpawelczyk@bclmr.com,(954) 764-7150,purpose=Community Development; independent; lga=City of Margate
sd-coral-bay-of-lee-county-community-development-district,Coral Bay of Lee County Community Development District,special_district,Lee,https://coralbayofleecountycdd.net,wrathellc@whhassociates.com,(561) 571-0010,purpose=Community Development; independent; lga=Lee County
sd-coral-creek-community-development-district,Coral Creek Community Development District,special_district,Charlotte,https://coralcreekcdd.net,wrathellc@whhassociates.com,(561) 571-0010,purpose=Community Development; independent; lga=Charlotte County
sd-coral-keys-homes-community-development-district,Coral Keys Homes Community Development District,special_district,Miami-Dade,https://www.coralkeyshomescdd.com,mpawelczyk@bclmr.com,(954) 764-7150,purpose=Community Development; independent; lga=Miami-Dade County
sd-coral-lakes-community-development-district,Coral Lakes Community Development District,special_district,Charlotte,https://CoralLakesCDD.com,brian.lamb@inframark.com,(813) 873-7300,purpose=Community Development; independent; lga=Charlotte County
sd-coral-springs-improvement-district,Coral Springs Improvement District,special_district,Broward,https://csidfl.org,wcapko@llw-law.com,(561) 640-0820,purpose=Drainage and/or Water Control; independent; lga=Broward County
sd-cordoba-ranch-community-development-district,Cordoba Ranch Community Development District,special_district,Hillsborough,https://cordobaestatescdd.com,khopkinson@srvlegal.com,(813) 223-9400,purpose=Community Development; independent; lga=Hillsborough County
sd-cordova-palms-community-development-district,Cordova Palms Community Development District,special_district,St. Johns,https://www.CordovaPalmsCDD.com,wesley.haber@kutakrock.com,(850) 692-7300,purpose=Community Development; independent; lga=St. Johns County
sd-corkscrew-crossing-community-development-district,Corkscrew Crossing Community Development District,special_district,Lee,https://www.corkscrewcrossingcdd.org,jonathan.johnson@kutakrock.com,(850) 692-7300,purpose=Community Development; independent; lga=Village of Estero
sd-corkscrew-farms-community-development-district,Corkscrew Farms Community Development District,special_district,Lee,https://www.corkscrewfarmscdd.com,brian.lamb@inframark.com,(813) 397-5121,purpose=Community Development; independent; lga=Lee County
sd-corkscrew-grove-stewardship-district,Corkscrew Grove Stewardship District,special_district,Collier,http://Duebytheendofthefirstfullfiscalyearaftercreation.,mullinsl@pfm.com,(407) 723-5935,purpose=Infrastructure Development; independent; lga=Collier County
sd-coronado-community-development-district,Coronado Community Development District,special_district,Miami-Dade,https://www.coronadocdd.org,alyssa.willson@kutakrock.com,(850) 692-7300,purpose=Community Development; independent; lga=City of Doral
sd-cory-lakes-community-development-district,Cory Lakes Community Development District,special_district,Hillsborough,https://www.corylakescdd.net,vbabbar@srvlegal.com,(813) 223-9400,purpose=Community Development; independent; lga=City of Tampa
sd-country-greens-community-development-district,Country Greens Community Development District,special_district,Lake,https://Countrygreenscdd.org,sclark@winterparklawyers.com,(407) 472-0326,purpose=Community Development; independent; lga=Lake County
sd-country-lakes-special-dependent-tax-district,Country Lakes Special Dependent Tax District,special_district,Hillsborough,https://www.countrylakestaxdistrict.com,peg.ostrenko@gmail.com,(813) 417-1499,purpose=Neighborhood Enhancement; dependent; lga=Hillsborough County
sd-country-place-maintenance-district,Country Place Maintenance District,special_district,Hillsborough,https://CountryPlace.mydistrictwebsite.com,kcolini@tampabay.rr.com,(813) 968-2311,purpose=Neighborhood Enhancement; dependent; lga=Hillsborough County
sd-country-run-maintenance-district,Country Run Maintenance District,special_district,Hillsborough,https://CountryRun.mydistrictwebsite.com,rkowal813@gmail.com,(813) 300-0708,purpose=Neighborhood Enhancement; dependent; lga=Hillsborough County
sd-country-village-special-dependent-district,Country Village Special Dependent District,special_district,Hillsborough,https://CountryVillage.mydistrictwebsite.com,duckrules1946@yahoo.com,(813) 526-0446,purpose=Neighborhood Enhancement; dependent; lga=Hillsborough County
sd-country-walk-community-development-district,Country Walk Community Development District,special_district,Pasco,https://countrywalkcdd.org,brizzetta@rizzetta.com,(813) 514-0400,purpose=Community Development; independent; lga=Pasco County
sd-county-line-drainage-district,County Line Drainage District,special_district,Lee,https://countylinedd.org,kmeneely@sdsinc.org,(561) 630-4922,purpose=Drainage and/or Water Control; independent; lga=Lee County
sd-county-road-33-community-development-district,County Road 33 Community Development District,special_district,Lake,https://countyroad33cdd.com,sarah.sandy@kutakrock.com,(850) 692-7300,purpose=Community Development; independent; lga=City of Leesburg
sd-cove-at-bayport-colony-the,"Cove At Bayport Colony, The",special_district,Hillsborough,https://thecovespecialdependenttaxdistrict.com,mikebrazas@gmail.com,(813) 855-1963,purpose=Neighborhood Enhancement; dependent; lga=Hillsborough County
sd-cove-at-rotonda-community-development-district-the,"Cove at Rotonda Community Development District, The",special_district,Charlotte,http://Duebytheendofthefirstfullfiscalyearaftercreation.,wrathellc@whhassociates.com,(561) 571-0010,purpose=Community Development; independent; lga=Charlotte County
sd-covington-park-community-development-district,Covington Park Community Development District,special_district,Hillsborough,https://covingtonparkcdd.org,brizzetta@rizzetta.com,(813) 514-0400,purpose=Community Development; independent; lga=Hillsborough County
sd-cow-slough-water-control-district,Cow Slough Water Control District,special_district,"Collier, Hendry",https://CowSlough.mydistrictwebsite.com,chris@labellecpa.com,(863) 675-3903,purpose=Drainage and/or Water Control; independent; lga=Multi
sd-creek-preserve-community-development-district,Creek Preserve Community Development District,special_district,Hillsborough,https://creekpreservecdd.com,vbabbar@srvlegal.com,(813) 223-9400,purpose=Community Development; independent; lga=Hillsborough County
sd-creekside-at-twin-creeks-community-development-district,Creekside at Twin Creeks Community Development District,special_district,St. Johns,https://www.creeksideattwincreekscdd.net,mark.watts@cobbcole.com,(386) 736-7700,purpose=Community Development; independent; lga=St. Johns County
sd-creekside-community-development-district,Creekside Community Development District,special_district,St. Lucie,https://www.creeksidecdd.com,jere.earlywine@kutakrock.com,(850) 528-6152,purpose=Community Development; independent; lga=St. Lucie County
sd-creekview-community-development-district,Creekview Community Development District,special_district,Clay,https://CreekviewCDD.net,wrathellc@whhassociates.com,(561) 571-0010,purpose=Community Development; independent; lga=Clay County
sd-crescent-lakes-common-facilities-district,Crescent Lakes Common Facilities District,special_district,Osceola,https://www.osceola.org/crescent-lakes-cfd.stml,cfd@osceola.org,(407) 742-1803,purpose=Common Facilities Maintenance; dependent; lga=Osceola County
sd-crescent-walk-community-development-district,Crescent Walk Community Development District,special_district,Lee,http://Duebytheendofthefirstfullfiscalyearaftercreation.,wrathellc@whhassociates.com,(561) 571-0010,purpose=Community Development; independent; lga=Lee County
sd-cresswind-deland-community-development-district,Cresswind DeLand Community Development District,special_district,Volusia,https://www.cresswinddelandcdd.org,jere.earlywine@kutakrock.com,(850) 692-7341,purpose=Community Development; independent; lga=City of Deland
sd-cresswind-lake-harris-community-development-district,Cresswind Lake Harris Community Development District,special_district,Lake,https://cresswindlakeharriscdd.net,wrathellc@whhassociates.com,(561) 571-0010,purpose=Community Development; independent; lga=City of Tavares
sd-crestview-community-redevelopment-agency,Crestview Community Redevelopment Agency,special_district,Okaloosa,https://www.cityofcrestview.org,cra@cityofcrestview.org,(850) 682-1560,purpose=Community Redevelopment; dependent; lga=City of Crestview
sd-crestview-housing-authority,Crestview Housing Authority,special_district,Okaloosa,https://www.chafl.com,cwilliams@chafl.com,(850) 682-2413,purpose=Housing Authority; dependent; lga=City of Crestview
sd-crestview-ii-community-development-district,Crestview II Community Development District,special_district,Miami-Dade,https://www.crestview2cdd.org,mpawelczyk@bclmr.com,(954) 764-7150,purpose=Community Development; independent; lga=Miami-Dade County
sd-crestview-west-community-development-district,Crestview West Community Development District,special_district,Miami-Dade,https://www.crestviewwestcdd.org,mpawelczyk@bclmr.com,(954) 764-7150,purpose=Community Development; independent; lga=Miami-Dade County
sd-cross-creek-north-community-development-district,Cross Creek North Community Development District,special_district,Clay,https://crosscreeknorthcdd.org,brizzetta@rizzetta.com,(813) 514-0400,purpose=Community Development; independent; lga=Clay County
sd-crosscreek-community-development-district,CrossCreek Community Development District,special_district,Manatee,https://www.crosscreekcdd.org,ripollv@pfm.com,(407) 723-5900,purpose=Community Development; independent; lga=Manatee County
sd-crossings-at-fleming-island-community-development-district-the,"Crossings At Fleming Island Community Development District, The",special_district,Clay,https://www.thecrossingsatflemingislandcdd.com,rich@claylawyers.com,(904) 269-1111,purpose=Community Development; independent; lga=Clay County
sd-crossings-community-development-district,Crossings Community Development District,special_district,Osceola,https://www.CrossingsCDD.com,jburns@gmscfl.com,(407) 841-5524,purpose=Community Development; independent; lga=Osceola County
sd-crossroads-village-center-community-development-district,Crossroads Village Center Community Development District,special_district,Polk,https://www.CrossroadsVillageCenterCDD.com,jburns@gmscfl.com,(407) 841-5524,purpose=Community Development; independent; lga=City of Haines City
sd-crosswinds-east-community-development-district,Crosswinds East Community Development District,special_district,Polk,https://www.crosswindseastcdd.com,jburns@gmscfl.com,(407) 841-5524,purpose=Community Development; independent; lga=Polk County
sd-crosswinds-west-community-development-district,Crosswinds West Community Development District,special_district,Polk,https://www.crosswindswestcdd.com,jburns@gmscfl.com,(407) 841-5524,purpose=Community Development; independent; lga=City of Haines City
sd-crystal-cay-community-development-district,Crystal Cay Community Development District,special_district,Miami-Dade,https://CrystalCayCDD.com,mpawelczyk@bclmr.com,(954) 764-7150,purpose=Community Development; independent; lga=Miami-Dade County
sd-crystal-ridge-community-development-district,Crystal Ridge Community Development District,special_district,Citrus,https://crystalridgecdd.net,joseph.brown@kutakrock.com,(850) 692-7300,purpose=Community Development; independent; lga=Citrus County
sd-crystal-river-redevelopment-agency,Crystal River Redevelopment Agency,special_district,Citrus,https://www.crystalrivercra.org,acurts@crystalriverfl.org,(352) 795-4216,purpose=Community Redevelopment; dependent; lga=City of Crystal River
sd-curiosity-creek-community-development-district,Curiosity Creek Community Development District,special_district,Manatee,http://Duebytheendofthefirstfullfiscalyearaftercreation.,jvericker@srvlegal.com,(813) 223-9400,purpose=Community Development; independent; lga=Manatee County
sd-currents-community-development-district,Currents Community Development District,special_district,Collier,https://www.currentscdd.org,wardj@pfm.com,(407) 723-5900,purpose=Community Development; independent; lga=Collier County
sd-cutler-cay-community-development-district,Cutler Cay Community Development District,special_district,Miami-Dade,https://www.cutlercaycdd.org,mpawelczyk@bclmr.com,(954) 764-7150,purpose=Community Development; independent; lga=Miami-Dade County
sd-cypress-bay-west-community-development-district,Cypress Bay West Community Development District,special_district,Brevard,https://cypressbaywestcdd.net,wrathellc@whhassociates.com,(561) 571-0010,purpose=Community Development; independent; lga=City of Palm Bay
sd-cypress-bluff-community-development-district-duval-county,Cypress Bluff Community Development District (Duval County),special_district,Duval,https://cypressbluffcdd.com,katie.buchanan@kutakrock.com,(850) 692-7300,purpose=Community Development; independent; lga=City of Jacksonville
sd-cypress-bluff-community-development-district-lake-county,Cypress Bluff Community Development District (Lake County),special_district,Lake,https://cypressbluffcdd.net,wrathellc@whhassociates.com,(561) 571-0010,purpose=Community Development; independent; lga=City of Groveland
sd-cypress-cove-community-development-district,Cypress Cove Community Development District,special_district,Broward,https://www.cypresscovecdd.com,mpawelczyk@bclmr.com,(954) 764-7150,purpose=Community Development; independent; lga=City of Margate
sd-cypress-creek-of-hillsborough-county-community-development-district,Cypress Creek of Hillsborough County Community Development District,special_district,Hillsborough,https://www.cypresscreekcdd.org,acohen@swflgovlaw.com,(941) 306-4730,purpose=Community Development; independent; lga=Hillsborough County
sd-cypress-creek-reserve-community-development-district,Cypress Creek Reserve Community Development District,special_district,Polk,http://Duebytheendofthefirstfullfiscalyearaftercreation.,wrathellc@whhassociates.com,(561) 571-0010,purpose=Community Development; independent; lga=Polk County
sd-cypress-grove-community-development-district,Cypress Grove Community Development District,special_district,Palm Beach,https://www.cgcdd.org,larry.portnoy@glhomes.com,(954) 753-1730,purpose=Community Development; independent; lga=Palm Beach County
sd-cypress-lakes-community-development-district,Cypress Lakes Community Development District,special_district,Palm Beach,https://www.cypresslakescdd.org,mpawelczyk@bclmr.com,(954) 764-7150,purpose=Community Development; independent; lga=Palm Beach County
sd-cypress-mill-community-development-district,Cypress Mill Community Development District,special_district,Hillsborough,https://www.cypressmillcdd.com,brian.lamb@inframark.com,(813) 397-5120,purpose=Community Development; independent; lga=Hillsborough County
sd-cypress-park-estates-community-development-district,Cypress Park Estates Community Development District,special_district,Polk,https://CypressParkEstatesCDD.com,jburns@gmscfl.com,(407) 841-5524,purpose=Community Development; independent; lga=City of Haines City
sd-cypress-preserve-community-development-district,Cypress Preserve Community Development District,special_district,Pasco,https://cypresspreservecdd.com/blog,brian.lamb@inframark.com,(813) 397-5121,purpose=Community Development; independent; lga=Pasco County
sd-cypress-reserve-community-development-district,Cypress Reserve Community Development District,special_district,Lake,https://cypressreservecdd.net,tucker.mackie@kutakrock.com,(850) 692-7300,purpose=Community Development; independent; lga=City of Groveland
sd-cypress-ridge-community-development-district,Cypress Ridge Community Development District,special_district,Hillsborough,https://www.cypressridgecdd.com,jburns@gmscfl.com,(407) 841-5524,purpose=Community Development; independent; lga=Hillsborough County
sd-cypress-shadows-community-development-district,Cypress Shadows Community Development District,special_district,Lee,https://www.cypress-shadows-cdd.org,brian.lamb@inframark.com,(813) 873-7300,purpose=Community Development; independent; lga=Lee County
sd-dade-city-community-redevelopment-agency,Dade City Community Redevelopment Agency,special_district,Pasco,https://www.dadecityfl.com,mvanerven@dadecityfl.com,(352) 521-1467,purpose=Community Redevelopment; dependent; lga=City of Dade City
sd-dania-beach-community-redevelopment-agency,Dania Beach Community Redevelopment Agency,special_district,Broward,https://www.DaniaBeachCRA.org,mchen@daniabeachfl.gov,(954) 924-6801,purpose=Community Redevelopment; dependent; lga=City of Dania Beach
sd-dania-beach-housing-authority,Dania Beach Housing Authority,special_district,Broward,https://www.daniabeachhousing.org,acastro@daniabeachhousing.org,(954) 920-9662,purpose=Housing Authority; dependent; lga=City of Dania Beach
sd-darby-community-development-district,Darby Community Development District,special_district,Duval,https://darbycdd.com,wesley.haber@kutakrock.com,(850) 692-7300,purpose=Community Development; independent; lga=City of Jacksonville
sd-davenport-road-south-community-development-district,Davenport Road South Community Development District,special_district,Polk,https://davenportroadsouthcdd.com,jburns@gmscfl.com,(407) 841-5524,purpose=Community Development; independent; lga=City of Davenport
sd-davie-community-redevelopment-agency,Davie Community Redevelopment Agency,special_district,Broward,https://www.davie-fl.gov/202/Community-Redevelopment-Agency,pholste@davie-fl.gov,(954) 797-1041,purpose=Community Redevelopment; dependent; lga=Town of Davie
sd-daytona-beach-community-redevelopment-agency,Daytona Beach Community Redevelopment Agency,special_district,Volusia,https://www.codb.us,thomasken@codb.us,(386) 671-8180,purpose=Community Redevelopment; dependent; lga=City of Daytona Beach
sd-daytona-beach-downtown-development-authority,Daytona Beach Downtown Development Authority,special_district,Volusia,https://www.codb.us,thomasken@codb.us,(386) 671-8180,purpose=Downtown Development / Improvement; dependent; lga=City of Daytona Beach
sd-daytona-beach-housing-authority,Daytona Beach Housing Authority,special_district,Volusia,https://www.dbhafl.org,info@dbhafl.org,(386) 253-5653,purpose=Housing Authority; dependent; lga=City of Daytona Beach
sd-daytona-beach-racing-and-recreational-facilities-district,Daytona Beach Racing and Recreational Facilities District,special_district,Volusia,https://www.daytonaracingdistrict.com,john.ferguson@cobbcole.com,(386) 323-9247,purpose=Recreational Facilities / Programs; independent; lga=Volusia County and City of Daytona Beach
sd-daytona-west-community-development-district,Daytona West Community Development District,special_district,Volusia,https://daytonawestcdd.net,wrathellc@whhassociates.com,(561) 571-0010,purpose=Community Development; independent; lga=City of Daytona Beach
sd-dean-river-community-development-district,Dean River Community Development District,special_district,Volusia,http://Duebytheendofthefirstfullfiscalyearaftercreation.,wrathellc@whhassociates.com,(561) 571-0010,purpose=Community Development; independent; lga=Volusia County
sd-deep-bottom-creek-dependent-special-district,Deep Bottom Creek Dependent Special District,special_district,Duval,https://www.deepbottomcreekjax.com,alanseabrooke@comcast.net,(904) 962-1362,purpose=Inland Navigation and Waterways; dependent; lga=City of Jacksonville
sd-deer-island-community-development-district,Deer Island Community Development District,special_district,Lake,https://www.deerislandcdd.org,gflint@gmscfl.com,(407) 841-5524,purpose=Community Development; independent; lga=Lake County
sd-deer-run-community-development-district,Deer Run Community Development District,special_district,Flagler,https://www.deerruncdd.com,katie.buchanan@kutakrock.com,(850) 692-7300,purpose=Community Development; independent; lga=City of Bunnell
sd-deerbrook-community-development-district,Deerbrook Community Development District,special_district,Pasco,https://deerbrookcdd.org,brizzetta@rizzetta.com,(813) 514-0400,purpose=Community Development; independent; lga=Pasco County
sd-deerfield-beach-community-redevelopment-agency,Deerfield Beach Community Redevelopment Agency,special_district,Broward,https://www.deerfield-beach.com,atemple@deerfield-beach.com,(954) 250-4142,purpose=Community Redevelopment; dependent; lga=City of Deerfield Beach
sd-deerfield-beach-housing-authority,Deerfield Beach Housing Authority,special_district,Broward,https://www.dbhaonline.org,jprivott@dbhaonline.org,(954) 425-8449,purpose=Housing Authority; dependent; lga=City of Deerfield Beach
sd-deering-park-stewardship-district,Deering Park Stewardship District,special_district,"Volusia, Brevard",https://DeeringParkStewardship.com,jonathan.johnson@kutakrock.com,(850) 692-7300,purpose=Infrastructure Development; independent; lga=City of Edgewater and Brevard and Volusia Counties
sd-defuniak-springs-community-redevelopment-agency,DeFuniak Springs Community Redevelopment Agency,special_district,Walton,https://www.defuniaksprings.net/1251/Community-Redevelopment-Agency-CRA,cradirector@defuniaksprings.net,(850) 892-8500,purpose=Community Redevelopment; dependent; lga=City of DeFuniak Springs
sd-defuniak-springs-housing-authority,DeFuniak Springs Housing Authority,special_district,Walton,https://www.dfsha.org,director@dfsha.org,(850) 892-2823,purpose=Housing Authority; dependent; lga=City of DeFuniak Springs
sd-del-webb-bexley-community-development-district,Del Webb Bexley Community Development District,special_district,Pasco,https://delwebbbexleycdd.org,brizzetta@rizzetta.com,(813) 514-0400,purpose=Community Development; independent; lga=Pasco County
sd-del-webb-oak-creek-community-development-district,Del Webb Oak Creek Community Development District,special_district,Lee,https://delwebboakcreekcdd.org,alyssa.willson@kutakrock.com,(850) 692-7300,purpose=Community Development; independent; lga=Lee County
sd-del-webb-river-reserve-community-development-district,Del Webb River Reserve Community Development District,special_district,Pasco,http://Duebytheendofthefirstfullfiscalyearaftercreation.,wrathellc@whhassociates.com,(561) 571-0010,purpose=Community Development; independent; lga=Pasco County
sd-del-webb-sunchase-community-development-district,Del Webb Sunchase Community Development District,special_district,Manatee,http://Duebytheendofthefirstfullfiscalyearaftercreation.,wrathellc@whhassociates.com,(561) 571-0010,purpose=Community Development; independent; lga=Manatee County
sd-deland-housing-authority,DeLand Housing Authority,special_district,Volusia,https://delandhousing.com,mquinones@delandhousing.com,(386) 734-2564,purpose=Housing Authority; dependent; lga=City of DeLand
sd-delray-beach-community-redevelopment-agency,Delray Beach Community Redevelopment Agency,special_district,Palm Beach,https://delraycra.org,jadusinghr@mydelraybeach.com,(561) 276-8640,purpose=Community Redevelopment; dependent; lga=City of Delray Beach
sd-delray-beach-downtown-development-authority,Delray Beach Downtown Development Authority,special_district,Palm Beach,https://www.downtowndelraybeach.com,lsimon@downtowndelraybeach.com,(561) 243-1077,purpose=Downtown Development / Improvement; dependent; lga=City of Delray Beach
sd-delray-beach-housing-authority,Delray Beach Housing Authority,special_district,Palm Beach,https://dbha.org,serazo@dbha.org,(561) 272-6766,purpose=Housing Authority; dependent; lga=City of Delray Beach
sd-delta-farms-water-control-district,Delta Farms Water Control District,special_district,Indian River,https://www.deltafarmswcd.org,shenderson@verolaw.com,(772) 231-4343,purpose=Drainage and/or Water Control; independent; lga=Indian River County
sd-department-of-off-street-parking-of-the-city-of-miami,Department of Off-Street Parking of The City of Miami,special_district,Miami-Dade,https://www.miamiparking.com,aargudin@miamiparking.com,,purpose=Parking Facilities; dependent; lga=City of Miami
sd-desoto-county-hospital-district,DeSoto County Hospital District,special_district,DeSoto,https://www.dmh.org,agriffis@dmh.org,(863) 494-8402,purpose=Hospital; independent; lga=Desoto County
sd-destin-community-redevelopment-agency,Destin Community Redevelopment Agency,special_district,Okaloosa,https://www.cityofdestin.com/cra,lzunguze@cityofdestin.com,(850) 837-4242,purpose=Community Redevelopment; dependent; lga=City of Destin
sd-destin-fire-control-district,Destin Fire Control District,special_district,Okaloosa,https://www.DestinFire.com,kwagner@destinfire.com,(850) 837-8413,purpose=Fire Control and Rescue; independent; lga=Okaloosa County
sd-devil-s-garden-water-control-district,Devil's Garden Water Control District,special_district,Hendry,https://www.devilsgardenwcd.com,amy@swindlecpa.com,(863) 983-8590,purpose=Drainage and/or Water Control; independent; lga=Hendry County
sd-dewey-robbins-community-development-district,Dewey Robbins Community Development District,special_district,Lake,https://www.deweyrobbinscdd.com,sarah.sandy@kutakrock.com,(850) 692-7307,purpose=Community Development; independent; lga=City of Leesburg
sd-dg-farms-community-development-district,DG Farms Community Development District,special_district,Hillsborough,https://dgfarmscdd.org,vbabbar@srvlegal.com,(813) 223-9400,purpose=Community Development; independent; lga=Hillsborough County
sd-diamond-hill-community-development-district,Diamond Hill Community Development District,special_district,Hillsborough,https://diamondhillcdd.org,jvericker@srvlegal.com,(813) 223-9400,purpose=Community Development; independent; lga=Hillsborough County
sd-diamond-square-community-redevelopment-agency,Diamond Square Community Redevelopment Agency,special_district,Brevard,https://cocoafl.gov/1724/Community-Redevelopment-Agencies,cneuterman@cocoafl.org,(321) 433-8509,purpose=Community Redevelopment; dependent; lga=City of Cocoa
sd-disston-island-conservancy-district,Disston Island Conservancy District,special_district,"Glades, Hendry",https://floridawatercontroldistricts.org/Disston_Island.htm,dbr_districts@yahoo.com,(863) 228-0400,purpose=Drainage and/or Water Control; independent; lga=Multi
sd-district-community-development-district,District Community Development District,special_district,Duval,https://www.TheDistrictCDD.org,sarah.sandy@kutakrock.com,(850) 692-7300,purpose=Community Development; independent; lga=City of Jacksonville
sd-doctors-memorial-hospital,Doctors Memorial Hospital,special_district,Holmes,https://www.doctorsmemorial.org,joann@doctorsmemorial.org,(850) 547-8001,purpose=Hospital; independent; lga=Holmes County
sd-dog-island-conservation-district,Dog Island Conservation District,special_district,Franklin,https://dogislandconservationdistrict.org,elisabeth@smallbusinessconcerns.com,(850) 877-7227,purpose=Conservation; independent; lga=Franklin County
sd-dorcas-fire-district,Dorcas Fire District,special_district,Okaloosa,https://myokaloosa.com/dorcas-fire-district,jhofstad@myokaloosa.com,(850) 651-7515,purpose=Fire Control and Rescue; dependent; lga=Okaloosa County
sd-double-branch-community-development-district,Double Branch Community Development District,special_district,Clay,https://www.doublebranchcdd.com,michael.eckert@kutakrock.com,(850) 692-7300,purpose=Community Development; independent; lga=Clay County
sd-dovera-community-development-district,Dovera Community Development District,special_district,Seminole,https://Doveracdd.org,tucker.mackie@kutakrock.com,(850) 692-7300,purpose=Community Development; independent; lga=Seminole County
sd-dowden-central-community-development-district,Dowden Central Community Development District,special_district,Orange,http://Duebytheendofthefirstfullfiscalyearaftercreation.,jshowe@gmscfl.com,,purpose=Community Development; independent; lga=City of Orlando
sd-dowden-west-community-development-district,Dowden West Community Development District,special_district,Orange,https://www.dowdenwestcdd.com,jcarpenter@lathamluna.com,(407) 481-5800,purpose=Community Development; independent; lga=City of Orlando
sd-downtown-historic-ybor-tourism-marketing-district,Downtown / Historic Ybor Tourism Marketing District,special_district,Hillsborough,https://www.tbtmd.org,bobm@tbtmd.org,(813) 833-8311,purpose=Economic Development; dependent; lga=City of Tampa
sd-downtown-and-east-town-redevelopment-agency,Downtown and East Town Redevelopment Agency,special_district,Lake,https://www.eustis.org,latimera@eustis.org,(352) 483-5431,purpose=Community Redevelopment; dependent; lga=City of Eustis
sd-downtown-belleview-community-redevelopment-agency,Downtown Belleview Community Redevelopment Agency,special_district,Marion,https://www.belleviewfl.org/155/Downtown-Community-Redevelopment-Area-CR,mmoody@belleviewfl.org,(352) 233-2116,purpose=Community Redevelopment; dependent; lga=City of Belleview
sd-downtown-clermont-redevelopment-agency,Downtown Clermont Redevelopment Agency,special_district,Lake,https://www.clermontfl.gov/business/community-redevelopment-agency-cra.stml,chenschel@clermontfl.org,(352) 241-7308,purpose=Community Redevelopment; dependent; lga=City of Clermont
sd-downtown-cocoa-beach-community-redevelopment-agency,Downtown Cocoa Beach Community Redevelopment Agency,special_district,Brevard,https://www.cityofcocoabeach.com,karin.grooms@cityofcocoabeach.com,(321) 868-3235,purpose=Community Redevelopment; dependent; lga=City of Cocoa Beach
sd-downtown-development-authority-city-of-miami,Downtown Development Authority City of Miami,special_district,Miami-Dade,https://www.miamidda.com,crespi@miamidda.com,(305) 579-6675,purpose=Downtown Development / Improvement; independent; lga=City of Miami
sd-downtown-development-authority-of-the-city-of-fort-lauderdale,Downtown Development Authority of the City of Fort Lauderdale,special_district,Broward,https://www.ddaftl.org,jenni@ddaftl.org,(954) 463-6574,purpose=Downtown Development / Improvement; independent; lga=City of Fort Lauderdale
sd-downtown-development-board,Downtown Development Board,special_district,Orange,https://www.DowntownOrlando.com,david.barilla@downtownorlando.com,(407) 246-2555,purpose=Downtown Development / Improvement; dependent; lga=City of Orlando
sd-downtown-doral-community-development-district,Downtown Doral Community Development District,special_district,Miami-Dade,https://www.downtowndoralcdd.com,mpawelczyk@bclmr.com,(954) 764-7150,purpose=Community Development; independent; lga=City of Doral
sd-downtown-doral-south-community-development-district,Downtown Doral South Community Development District,special_district,Miami-Dade,https://www.DowntownDoralSouthCDD.com,mpawelczyk@bclmr.com,(954) 764-7150,purpose=Community Development; independent; lga=Miami-Dade County
sd-downtown-improvement-district,Downtown Improvement District,special_district,Sarasota,https://www.sarasotafl.gov/government/special-districts/sd-did,shayla.griggs@sarasotafl.gov,(941) 263-6222,purpose=Downtown Development / Improvement; dependent; lga=City of Sarasota
sd-downtown-investment-authority,Downtown Investment Authority,special_district,Duval,https://dia.coj.net,ctarbert@coj.net,(904) 255-5301,purpose=Community Redevelopment; dependent; lga=City of Jacksonville
sd-downtown-kissimmee-community-redevelopment-agency,Downtown Kissimmee Community Redevelopment Agency,special_district,Osceola,https://www.kissimmee.gov,samia.singleton@kissimmee.org,(407) 518-2544,purpose=Community Redevelopment; dependent; lga=City of Kissimmee
sd-downtown-south-neighborhood-improvement-district,Downtown South Neighborhood Improvement District,special_district,Orange,https://www.cityoforlando.net,martin.hudson@cityoforlando.net,(407) 246-8242,purpose=Neighborhood Improvement - Local Gov.; dependent; lga=City of Orlando
sd-dp1-community-development-district,DP1 Community Development District,special_district,St. Johns,https://www.dp1cdd.net,katie.buchanan@kutakrock.com,(850) 692-7300,purpose=Community Development; independent; lga=St. Johns County
sd-duette-fire-and-rescue-district,Duette Fire and Rescue District,special_district,Manatee,https://www.duettefire.com,duettefd@msn.com,(941) 345-6548,purpose=Fire Control and Rescue; independent; lga=Manatee County
sd-duke-farm-stewardship-district,Duke Farm Stewardship District,special_district,Lee,http://Duebytheendofthefirstfullfiscalyearaftercreation.,wrathellc@whhassociates.com,(561) 571-0010,purpose=Infrastructure Development; independent; lga=Lee County
sd-dunedin-community-redevelopment-agency,Dunedin Community Redevelopment Agency,special_district,Pinellas,https://www.dunedingov.com/City-Services/Business-Development/Community-and-Economic-Development/Community-Redevelopment-Agency,robert.ironsmith@dunedin.gov,(727) 298-3204,purpose=Community Redevelopment; dependent; lga=City of Dunedin
sd-dunedin-housing-authority,Dunedin Housing Authority,special_district,Pinellas,https://www.clearwaterhousingauth.org,abenitez@clearwaterhousingauth.org,(727) 461-5777,purpose=Housing Authority; dependent; lga=City of Dunedin
sd-dunes-community-development-district,Dunes Community Development District,special_district,Flagler,https://www.DunesCDD.org,gpeugh@dunescdd.org,(386) 445-9045,purpose=Community Development; independent; lga=Flagler County
sd-dupree-lakes-community-development-district,Dupree Lakes Community Development District,special_district,Pasco,https://www.dupreelakescdd.org,jere.earlywine@kutakrock.com,(850) 692-7315,purpose=Community Development; independent; lga=Pasco County
sd-durbin-crossing-community-development-district,Durbin Crossing Community Development District,special_district,St. Johns,https://durbincrossingcdd.com,michael.eckert@kutakrock.com,(850) 692-7300,purpose=Community Development; independent; lga=St. Johns County
sd-duval-soil-and-water-conservation-district,Duval Soil and Water Conservation District,special_district,Duval,https://www.duvalsoilandwater.com,lopez@duvalsoilandwater.com,(407) 334-0308,purpose=Soil and Water Conservation; independent; lga=Duval County
sd-dw-bayview-community-development-district,DW Bayview Community Development District,special_district,Manatee,https://www.dwbayviewcdd.org,alyssa.willson@kutakrock.com,(850) 692-7300,purpose=Community Development; independent; lga=Manatee County
sd-ea-mckinnon-groves-community-development-district,EA McKinnon Groves Community Development District,special_district,Lake,http://Duebytheendofthefirstfullfiscalyearaftercreation.,wrathellc@whhassociates.com,(561) 571-0010,purpose=Community Development; independent; lga=Lake County
sd-eagle-bend-community-development-district,Eagle Bend Community Development District,special_district,St. Lucie,https://eaglebendcdd.org,jvericker@srvlegal.com,(813) 223-9400,purpose=Community Development; independent; lga=St. Lucie County
sd-eagle-hammock-community-development-district,Eagle Hammock Community Development District,special_district,Polk,https://www.eaglehammockcdd.com,jburns@gmscfl.com,(407) 841-5524,purpose=Community Development; independent; lga=City of Eagle Lake
sd-eagle-pointe-community-development-district,Eagle Pointe Community Development District,special_district,Manatee,https://eaglepointecdd.org,bennett.davenport@kutakrock.com,(850) 692-7321,purpose=Community Development; independent; lga=Manatee County
sd-eagle-ridge-community-development-district,Eagle Ridge Community Development District,special_district,Polk,https://eagleridgecdd.com,mpawelczyk@bclmr.com,(954) 764-7150,purpose=Community Development; independent; lga=City of Mulberry
sd-eagle-trace-community-development-district,Eagle Trace Community Development District,special_district,Polk,https://www.eagletracecdd.com,jburns@gmscfl.com,(407) 841-5524,purpose=Community Development; independent; lga=Town of Lake Hamilton
sd-east-547-community-development-district,East 547 Community Development District,special_district,Polk,https://www.East547CDD.com,jburns@gmscfl.com,(407) 841-5524,purpose=Community Development; independent; lga=City of Davenport
sd-east-beach-water-control-district,East Beach Water Control District,special_district,Palm Beach,https://floridawatercontroldistricts.org/East_Beach.htm,districtmanager@sflcd.com,(561) 996-2940,purpose=Drainage and/or Water Control; independent; lga=Palm Beach County
sd-east-bonita-beach-road-community-development-district,East Bonita Beach Road Community Development District,special_district,Lee,https://www.eastbonitabeachroadcdd.net,wrathellc@whhassociates.com,(561) 571-0010,purpose=Community Development; independent; lga=City of Bonita Springs
sd-east-charlotte-drainage-district,East Charlotte Drainage District,special_district,Charlotte,https://eastcharlottedd.org,kmeneely@sdsinc.org,(561) 630-4922,purpose=Drainage and/or Water Control; independent; lga=Charlotte County
sd-east-flagler-mosquito-control-district,East Flagler Mosquito Control District,special_district,Flagler,https://flaglermosquito.gov,mark@flaglermosquito.gov,(386) 437-0002,purpose=Mosquito Control; independent; lga=Flagler County
sd-east-hendry-county-drainage-district,East Hendry County Drainage District,special_district,Hendry,https://www.hendryfla.net,tvaughan@hendryfla.net,(863) 675-5252,purpose=Drainage and/or Water Control; dependent; lga=Hendry County
sd-east-homestead-community-development-district,East Homestead Community Development District,special_district,Miami-Dade,https://www.easthomesteadcdd.com,mpawelczyk@bclmr.com,(954) 764-7150,purpose=Community Development; independent; lga=Miami-Dade County
sd-east-lake-park-special-dependent-district,East Lake Park Special Dependent District,special_district,Hillsborough,https://www.eastlakeparksdd.com,maclady2@aol.com,(813) 601-8581,purpose=Neighborhood Enhancement; dependent; lga=Hillsborough County
sd-east-lake-tarpon-special-fire-control-district,East Lake Tarpon Special Fire Control District,special_district,Pinellas,https://www.elfr.org,jgennaro@elfr.org,(727) 784-8668,purpose=Fire Control and Rescue; independent; lga=Pinellas County
sd-east-manatee-fire-rescue-district,East Manatee Fire Rescue District,special_district,Manatee,https://emfr.org,glawson@emfr.org,(941) 751-5611,purpose=Fire Control and Rescue; independent; lga=Manatee County
sd-east-mulloch-water-control-district,East Mulloch Water Control District,special_district,Lee,https://www.leegov.com/specialdistricts/emwcd,fregroup@aol.com,(239) 267-7472,purpose=Drainage and/or Water Control; dependent; lga=Lee County
sd-east-naples-bay-special-taxing-district,East Naples Bay Special Taxing District,special_district,Collier,https://www.naplesgov.com,theitmann@naplesgov.com,(239) 213-1000,"purpose=Environmental Protection / Management, Inland Navigation and Waterways; dependent; lga=City of Naples"
sd-east-nassau-stewardship-district,East Nassau Stewardship District,special_district,Nassau,https://eastnassausd.net,wrathellc@whhassociates.com,(561) 571-0010,purpose=Infrastructure Development; independent; lga=Nassau County
sd-east-niceville-fire-district,East Niceville Fire District,special_district,Okaloosa,https://www.enfd.net,jkramer@enfd.net,(850) 678-2311,purpose=Fire Control and Rescue; independent; lga=Okaloosa County
sd-east-palm-drive-community-development-district,East Palm Drive Community Development District,special_district,Miami-Dade,http://Duebytheendofthefirstfullfiscalyearaftercreation.,mpawelczyk@bclmr.com,(954) 764-7150,purpose=Community Development; independent; lga=City of Homestead
sd-east-park-community-development-district,East Park Community Development District,special_district,Orange,https://EastParkCDD.org,,,purpose=Community Development; independent; lga=City of Orlando
sd-east-ridge-community-development-district,East Ridge Community Development District,special_district,Leon,http://Duebytheendofthefirstfullfiscalyearaftercreation.,wrathellc@whhassociates.com,(561) 571-0010,purpose=Community Development; independent; lga=City of Tallahassee
sd-east-river-ranch-stewardship-district,East River Ranch Stewardship District,special_district,Manatee,https://eastriverranchsd.net,wrathellc@whhassociates.com,(561) 571-0010,purpose=Infrastructure Development; independent; lga=Manatee County
sd-east-shore-water-control-district,East Shore Water Control District,special_district,Palm Beach,https://floridawatercontroldistricts.org/East_Shore.htm,districtmanager@sflcd.com,(561) 996-2940,purpose=Drainage and/or Water Control; independent; lga=Palm Beach County
sd-eastlake-oaks-community-development-district,Eastlake Oaks Community Development District,special_district,Pinellas,https://www.cdddocs.org/Eastlake-Oaks-CDD,natasha.sowani@inframark.com,(813) 873-7300,purpose=Community Development; independent; lga=City of Oldsmar
sd-easton-park-community-development-district,Easton Park Community Development District,special_district,Hillsborough,https://eastonparkcdd.org,djackson@flgovlaw.com,(941) 244-5351,purpose=Community Development; independent; lga=City of Tampa
sd-eastpoint-water-and-sewer-district,Eastpoint Water and Sewer District,special_district,Franklin,https://www.ewsdfl.com,epwsd.1@gmail.com,(850) 670-8177,purpose=Water and/or Wastewater Systems; independent; lga=Franklin County
sd-eastport-business-center,Eastport Business Center,special_district,Volusia,https://www.port-orange.org/economic_development/?p=eastport&,pcruz@port-orange.org,(386) 506-5671,purpose=Community Redevelopment; dependent; lga=City of Port Orange
sd-eastport-community-development-district,Eastport Community Development District,special_district,Sumter,https://www.districtgov.org/yourdistrict/front.aspx?district=ep,kenneth.blocker@districtgov.org,(352) 751-3939,purpose=Community Development; independent; lga=City of Wildwood
sd-eden-hills-community-development-district,Eden Hills Community Development District,special_district,Polk,https://edenhillscdd.vglobaltech.com,jburns@gmscfl.com,(407) 841-5524,purpose=Community Development; independent; lga=City of Lake Alfred
sd-edgewater-east-community-development-district,Edgewater East Community Development District,special_district,Osceola,https://edgewatereastcdd.net,michael.eckert@kutakrock.com,(850) 692-7300,purpose=Community Development; independent; lga=Osceola County
sd-edgewater-west-community-development-district,Edgewater West Community Development District,special_district,Osceola,https://www.edgewaterwestcdd.net,wrathellc@whhassociates.com,(561) 571-0010,purpose=Community Development; independent; lga=Osceola County
sd-elevation-pointe-community-development-district,Elevation Pointe Community Development District,special_district,St. Johns,https://www.elevationpointecdd.com,gflint@gmscfl.com,(407) 841-5524,purpose=Community Development; independent; lga=St. Johns County
sd-elkton-drainage-district,Elkton Drainage District,special_district,St. Johns,https://www.co.st-johns.fl.us/SpecialDistricts/Elkton.aspx,wschroeder@sjcfl.us,(904) 209-0570,purpose=Drainage and/or Water Control; dependent; lga=St. Johns County
sd-eloise-community-redevelopment-agency,Eloise Community Redevelopment Agency,special_district,Polk,https://www.polk-county.net/government/community-redevelopment/eloise,randymink@polkfl.gov,(863) 534-7679,purpose=Community Redevelopment; dependent; lga=Polk County
sd-emerald-coast-utilities-authority,Emerald Coast Utilities Authority,special_district,Escambia,https://www.ecua.fl.gov,bruce.woody@ecua.fl.gov,(850) 476-5110,purpose=Utility Systems / Services; independent; lga=Escambia County
sd-emerald-creek-community-development-district,Emerald Creek Community Development District,special_district,Hernando,https://www.emeraldcreekcdd.org,brizzetta@rizzetta.com,(813) 514-0400,purpose=Community Development; independent; lga=Hernando County
sd-emerald-hills-safety-enhancement-district,Emerald Hills Safety Enhancement District,special_district,Broward,https://ehsed.org,klieberman@wsh-law.com,(954) 763-4242,purpose=Safety Enhancement; dependent; lga=City of Hollywood
sd-emerald-lakes-community-development-district,Emerald Lakes Community Development District,special_district,Brevard,https://www.EmeraldLakesCDD.com,wrathellc@whhassociates.com,(561) 571-0010,purpose=Community Development; independent; lga=City of Palm Bay
sd-enbrook-community-development-district,Enbrook Community Development District,special_district,Collier,https://enbrookcdd.net,jere.earlywin@kutakrock.com,(850) 528-6152,purpose=Community Development; independent; lga=Collier County
sd-enclave-at-black-point-marina-community-development-district,Enclave at Black Point Marina Community Development District,special_district,Miami-Dade,https://www.enclaveatblackpointcdd.com,mpawelczyk@bclmr.com,(954) 764-7150,purpose=Community Development; independent; lga=Miami-Dade County
sd-enclave-at-lake-geneva-community-development-district,Enclave at Lake Geneva Community Development District,special_district,Lake,https://www.enclaveatlakegenevacdd.net,wrathellc@whhassociates.com,(561) 571-0010,purpose=Community Development; independent; lga=City of Fruitland Park
sd-encore-community-development-district,Encore Community Development District,special_district,Hillsborough,https://encorecdd.org,brizzetta@rizzetta.com,(813) 514-0400,purpose=Community Development; independent; lga=City of Tampa
sd-englewood-area-fire-control-district,Englewood Area Fire Control District,special_district,"Sarasota, Charlotte",https://www.englewood-fire.com,keaston@englewood-fire.com,(941) 474-3311,purpose=Fire Control and Rescue; independent; lga=Multi
sd-englewood-community-redevelopment-agency,Englewood Community Redevelopment Agency,special_district,Sarasota,https://scgov.net/englewoodcra,mcastaneda@scgov.net,(941) 473-9795,purpose=Community Redevelopment; dependent; lga=Sarasota County
sd-englewood-water-district,Englewood Water District,special_district,"Sarasota, Charlotte",https://www.englewoodwater.com,rberntsson@bigwlaw.com,(941) 627-1000,purpose=Water and/or Wastewater Systems; independent; lga=Multi
sd-enterprise-community-development-district,Enterprise Community Development District,special_district,Osceola,https://Enterprisecdd.org,sarah.sandy@kutakrock.com,(850) 692-7300,purpose=Community Development; independent; lga=Osceola County
sd-entrada-community-development-district,Entrada Community Development District,special_district,St. Johns,https://entradacdd.org,brizzetta@rizzetta.com,(813) 514-0400,purpose=Community Development; independent; lga=St. Johns County
sd-epmore-community-development-district,Epmore Community Development District,special_district,Miami-Dade,https://www.epmorecdd.com,mpawelczyk@bclmr.com,(954) 764-7150,purpose=Community Development; independent; lga=Miami-Dade County
sd-epperson-north-community-development-district,Epperson North Community Development District,special_district,Pasco,https://www.eppersonnorthcdd.org,gshir@shirlawgroup.com,(561) 999-5999,purpose=Community Development; independent; lga=Pasco County
sd-epperson-ranch-community-development-district,Epperson Ranch Community Development District,special_district,Pasco,https://www.eppersonranchcdd.org,michael.eckert@kutakrock.com,(850) 692-7329,purpose=Community Development; independent; lga=Pasco County
sd-epperson-ranch-ii-community-development-district,Epperson Ranch II Community Development District,special_district,Pasco,https://www.eppersonranch2cdd.org,jere.earlywine@kutakrock.com,(850) 528-6152,purpose=Community Development; independent; lga=Pasco County
sd-escambia-children-s-trust,Escambia Children's Trust,special_district,Escambia,https://EscambiaChildrensTrust.org,lcannon@escambiachildrenstrust.org,(850) 475-4980,purpose=Children's Services; independent; lga=Escambia County
sd-escambia-county-housing-finance-authority,Escambia County Housing Finance Authority,special_district,Escambia,https://www.escambiahfa.com,lisa.bernau@escambiahfa.com,(850) 432-7077,purpose=Housing Finance; dependent; lga=Escambia County
sd-escambia-county-law-library,Escambia County Law Library,special_district,Escambia,https://escambialawlibrary.weebly.com,susan.dobinson@flcourts1.gov,(850) 595-4468,purpose=Library - Law; independent; lga=Escambia County
sd-escambia-health-facilities-authority,Escambia Health Facilities Authority,special_district,Escambia,https://www.echealthfinance.org,vlyeagle@echealthfinance.org,(850) 432-7555,purpose=Health Facilities; dependent; lga=Escambia County
sd-escambia-soil-and-water-conservation-district,Escambia Soil and Water Conservation District,special_district,Escambia,https://escambiasoilandwater.specialdistrict.org,djwillia@myescambia.com,(850) 494-7593,purpose=Soil and Water Conservation; independent; lga=Escambia County
sd-esplanade-at-wellen-park-community-development-district,Esplanade at Wellen Park Community Development District,special_district,Sarasota,https://www.EsplanadeatWellenParkcdd.org,wardj@pfm.com,(407) 723-5900,purpose=Community Development; independent; lga=Sarasota County
sd-esplanade-lake-club-community-development-district,Esplanade Lake Club Community Development District,special_district,Lee,https://EsplanadeLakeClubCDD.org,wardj@pfm.com,(407) 723-5900,purpose=Community Development; independent; lga=Lee County
sd-estancia-at-wiregrass-community-development-district,Estancia at Wiregrass Community Development District,special_district,Pasco,https://www.estanciawiregrasscdd.com,michael.eckert@kutakrock.com,(850) 692-7300,purpose=Community Development; independent; lga=Pasco County
sd-estates-at-cherry-lake-community-development-district,Estates at Cherry Lake Community Development District,special_district,Lake,https://estatesatcherrylakecdd.org,brizzetta@rizzetta.com,(813) 514-0400,purpose=Community Development; independent; lga=City of Groveland
sd-estero-fire-rescue-district,Estero Fire Rescue District,special_district,Lee,https://esterofire.org,vanderbrook@esterofire.org,(239) 390-8000,purpose=Fire Control and Rescue; independent; lga=Lee County
sd-eureka-grove-community-development-district,Eureka Grove Community Development District,special_district,Miami-Dade,http://Duebytheendofthefirstfullfiscalyearaftercreation.,mpawelczyk@bclmr.com,(954) 764-7150,purpose=Community Development; independent; lga=Miami-Dade County
sd-everest-gmr-community-development-district,Everest GMR Community Development District,special_district,Osceola,https://everestgmrcdd.com,jonathan.johnson@kutakrock.com,(850) 692-7300,purpose=Community Development; independent; lga=Osceola County
sd-everglades-agricultural-area-environmental-protection-district,Everglades Agricultural Area Environmental Protection District,special_district,"Glades, Hendry, Palm Beach",https://floridawatercontroldistricts.org/Everglades.htm,schoech@caldwellpacetti.com,(561) 655-0620,purpose=Environmental Protection / Management; independent; lga=Multi
sd-evergreen-community-development-district,Evergreen Community Development District,special_district,Manatee,https://www.evergreencdd.net,wrathellc@whhassociates.com,(561) 571-0010,purpose=Community Development; independent; lga=Manatee County
sd-everlands-community-development-district,Everlands Community Development District,special_district,Brevard,https://www.everlandscdd.org,mpawelczyk@bclmr.com,(954) 764-7150,purpose=Community Development; independent; lga=City of Palm Bay
sd-everlands-ii-community-development-district,Everlands II Community Development District,special_district,Brevard,https://everlands2cdd.org,mpawelczyk@bclmr.com,(954) 764-7150,purpose=Community Development; independent; lga=City of Palm Bay
sd-falcon-trace-community-development-district,Falcon Trace Community Development District,special_district,Orange,https://www.falcontracecdd.com,michael.eckert@kutakrock.com,(850) 692-7300,purpose=Community Development; independent; lga=Orange County
sd-fallschase-community-development-district,Fallschase Community Development District,special_district,Leon,https://www.fallschasecdd.net,jessicamcgrew@greenwood1827.com,(850) 879-5430,purpose=Community Development; independent; lga=Leon County
sd-feed-mill-community-development-district,Feed Mill Community Development District,special_district,Clay,https://www.feedmillcdd.org,brizzetta@rizzetta.com,(813) 514-0400,purpose=Community Development; independent; lga=Clay County
sd-fellsmere-water-control-district,Fellsmere Water Control District,special_district,Indian River,https://www.fellsmerewatercontroldistrict.org,mmathes@fellsmerewatercontroldistrict.org,(772) 571-0640,purpose=Drainage and/or Water Control; independent; lga=Indian River County
sd-fernandina-beach-community-redevelopment-agency,Fernandina Beach Community Redevelopment Agency,special_district,Nassau,https://www.fbfl.us/757/Community-Redevelopment-Area-CRA,jantun@fb.fl.org,(904) 310-3115,purpose=Community Redevelopment; dependent; lga=City of Fernandina Beach
sd-fiddler-s-creek-community-development-district,Fiddler's Creek Community Development District,special_district,Collier,https://www.fiddlerscreekcdd1.net,wrathellc@whhassociates.com,(561) 571-0010,purpose=Community Development; independent; lga=Collier County
sd-fiddler-s-creek-community-development-district-number-2,Fiddler's Creek Community Development District Number 2,special_district,Collier,https://www.fiddlerscreekcdd2.net,wrathellc@whhassociates.com,(561) 571-0010,purpose=Community Development; independent; lga=Collier County
sd-finley-woods-community-development-district,Finley Woods Community Development District,special_district,Alachua,https://www.finleywoodscdd.com,michelle.rigoni@kutakrock.com,(850) 692-7300,purpose=Community Development; independent; lga=City of Gainesville
sd-firelight-community-development-district,Firelight Community Development District,special_district,Charlotte,https://FirelightCDD.net,wrathellc@whhassociates.com,(561) 571-0010,purpose=Community Development; independent; lga=Charlotte County
sd-firelight-east-community-development-district,Firelight East Community Development District,special_district,Charlotte,https://www.firelighteastcdd.net,wrathellc@whhassociates.com,(561) 571-0010,purpose=Community Development; independent; lga=Charlotte County
sd-firethorn-community-development-district,Firethorn Community Development District,special_district,Manatee,https://www.Firethorncdd.org,wardj@pfm.com,(407) 723-5900,purpose=Community Development; independent; lga=Manatee County
sd-first-coast-workforce-development-consortium,First Coast Workforce Development Consortium,special_district,"Baker, Duval, Nassau, Putnam, St. Johns, Clay",https://www.fcwdconsortium.wordpress.com,sdionisio@careersourcenefl.com,(904) 213-3800,purpose=Economic Development; independent; lga=Multi
sd-fish-lake-cove-community-development-district,Fish Lake Cove Community Development District,special_district,Osceola,http://Duebytheendofthefirstfullfiscalyearaftercreation.,wrathellc@whhassociates.com,(561) 571-0010,purpose=Community Development; independent; lga=Osceola County
sd-fishhawk-community-development-district-iv,Fishhawk Community Development District IV,special_district,Hillsborough,https://fishhawkcdd4.org,brizzetta@rizzetta.com,(813) 514-0400,purpose=Community Development; independent; lga=Hillsborough County
sd-fishhawk-ranch-community-development-district,Fishhawk Ranch Community Development District,special_district,Hillsborough,https://www.fishhawkranchcdd.org,edailey@halifax-solutions.com,(813) 575-1955,purpose=Community Development; independent; lga=Hillsborough County
sd-five-points-dependent-special-district,Five Points Dependent Special District,special_district,Duval,http://Duebytheendofthefirstfullfiscalyearaftercreation.,,,purpose=Municipal-Type Services and Improvements; dependent; lga=City of Jacksonville
sd-flaghole-drainage-district,Flaghole Drainage District,special_district,"Glades, Hendry",https://www.flagholedd.com,meadows@gate.net,(863) 983-5111,purpose=Drainage and/or Water Control; independent; lga=Multi
sd-flagler-beach-community-redevelopment-agency,Flagler Beach Community Redevelopment Agency,special_district,Flagler,https://www.cityofflaglerbeach.com/index.aspx?nid=121,pking@cityofflaglerbeach.com,(386) 517-2000,purpose=Community Redevelopment; dependent; lga=City of Flagler Beach
sd-flagler-county-housing-authority,Flagler County Housing Authority,special_district,Flagler,https://www.FlaglerCountyHousingAuthority.com,rbeyrer@flaglerhousing.org,(386) 437-3221,purpose=Housing Authority; independent; lga=Flagler County
sd-flagler-county-industrial-development-authority,Flagler County Industrial Development Authority,special_district,Flagler,http://Duebytheendofthefirstfullfiscalyearaftercreation.,tarrington@visitflagler.com,(386) 313-4070,purpose=Industrial Development; dependent; lga=Flagler County
sd-flagler-estates-road-and-water-control-district,Flagler Estates Road and Water Control District,special_district,St. Johns,http://Duebytheendofthefirstfullfiscalyearaftercreation.,lagee@windstream.net,(904) 692-1513,purpose=Drainage and/or Water Control; independent; lga=St. Johns County
sd-fleming-island-plantation-community-development-district,Fleming Island Plantation Community Development District,special_district,Clay,https://www.fipcdd.com,katie.buchanan@kutakrock.com,(850) 692-7300,purpose=Community Development; independent; lga=Clay County
sd-flora-ridge-education-facilities-benefit-district,Flora Ridge Education Facilities Benefit District,special_district,Osceola,https://www.osceolaschools.net/page/1460,brenda.riveraosorio@osceolaschools.net,(407) 870-4924,purpose=Educational Facilities Benefit; dependent; lga=City of Kissimmee
sd-florida-atlantic-research-and-development-authority,Florida Atlantic Research and Development Authority,special_district,"Broward, Palm Beach",https://www.FARDA.gov,aduffell@research-park.org,,purpose=Research and Development; independent; lga=Multi
sd-florida-city-community-redevelopment-agency,Florida City Community Redevelopment Agency,special_district,Miami-Dade,https://www.floridacityfl.gov/cra,craexdir@floridacityfl.gov,(305) 247-8221,purpose=Community Redevelopment; dependent; lga=City of Florida City
sd-florida-green-finance-authority,Florida Green Finance Authority,special_district,Palm Beach,https://www.flgfa.org,twodraska@sdsinc.org,(561) 630-4922,purpose=Qualifying Improvements to Real Property; independent; lga=Multi
sd-florida-inland-navigation-district,Florida Inland Navigation District,special_district,"Flagler, Indian River, Martin, Miami-Dade, Nassau, Palm Beach, St. Johns, Brevard, Broward, Duval, St. Lucie, Volusia",https://www.aicw.org,jzimmerman@aicw.org,(561) 627-3386,purpose=Inland Navigation and Waterways; independent; lga=Multi
sd-florida-keys-aqueduct-authority,Florida Keys Aqueduct Authority,special_district,Monroe,https://www.fkaa.com,gveliz@fkaa.com,(305) 295-2200,purpose=Water and/or Wastewater Systems; independent; lga=Monroe County
sd-florida-keys-mosquito-control-district,Florida Keys Mosquito Control District,special_district,Monroe,https://keysmosquito.org,aleal@keysmosquito.org,(305) 292-7190,purpose=Mosquito Control; independent; lga=Monroe County
sd-florida-pace-funding-agency,Florida PACE Funding Agency,special_district,"Flagler, Osceola",https://www.floridapace.gov,jamy@civforgelaw.com,(239) 810-2682,purpose=Qualifying Improvements to Real Property; independent; lga=Flagler County and City of Kissimmee
sd-florida-resiliency-and-energy-district,Florida Resiliency and Energy District,special_district,"Broward, Charlotte, Baker, Brevard, Alachua, Citrus, Collier, Escambia, Hernando, Highlands, Hillsborough, Jefferson, Lake, Lee, Leon, Levy, Manatee, Marion, Martin, Miami-Dade, Monroe, Nassau, Orange, Osceola, Palm Beach, Pasco, Pinellas, Polk, Sarasota, Seminole, Volusia, Franklin, Madison, Duval, Flagler, Gilchrist, St. Johns, Suwannee",https://www.flpace.org,rbartkus@fdfcbonds.com,(407) 712-6356,purpose=Qualifying Improvements to Real Property; independent; lga=Multiple
sd-florosa-fire-control-district,Florosa Fire Control District,special_district,Okaloosa,https://FlorosaFire.org,cindy@pncharris.com,(850) 581-2900,purpose=Fire Control and Rescue; independent; lga=Okaloosa County
sd-flow-way-community-development-district,Flow Way Community Development District,special_district,Collier,https://www.flowwaycdd.org,wardj@pfm.com,(407) 723-5900,purpose=Community Development; independent; lga=Collier County
sd-fontainbleau-lakes-community-development-district,Fontainbleau Lakes Community Development District,special_district,Miami-Dade,https://www.fontainbleaulakescdd.org,mpawelczyk@bclmr.com,(954) 764-7150,purpose=Community Development; independent; lga=Miami-Dade County
sd-forest-brooke-community-development-district,Forest Brooke Community Development District,special_district,Hillsborough,https://forestbrookecdd.org,jvericker@srvlegal.com,(813) 223-9400,purpose=Community Development; independent; lga=Hillsborough County
sd-forest-creek-community-development-district,Forest Creek Community Development District,special_district,Manatee,https://forestcreekcdd.org,mreiss@appletonreiss.com,(813) 542-5029,purpose=Community Development; independent; lga=Manatee County
sd-forest-lake-community-development-district,Forest Lake Community Development District,special_district,Polk,https://forestlakecdd.com,calopez@npgcam.com,(407) 929-1684,purpose=Community Development; independent; lga=Polk County
sd-forest-oaks-community-development-district,Forest Oaks Community Development District,special_district,Palm Beach,https://forestoakscdd.org,twodraska@sdsinc.org,(877) 737-4922,purpose=Community Development; independent; lga=Palm Beach County
sd-fort-lauderdale-community-redevelopment-agency,Fort Lauderdale Community Redevelopment Agency,special_district,Broward,https://www.fortlauderdale.gov/departments/city-manager-s-office/budget-cip-and-grants-division/dependent-special-districts,svgrant@fortlauderdale.gov,(954) 828-5959,purpose=Community Redevelopment; dependent; lga=City of Fort Lauderdale
sd-fort-lauderdale-housing-authority,Fort Lauderdale Housing Authority,special_district,Broward,https://www.hacfl.com,mtadros@hacfl.com,,purpose=Housing Authority; dependent; lga=City of Fort Lauderdale
sd-fort-myers-beach-fire-control-district,Fort Myers Beach Fire Control District,special_district,Lee,https://www.fmbfirefl.gov,jthompson@fmbfirefl.gov,(239) 590-4200,purpose=Fire Control and Rescue; independent; lga=Lee County
sd-fort-myers-beach-mosquito-control-district,Fort Myers Beach Mosquito Control District,special_district,Lee,https://FortMyersBeachMosquitoControl.com,fmbmctd@gmail.com,(239) 247-1205,purpose=Mosquito Control; independent; lga=Lee County
sd-fort-myers-beach-public-library-district,Fort Myers Beach Public Library District,special_district,Lee,https://www.fmb.lib.fl.us,cletusp@fmb.lib.fl.us,(239) 463-9691,purpose=Library - Local; independent; lga=Lee County and Town of Fort Myers Beach
sd-fort-myers-community-redevelopment-agency,Fort Myers Community Redevelopment Agency,special_district,Lee,https://www.fortmyerscra.com,mhylton@fortmyers.gov,(239) 321-7100,purpose=Community Redevelopment; dependent; lga=City of Fort Myers
sd-fort-myers-housing-authority,Fort Myers Housing Authority,special_district,Lee,https://hacfm.org,marcia@hacfm.org,(239) 344-3222,purpose=Housing Authority; dependent; lga=City of Fort Myers
sd-fort-myers-shores-fire-protection-and-rescue-district,Fort Myers Shores Fire Protection and Rescue District,special_district,Lee,https://www.fmsfd.org,rewis@fmsfd.org,,purpose=Fire Control and Rescue; independent; lga=Lee County
sd-fort-pierce-farms-water-control-district,Fort Pierce Farms Water Control District,special_district,St. Lucie,https://fpfwcd.org,nslrwcd@bellsouth.net,(772) 464-0939,purpose=Drainage and/or Water Control; independent; lga=St. Lucie County
sd-fort-pierce-redevelopment-agency,Fort Pierce Redevelopment Agency,special_district,St. Lucie,https://www.choosefortpierce.com,rchess@cityoffortpierce.com,(772) 467-3793,purpose=Community Redevelopment; dependent; lga=City of Fort Pierce
sd-fort-walton-beach-community-redevelopment-agency,Fort Walton Beach Community Redevelopment Agency,special_district,Okaloosa,https://www.fwb.org,clerk@fwb.org,(850) 833-9509,purpose=Community Redevelopment; dependent; lga=City of Fort Walton Beach
sd-fort-walton-beach-housing-authority,Fort Walton Beach Housing Authority,special_district,Okaloosa,https://www.fwbha.com,fwbha@fwbha.org,(850) 243-3224,purpose=Housing Authority; dependent; lga=City of Fort Walton Beach
sd-forty-ninth-street-corridor-redevelopment-district,Forty-Ninth Street Corridor Redevelopment District,special_district,Pinellas,https://www.mygulfport.us,joreilly@mygulfport.us,(727) 893-1000,purpose=Community Redevelopment; dependent; lga=City of Gulfport
sd-founders-ridge-community-development-district,Founders Ridge Community Development District,special_district,Lake,https://www.foundersridgecdd.com,tucker.mackie@kutakrock.com,(850) 692-7300,purpose=Community Development; independent; lga=City of Minneola
sd-fox-branch-ranch-community-development-district-2021,Fox Branch Ranch Community Development District (2021),special_district,Polk,https://FoxBranchRanchCDD.net,wrathellc@whhassociates.com,(561) 571-0010,purpose=Community Development; independent; lga=Polk County
sd-franklin-soil-and-water-conservation-district,Franklin Soil and Water Conservation District,special_district,Franklin,https://franksoilandwater.specialdistrict.org,cathy.davis@fl.nacdnet.net,(850) 674-8271,purpose=Soil and Water Conservation; independent; lga=Franklin County
sd-fred-r-wilson-memorial-law-library,Fred R. Wilson Memorial Law Library,special_district,Seminole,https://semc.ent.sirsi.net/client/en_US/wilsonlawlibrary,daniel.kavanaugh@hklaw.com,(407) 244-1139,purpose=Library - Law; dependent; lga=Seminole County
sd-frerc-community-development-district,FRERC Community Development District,special_district,Orange,https://www.frerccdd.net,jonathan.johnson@kutakrock.com,(850) 692-7300,purpose=Community Development; independent; lga=City of Ocoee
sd-fronterra-community-development-district,Fronterra Community Development District,special_district,Collier,https://www.fronterracdd.com,lindsay.whelan@kutakrock.com,(850) 692-7300,purpose=Community Development; independent; lga=Collier County
sd-fruitland-park-community-redevelopment-agency,Fruitland Park Community Redevelopment Agency,special_district,Lake,https://www.fruitlandpark.org,gbachmann@fruitlandpark.org,(352) 801-7468,purpose=Community Redevelopment; dependent; lga=City of Fruitland Park
sd-gadsden-county-hospital,Gadsden County Hospital,special_district,Gadsden,https://gadsdengov.net,rraynak@gadsdencountyfl.gov,(850) 875-8650,purpose=Hospital; dependent; lga=Gadsden County
sd-gadsden-county-industrial-development-authority,Gadsden County Industrial Development Authority,special_district,Gadsden,https://www.GadsdenFLA.com,gadsdencc@tds.net,(850) 627-9231,purpose=Industrial Development; dependent; lga=Gadsden County
sd-gadsden-soil-and-water-conservation-district,Gadsden Soil and Water Conservation District,special_district,Gadsden,https://gadsdensoilandwater.org,mbrown.gsw@gmail.com,(850) 875-7255,purpose=Soil and Water Conservation; independent; lga=Gadsden County
sd-gainesville-housing-authority,Gainesville Housing Authority,special_district,Alachua,https://gainesvillehousingauthority.org,pamelad@gnvha.org,(352) 872-5500,purpose=Housing Authority; dependent; lga=City of Gainesville
sd-gainesville-alachua-county-regional-airport-authority,Gainesville-Alachua County Regional Airport Authority,special_district,Alachua,https://www.flygainesville.com,allan.penksa@flygainesville.com,(352) 373-0249,purpose=Airports / Air Navigation Facilities; independent; lga=City of Gainesville and Alachua County
sd-gapway-lakes-community-development-district,Gapway Lakes Community Development District,special_district,Polk,http://Duebytheendofthefirstfullfiscalyearaftercreation.,wrathellc@whhassociates.com,(561) 571-0010,purpose=Community Development; independent; lga=City of Auburndale
sd-gardens-at-hammock-beach-community-development-district,Gardens at Hammock Beach Community Development District,special_district,Flagler,https://www.GardensAtHammockBeachCDD.com,gflint@gmscfl.com,(407) 841-5524,purpose=Community Development; independent; lga=Flagler County
sd-gas-worx-community-development-district,Gas Worx Community Development District,special_district,Hillsborough,https://GasWorxCDD.com,brian.lamb@inframark.com,(813) 873-7300,purpose=Community Development; independent; lga=City of Tampa
sd-gasparilla-island-bridge-authority,Gasparilla Island Bridge Authority,special_district,"Charlotte, Lee",https://www.giba.us,kathy@giba.us,(941) 697-2271,purpose=Expressway and Bridge; independent; lga=Multi
sd-gateway-services-community-development-district,Gateway Services Community Development District,special_district,Lee,https://gatewaydistrict.org,apires@wpl-legal.com,(239) 649-6555,purpose=Community Development; independent; lga=Lee County
sd-george-e-weems-memorial-hospital,George E. Weems Memorial Hospital,special_district,Franklin,http://Duebytheendofthefirstfullfiscalyearaftercreation.,michael@franklincountyflorida.com,(850) 653-9783,purpose=Hospital; independent; lga=Franklin County
sd-gerber-groves-water-control-district,Gerber Groves Water Control District,special_district,Hendry,https://GerberGroves.mydistrictwebsite.com,garret@labellecpa.com,(863) 675-3903,purpose=Drainage and/or Water Control; independent; lga=Hendry County
sd-gilchrist-county-industrial-development-authority,Gilchrist County Industrial Development Authority,special_district,Gilchrist,https://www.gilchrist.fl.us,bcrosby@gilchrist.fl.us,(352) 463-3198,purpose=Industrial Development; dependent; lga=Gilchrist County
sd-gilchrist-soil-and-water-conservation-district,Gilchrist Soil and Water Conservation District,special_district,Gilchrist,https://gilchristsoilandwater.specialdistrict.org,ashley.cook-gregory@fdacs.gov,(352) 463-4093,purpose=Soil and Water Conservation; independent; lga=Gilchrist County
sd-gir-east-community-development-district,GIR East Community Development District,special_district,Osceola,https://www.gireastcdd.com,alyssa.willson@kutakrock.com,(850) 692-7310,purpose=Community Development; independent; lga=Osceola County
sd-glades-soil-and-water-conservation-district,Glades Soil and Water Conservation District,special_district,Glades,https://gladessoilandwater.org,,,purpose=Soil and Water Conservation; dependent; lga=Glades County
sd-gladeview-water-control-district,Gladeview Water Control District,special_district,Palm Beach,https://floridawatercontroldistricts.org/Gladeview.htm,schoech@caldwellpacetti.com,(561) 655-0620,purpose=Drainage and/or Water Control; independent; lga=Palm Beach County
sd-glen-st-johns-community-development-district,Glen St. Johns Community Development District,special_district,St. Johns,https://glenstjohnscdd.org,brizzetta@rizzetta.com,(813) 514-0400,purpose=Community Development; independent; lga=St. Johns County
sd-glenlakes-community-development-district,GlenLakes Community Development District,special_district,Hernando,http://Duebytheendofthefirstfullfiscalyearaftercreation.,brizzetta@rizzetta.com,(813) 514-0400,purpose=Community Development; independent; lga=Hernando County
sd-golden-gate-point-streetscape-special-district,Golden Gate Point Streetscape Special District,special_district,Sarasota,https://www.sarasotafl.gov/government/special-districts/sd-ggp,shayla.griggs@sarasotafl.gov,(941) 263-6222,purpose=Neighborhood Enhancement; dependent; lga=City of Sarasota
sd-golden-gem-community-development-district,Golden Gem Community Development District,special_district,Orange,https://goldengemcdd.com,gflint@gmscfl.com,(407) 841-5524,purpose=Community Development; independent; lga=City of Apopka
sd-golden-isles-safe-neighborhood-district,Golden Isles Safe Neighborhood District,special_district,Broward,https://www.hallandalebeachfl.gov,jearle@cohb.org,(954) 457-1300,purpose=Neighborhood Improvement - Local Gov.; dependent; lga=City of Hallandale Beach
sd-golden-lakes-community-development-district,Golden Lakes Community Development District,special_district,Polk,https://Goldenlakescdd.org,sclark@winterparklawyers.com,(407) 647-7600,purpose=Community Development; independent; lga=Polk County
sd-governors-park-north-community-development-district,Governors Park North Community Development District,special_district,Clay,http://Duebytheendofthefirstfullfiscalyearaftercreation.,wrathellc@whhassociates.com,(561) 571-0010,purpose=Community Development; independent; lga=Clay County
sd-governors-park-south-community-development-district,Governors Park South Community Development District,special_district,Clay,https://www.governorsparksouthcdd.net,wrathellc@whhassociates.com,(561) 571-0010,purpose=Community Development; independent; lga=Clay County
sd-grace-groves-community-development-district,Grace Groves Community Development District,special_district,Lake,https://www.gracegrovescdd.org,brizzetta@rizzetta.com,(813) 514-0400,purpose=Community Development; independent; lga=City of Leesburg
sd-gracewater-sarasota-community-development-district,Gracewater Sarasota Community Development District,special_district,Sarasota,https://GracewaterSarasotaCDD.net,wrathellc@whhassociates.com,(561) 571-0010,purpose=Community Development; independent; lga=Sarasota County
sd-gramercy-farms-community-development-district,Gramercy Farms Community Development District,special_district,Osceola,https://gramercyfarmscdd.org,brizzetta@rizzetta.com,(813) 514-0400,purpose=Community Development; independent; lga=City of St. Cloud
sd-grand-bay-at-doral-community-development-district,Grand Bay at Doral Community Development District,special_district,Miami-Dade,https://www.grandbayatdoralcdd.org,mpawelczyk@bclmr.com,(954) 764-7150,purpose=Community Development; independent; lga=City of Doral
sd-grand-hampton-community-development-district,Grand Hampton Community Development District,special_district,Hillsborough,https://grandhamptoncdd.org,brizzetta@rizzetta.com,(813) 514-0400,purpose=Community Development; independent; lga=City of Tampa
sd-grand-haven-community-development-district,Grand Haven Community Development District,special_district,Flagler,https://www.grandhavencdd.org,sclark@winterparklawyers.com,(407) 647-7600,purpose=Community Development; independent; lga=City of Palm Coast
sd-grand-oaks-community-development-district,Grand Oaks Community Development District,special_district,St. Johns,https://www.grandoakscdd.org,wesley.haber@kutakrock.com,(850) 692-7305,purpose=Community Development; independent; lga=St. Johns County
sd-grande-pines-community-development-district,Grande Pines Community Development District,special_district,Orange,https://GrandePinesCDD.com,jcarpenter@lathamluna.com,(407) 481-5800,purpose=Community Development; independent; lga=Orange County
sd-greater-boca-raton-beach-and-park-district,Greater Boca Raton Beach and Park District,special_district,Palm Beach,https://www.mybocaparks.org,bharms@mybocaparks.org,(561) 417-4599,purpose=Beach Facilities; independent; lga=City of Boca Raton
sd-greater-lakes-sawgrass-bay-community-development-district,Greater Lakes / Sawgrass Bay Community Development District,special_district,Lake,https://glsbcdd.org,brizzetta@rizzetta.com,(813) 514-0400,purpose=Community Development; independent; lga=Lake County
sd-greater-leesburg-community-redevelopment-agency,Greater Leesburg Community Redevelopment Agency,special_district,Lake,https://https://leesburgflorida.gov/my_city/departments/housing/glcra.php,citymanager@leesburgflorida.gov,(352) 728-9704,purpose=Community Redevelopment; dependent; lga=City of Leesburg
sd-greater-miami-expressway-agency,Greater Miami Expressway Agency,special_district,Miami-Dade,http://Duebytheendofthefirstfullfiscalyearaftercreation.,,,purpose=Expressway and Bridge; independent; lga=Miami-Dade County
sd-greater-naples-fire-rescue-district,Greater Naples Fire Rescue District,special_district,Collier,https://greaternaplesfire.org,accountspayable@gnfire.org,(239) 348-7540,purpose=Fire Control and Rescue; independent; lga=Collier County
sd-greater-orlando-aviation-authority,Greater Orlando Aviation Authority,special_district,Orange,https://www.orlandoairports.net,kathleen.sharman@goaa.org,(407) 825-2043,purpose=Airports / Air Navigation Facilities; independent; lga=City of Orlando
sd-green-corridor-property-assessment-clean-energy-pace-district,Green Corridor Property Assessment Clean Energy (PACE) District,special_district,Miami-Dade,https://greencordist.com,rhans@gmssf.com,(954) 721-8681,purpose=Qualifying Improvements to Real Property; independent; lga=Multiple Municipalities
sd-green-cove-springs-community-redevelopment-agency,Green Cove Springs Community Redevelopment Agency,special_district,Clay,https://www.greencovesprings.com/336/Community-Redevelopment-Agency,heather.boucher@claycountygov.com,(904) 278-3647,purpose=Community Redevelopment; dependent; lga=City of Green Cove Springs
sd-greenbriar-community-development-district,Greenbriar Community Development District,special_district,St. Johns,https://www.greenbriarcdd.net,michael.eckert@kutakrock.com,(850) 692-7300,purpose=Community Development; independent; lga=St. Johns County
sd-greeneway-improvement-district,GreeneWay Improvement District,special_district,Orange,https://www.greenewayid.org,lanea@pfm.com,(407) 723-5900,purpose=Community Development; independent; lga=City of Orlando
sd-grenelefe-community-development-district,Grenelefe Community Development District,special_district,Polk,http://Duebytheendofthefirstfullfiscalyearaftercreation.,wrathellc@whhassociates.com,(561) 571-0010,purpose=Community Development; independent; lga=Polk County
sd-gretna-housing-authority,Gretna Housing Authority,special_district,Gadsden,https://www.mygretna.com,ajefferson@mygretna.com,(850) 879-1864,purpose=Housing Authority; dependent; lga=City of Gretna
sd-gretna-neighborhood-improvement-district,Gretna Neighborhood Improvement District,special_district,Gadsden,https://www.mygretna.com,ajefferson@mygretna.com,(850) 879-1864,purpose=Neighborhood Improvement - Local Gov.; dependent; lga=City of Gretna
sd-greyhawk-landing-community-development-district,Greyhawk Landing Community Development District,special_district,Manatee,https://greyhawkcdd.org,brizzetta@rizzetta.com,(813) 514-0400,purpose=Community Development; independent; lga=Manatee County
sd-griffin-lakes-community-development-district,Griffin Lakes Community Development District,special_district,Broward,https://griffinlakescdd.com,mpawelczyk@bclmr.com,(954) 764-7150,purpose=Community Development; independent; lga=City of Dania Beach
sd-grove-community-district,Grove Community District,special_district,Okeechobee,https://www.grovecd.org,hridgely@evansprop.com,(772) 234-2410,purpose=Infrastructure Development; independent; lga=Okeechobee County
sd-grove-resort-community-development-district,Grove Resort Community Development District,special_district,Orange,https://groveresortcdd.com,michael.eckert@kutakrock.com,(850) 692-7300,purpose=Community Development; independent; lga=Orange County
sd-groveland-community-redevelopment-agency,Groveland Community Redevelopment Agency,special_district,Lake,https://www.groveland-fl.gov/191,timothy.maslow@groveland-fl.gov,(352) 306-6492,purpose=Community Redevelopment; dependent; lga=City of Groveland
sd-groves-at-lake-marion-community-development-district,Groves at Lake Marion Community Development District,special_district,Polk,http://Duebytheendofthefirstfullfiscalyearaftercreation.,wrathellc@whhassociates.com,(561) 571-0010,purpose=Community Development; independent; lga=Polk County
sd-groves-community-development-district-the,"Groves Community Development District, The",special_district,Pasco,https://thegrovescdd.org,lauren@cddlawyers.com,(877) 350-0372,purpose=Community Development; independent; lga=Pasco County
sd-gulf-breeze-community-redevelopment-agency,Gulf Breeze Community Redevelopment Agency,special_district,Santa Rosa,https://cityofgulfbreeze.us/community-redevelopment-agency,sabell@gulfbreezefl.gov,(850) 934-5100,purpose=Community Redevelopment; dependent; lga=City of Gulf Breeze
sd-gulf-consortium,Gulf Consortium,special_district,"Okaloosa, Pasco, Pinellas, Santa Rosa, Sarasota, Taylor, Wakulla, Walton, Bay, Charlotte, Citrus, Collier, Dixie, Escambia, Franklin, Gulf, Hernando, Hillsborough, Jefferson, Lee, Levy, Manatee, Monroe",https://www.gulfconsortium.org,lhoshihara@ngnlaw.com,(850) 224-4070,purpose=Gulf Environmental and Economic Recovery; independent; lga=Multiple Counties
sd-gulfport-waterfront-community-redevelopment-agency,Gulfport Waterfront Community Redevelopment Agency,special_district,Pinellas,https://mygulfport.us/waterfront-redevelopment-district/,joreilly@mygulfport.us,(727) 893-1000,purpose=Community Redevelopment; dependent; lga=City of Gulfport
sd-gulfstream-polo-community-development-district,Gulfstream Polo Community Development District,special_district,Palm Beach,https://www.gulfstreampolocdd.org,jpierman@sdsinc.org,(561) 630-4922,purpose=Community Development; independent; lga=Palm Beach County
sd-habitat-community-development-district,Habitat Community Development District,special_district,Lee,https://habitatcdd.com,gurbancic@cyklawfirm.com,(239) 435-3535,purpose=Community Development; independent; lga=Village of Estero
sd-habitat-safe-neighborhood-improvement-district,Habitat Safe Neighborhood Improvement District,special_district,Broward,http://Duebytheendofthefirstfullfiscalyearaftercreation.,alfreda@cowardlaw.com,(954) 722-0863,purpose=Neighborhood Improvement - Local Gov.; dependent; lga=City of Lauderhill
sd-hacienda-lakes-community-development-district,Hacienda Lakes Community Development District,special_district,Collier,https://www.haciendalakescdd.com,gurbancic@cyklawfirm.com,(239) 435-3535,purpose=Community Development; independent; lga=Collier County
sd-hacienda-north-community-development-district,Hacienda North Community Development District,special_district,Collier,https://haciendanorthcdd.com,gurbancic@cyklawfirm.com,(239) 435-3535,purpose=Community Development; independent; lga=Collier County
sd-haines-city-community-redevelopment-agency,Haines City Community Redevelopment Agency,special_district,Polk,https://www.hainescity.com/336/Community-Redevelopment-Agency-CRA,james.elensky@hainescity.com,(863) 421-3600,purpose=Community Redevelopment; dependent; lga=City of Haines City
sd-haines-city-water-control-district,Haines City Water Control District,special_district,Polk,https://hainescitywatercontroldistrict.com,myhcwcd@gmail.com,(321) 541-5339,purpose=Drainage and/or Water Control; independent; lga=Polk County
sd-halifax-hospital-medical-center,Halifax Hospital Medical Center,special_district,Volusia,https://www.halifaxhealthdistrict.org,kelly.kwiatek@halifax.org,(386) 425-4340,purpose=Hospital; independent; lga=Volusia County
sd-hallandale-beach-community-redevelopment-agency,Hallandale Beach Community Redevelopment Agency,special_district,Broward,https://cohbcra.org,jearle@cohb.org,(954) 457-3070,purpose=Community Redevelopment; dependent; lga=City of Hallandale Beach
sd-ham-brown-reserve-community-development-district,Ham Brown Reserve Community Development District,special_district,Osceola,https://hambrownreservecdd.net,wrathellc@whhassociates.com,(561) 571-0010,purpose=Community Development; independent; lga=Osceola County
sd-hamal-community-development-district,Hamal Community Development District,special_district,Palm Beach,https://www.hamalcdd.com,michelle.rigoni@kutakrock.com,(850) 692-7300,purpose=Community Development; independent; lga=City of West Palm Beach
sd-hamilton-bluff-community-development-district,Hamilton Bluff Community Development District,special_district,Polk,https://www.hamiltonbluffcdd.com,jburns@gmscfl.com,(407) 841-5524,purpose=Community Development; independent; lga=Town of Lake Hamilton
sd-hamilton-county-development-authority,Hamilton County Development Authority,special_district,Hamilton,https://www.hamiltoncda.org,cmathis@hamiltoncda.org,(386) 362-2040,purpose=County Development; independent; lga=Hamilton County
sd-hamilton-county-memorial-hospital,Hamilton County Memorial Hospital,special_district,Hamilton,https://hamiltoncmh.com,altman43@yahoo.com,(386) 792-1320,purpose=Hospital - County; independent; lga=Hamilton County
sd-hamilton-county-soil-and-water-conservation-district,Hamilton County Soil and Water Conservation District,special_district,Hamilton,https://hamiltonswcd.weebly.com,jimpaa@hotmail.com,(386) 938-5659,purpose=Soil and Water Conservation; independent; lga=Hamilton County
sd-hammock-bay-community-development-district,Hammock Bay Community Development District,special_district,Walton,https://HammockBayCDD.com,brian.lamb@inframark.com,(813) 397-5121,purpose=Community Development; independent; lga=City of Freeport
sd-hammock-oaks-community-development-district,Hammock Oaks Community Development District,special_district,Lake,https://hammockoakscdd.net,brizzetta@rizzetta.com,(813) 514-0400,purpose=Community Development; independent; lga=Town of Lady Lake
sd-hammock-oaks-golf-and-rv-resort-community-development-district,Hammock Oaks Golf and RV Resort Community Development District,special_district,Sumter,https://hammockoakscdd.com,jburns@gmscfl.com,(407) 841-5524,purpose=Community Development; independent; lga=Sumter County
sd-hammock-reserve-community-development-district,Hammock Reserve Community Development District,special_district,Polk,https://HammockReserveCDD.com,jburns@gmscfl.com,(407) 841-5524,purpose=Community Development; independent; lga=City of Haines City
sd-hammock-woods-special-dependent-tax-district,Hammock Woods Special Dependent Tax District,special_district,Hillsborough,https://HammockWoods.mydistrictwebsite.com,kwoods5916@gmail.com,(813) 892-2807,purpose=Neighborhood Enhancement; dependent; lga=Hillsborough County
sd-hammocks-community-development-district,Hammocks Community Development District,special_district,Hillsborough,https://thehammockscdd.com,vbabbar@srvlegal.com,(813) 223-9400,purpose=Community Development; independent; lga=City of Tampa
sd-harbor-bay-community-development-district,Harbor Bay Community Development District,special_district,Hillsborough,https://www.harborbaycdd.org,acohen@swflgovlaw.com,(941) 306-4730,purpose=Community Development; independent; lga=Hillsborough County
sd-harbor-reserve-community-development-district,Harbor Reserve Community Development District,special_district,Osceola,https://www.harborreservecdd.net,jburns@gmscfl.com,(407) 841-5524,purpose=Community Development; independent; lga=Osceola County
sd-harbor-village-community-development-district,Harbor Village Community Development District,special_district,Charlotte,https://HarborVillageCDD.net,wrathellc@whhassociates.com,(561) 571-0010,purpose=Community Development; independent; lga=Charlotte County
sd-harbour-isles-community-development-district,Harbour Isles Community Development District,special_district,Hillsborough,https://harbourislescdd.org,vbabbar@srvlegal.com,(813) 223-9400,purpose=Community Development; independent; lga=Hillsborough County
sd-harbour-lakes-community-development-district,Harbour Lakes Community Development District,special_district,DeSoto,http://Duebytheendofthefirstfullfiscalyearaftercreation.,wrathellc@whhassociates.com,(561) 571-0010,purpose=Community Development; independent; lga=DeSoto County
sd-harbour-waterway-special-district,Harbour Waterway Special District,special_district,Duval,https://www.hwsd.org,s.pipes.hwsd@att.net,(904) 642-0097,purpose=Inland Navigation and Waterways; dependent; lga=City of Jacksonville
sd-harbourage-at-braden-river-community-development-district,Harbourage at Braden River Community Development District,special_district,Manatee,https://harbouragecdd.org,jvericker@srvlegal.com,(813) 223-9400,purpose=Community Development; independent; lga=Manatee County
sd-hardee-county-economic-development-authority,Hardee County Economic Development Authority,special_district,Hardee,http://Duebytheendofthefirstfullfiscalyearaftercreation.,brandy.crawford@hardeecountyfl.gov,(863) 773-9430,purpose=Economic Development; independent; lga=Hardee County
sd-hardee-county-housing-authority,Hardee County Housing Authority,special_district,Hardee,http://Duebytheendofthefirstfullfiscalyearaftercreation.,cmables@heartlandfloridalaw.com,(863) 773-0500,purpose=Housing Authority; independent; lga=Hardee County
sd-hardee-county-industrial-development-authority,Hardee County Industrial Development Authority,special_district,Hardee,https://www.thedevelopmentgroup.net,kaylee.tuck@gray-robinson.com,(239) 340-7909,purpose=Industrial Development; dependent; lga=Hardee County
sd-hardee-soil-and-water-conservation-district,Hardee Soil and Water Conservation District,special_district,Hardee,https://www.hardeesoilandwater.org,jennifer.gough@hardeecountyfl.gov,(863) 773-9644,purpose=Soil and Water Conservation; independent; lga=Hardee County
sd-harden-parkway-community-redevelopment-agency,Harden / Parkway Community Redevelopment Agency,special_district,Polk,https://www.polk-county.net/government/community-redevelopment/harden-parkway,randymink@polkfl.gov,(863) 534-7679,purpose=Community Redevelopment; dependent; lga=Polk County
sd-harmony-community-development-district,Harmony Community Development District,special_district,Osceola,https://Harmonycdd.org,michael.eckert@kutakrock.com,(850) 692-7300,purpose=Community Development; independent; lga=Osceola County
sd-harmony-on-lake-eloise-community-development-district-2021,Harmony on Lake Eloise Community Development District (2021),special_district,Polk,https://harmonyonlakeeloisecdd.net,wrathellc@whhassociates.com,(561) 571-0010,purpose=Community Development; independent; lga=City of Winter Haven
sd-harmony-village-community-development-district,Harmony Village Community Development District,special_district,Okaloosa,http://Duebytheendofthefirstfullfiscalyearaftercreation.,brizzetta@rizzetta.com,(813) 514-0400,purpose=Community Development; independent; lga=City of Laurel Hill
sd-harmony-west-community-development-district-2017,Harmony West Community Development District (2017),special_district,Osceola,https://harmonywestcdd.net,wrathellc@whhassociates.com,(561) 571-0010,purpose=Community Development; independent; lga=Osceola County
sd-harrison-ranch-community-development-district,Harrison Ranch Community Development District,special_district,Manatee,https://harrisonranchcdd.org,brizzetta@rizzetta.com,(813) 514-0400,purpose=Community Development; independent; lga=Manatee County
sd-hartford-terrace-community-development-district,Hartford Terrace Community Development District,special_district,Polk,https://www.hartfordterracecdd.com,tucker.mackie@kutakrock.com,(850) 692-7300,purpose=Community Development; independent; lga=Polk County
sd-harvest-hills-community-development-district,Harvest Hills Community Development District,special_district,Pasco,https://harvesthillscdd.net,wrathellc@whhassociates.com,(561) 571-0010,purpose=Community Development; independent; lga=Pasco County
sd-harvest-hills-south-community-development-district,Harvest Hills South Community Development District,special_district,Pasco,http://Duebytheendofthefirstfullfiscalyearaftercreation.,wrathellc@whhassociates.com,(561) 571-0010,purpose=Community Development; independent; lga=Pasco County
sd-harvest-ridge-community-development-district,Harvest Ridge Community Development District,special_district,Pasco,https://harvestridgecdd.com,brian.lamb@inframark.com,(813) 873-7300,purpose=Community Development; independent; lga=Pasco County
sd-hastings-drainage-district,Hastings Drainage District,special_district,"Putnam, St. Johns",https://HastingsDrainageDistrict.org,managerhdd@outlook.com,(904) 644-1099,purpose=Drainage and/or Water Control; independent; lga=Multi
sd-hawk-s-point-community-development-district,Hawk's Point Community Development District,special_district,Hillsborough,https://hawkspointcdd.org,vbabbar@srvlegal.com,(813) 223-9400,purpose=Community Development; independent; lga=Hillsborough County
sd-hawkstone-community-development-district,Hawkstone Community Development District,special_district,Hillsborough,https://Hawkstonecdd.org,brizzetta@rizzetta.com,(813) 514-0400,purpose=Community Development; independent; lga=Hillsborough County
sd-hawthorne-community-redevelopment-agency,Hawthorne Community Redevelopment Agency,special_district,Alachua,https://www.cityofhawthorne.net/hawthorne-community-redevelopment-agency,citymanager@cityofhawthorne.net,,purpose=Community Redevelopment; dependent; lga=City of Hawthorne
sd-hawthorne-mill-north-community-development-district-2021,Hawthorne Mill North Community Development District (2021),special_district,Polk,https://hawthornemillnorthcdd.net,wrathellc@whhassociates.com,(561) 571-0010,purpose=Community Development; independent; lga=City of Lakeland
sd-health-care-district-of-palm-beach-county,Health Care District of Palm Beach County,special_district,Palm Beach,https://www.hcdpbc.org,legal@hcdpbc.org,(561) 659-1270,purpose=Health Care; independent; lga=Palm Beach County
sd-heartland-library-cooperative,Heartland Library Cooperative,special_district,"DeSoto, Glades, Hardee, Highlands, Okeechobee",https://www.myhlc.org,vikki@myhlc.org,(863) 402-6716,purpose=Library - Regional; independent; lga=Multi
sd-heights-community-development-district-the,"Heights Community Development District, The",special_district,Hillsborough,https://theheightscdd.org,brian.lamb@inframark.com,(813) 397-5121,purpose=Community Development; independent; lga=City of Tampa
sd-hemingway-point-community-development-district,Hemingway Point Community Development District,special_district,Miami-Dade,https://www.hemingwaycdd.com,mpawelczyk@bclmr.com,(954) 764-7150,purpose=Community Development; independent; lga=Miami-Dade County
sd-hendry-county-hospital-authority,Hendry County Hospital Authority,special_district,Hendry,https://www.hrmc.us,dtheroux@hrmc.us,(863) 902-3005,purpose=Hospital; independent; lga=Hendry County
sd-hendry-county-industrial-development-authority,Hendry County Industrial Development Authority,special_district,Hendry,https://www.hendryfla.net,jdavis@hendryfla.net,(863) 675-5220,purpose=Industrial Development; dependent; lga=Hendry County
sd-hendry-soil-and-water-conservation-district,Hendry Soil and Water Conservation District,special_district,Hendry,https://hendrysoilandwater.org,noreen.berden@hendryfla.net,(863) 674-5700,purpose=Soil and Water Conservation; dependent; lga=Hendry County
sd-hendry-hilliard-water-control-district,Hendry-Hilliard Water Control District,special_district,Hendry,https://www.hendryhilliardwcd.com,meadows@gate.net,(863) 983-5111,purpose=Drainage and/or Water Control; independent; lga=Hendry County
sd-hendry-la-belle-recreation-board,Hendry-La Belle Recreation Board,special_district,Hendry,https://www.hendrylabellerecreation.org,steven.lynn@hendryfla.net,(863) 675-5347,purpose=Recreational Facilities / Programs; independent; lga=Hendry County/City of Lab
sd-heritage-bay-community-development-district,Heritage Bay Community Development District,special_district,Collier,https://heritagebaycdd.com,gurbancic@cyklawfirm.com,(239) 435-3535,purpose=Community Development; independent; lga=Collier County
sd-heritage-greens-community-development-district,Heritage Greens Community Development District,special_district,Collier,https://heritagegreenscdd.com,gurbancic@cyklawfirm.com,(239) 435-3535,purpose=Community Development; independent; lga=Collier County
sd-heritage-harbor-community-development-district,Heritage Harbor Community Development District,special_district,Hillsborough,https://www.heritageharborcdd.org,trobin@srvlegal.com,(813) 223-9400,purpose=Community Development; independent; lga=Hillsborough County
sd-heritage-harbour-market-place-community-development-district,Heritage Harbour Market Place Community Development District,special_district,Manatee,https://www.heritageharbourmarketplacecdd.org,wardj@pfm.com,(407) 723-5900,"purpose=Community Development, Infrastructure Development; independent; lga=Manatee County"
sd-heritage-harbour-north-community-development-district,Heritage Harbour North Community Development District,special_district,Manatee,https://www.heritageharbournorthcdd.org,wardj@pfm.com,(407) 723-5900,purpose=Community Development; independent; lga=Manatee County
sd-heritage-harbour-south-community-development-district,Heritage Harbour South Community Development District,special_district,Manatee,https://heritageharboursouthcdd.org,acohen@flgovlaw.com,(941) 306-4730,purpose=Community Development; independent; lga=Manatee County
sd-heritage-isle-at-viera-community-development-district,Heritage Isle at Viera Community Development District,special_district,Brevard,https://heritageisleatvieracdd.org,brizzetta@rizzetta.com,(813) 514-0400,purpose=Community Development; independent; lga=Brevard County
sd-heritage-isles-community-development-district,Heritage Isles Community Development District,special_district,Hillsborough,https://heritageislescdd.org,djackson@flgovlaw.com,(941) 306-4730,purpose=Community Development; independent; lga=City of Tampa
sd-heritage-lake-park-community-development-district,Heritage Lake Park Community Development District,special_district,Charlotte,https://hlp-cdd.com,acohen@swflgovlaw.com,(941) 306-4730,purpose=Community Development; independent; lga=Charlotte County
sd-heritage-landing-community-development-district,Heritage Landing Community Development District,special_district,St. Johns,https://heritagelandingcdd.org,brizzetta@rizzetta.com,(813) 514-0400,purpose=Community Development; independent; lga=St. Johns County
sd-heritage-oak-park-community-development-district,Heritage Oak Park Community Development District,special_district,Charlotte,https://hopcdd.org,acohen@swflgovlaw.com,(941) 306-4730,purpose=Community Development; independent; lga=Charlotte County
sd-heritage-palms-community-development-district,Heritage Palms Community Development District,special_district,Lee,https://heritagepalmscdd.com,gurbancic@cyklawfirm.com,(239) 435-3535,purpose=Community Development; independent; lga=City of Fort Myers
sd-heritage-park-community-development-district,Heritage Park Community Development District,special_district,St. Johns,https://www.heritageparkcdd.com,wesley.haber@kutakrock.com,(850) 692-7300,purpose=Community Development; independent; lga=St. Johns County
sd-heritage-pines-community-development-district,Heritage Pines Community Development District,special_district,Pasco,https://www.heritagepinescdd.net,wrathellc@whhassociates.com,(561) 571-0010,purpose=Community Development; independent; lga=Pasco County
sd-heritage-springs-community-development-district,Heritage Springs Community Development District,special_district,Pasco,https://Heritagespringscdd.vglobaltech.com,jvericker@srvlegal.com,(813) 223-9400,purpose=Community Development; independent; lga=Pasco County
sd-hernando-county-housing-authority,Hernando County Housing Authority,special_district,Hernando,https://www.hernandocounty.us/departments/departments-f-m/housing-authority,tbeverly@hernandocounty.us,,purpose=Housing Authority; independent; lga=Hernando County
sd-hernando-county-law-library,Hernando County Law Library,special_district,Hernando,https://www.co.hernando.fl.us,jmoore@circuit5.org,(352) 754-4201,purpose=Library - Law; dependent; lga=Hernando County
sd-hernando-county-port-authority,Hernando County Port Authority,special_district,Hernando,https://www.hernandocounty.us/departments/departments-n-z/public-works/aquatic-services/port-authority,waterways@co.hernando.fl.us,(352) 754-4031,purpose=Port Facilities; dependent; lga=Hernando County
sd-hernando-county-water-and-sewer-district,Hernando County Water and Sewer District,special_district,Hernando,https://www.co.hernando.fl.us/utils,gonderdonk@co.hernando.fl.us,(352) 754-4037,purpose=County Water and Sewer; dependent; lga=Hernando County
sd-heron-isles-community-development-district,Heron Isles Community Development District,special_district,Nassau,https://www.heronislescdd.com,dlaughlin@gmsnf.com,(904) 940-5850,purpose=Community Development; independent; lga=Nassau County
sd-herons-glen-recreation-district,Herons Glen Recreation District,special_district,Lee,https://www.heronsglencc.com,thart@knott-law.com,(239) 334-2722,purpose=Recreational Facilities / Programs; independent; lga=Lee County
sd-hialeah-housing-authority,Hialeah Housing Authority,special_district,Miami-Dade,https://www.hialeahhousing.org,fmestre@hialeahhousing.org,(305) 888-9744,purpose=Housing Authority; dependent; lga=City of Hialeah
sd-hickory-hill-special-dependent-tax-district,Hickory Hill Special Dependent Tax District,special_district,Hillsborough,https://HickoryHill.mydistrictwebsite.com,dbraswell@artemislifestyles.com,,purpose=Neighborhood Enhancement; dependent; lga=Hillsborough County
sd-hickory-tree-community-development-district,Hickory Tree Community Development District,special_district,Osceola,https://www.hickorytreecdd.com,jburns@gmscfl.com,(407) 841-5524,purpose=Community Development; independent; lga=Osceola County
sd-hicks-ditch-community-development-district,Hicks Ditch Community Development District,special_district,Lake,http://Duebytheendofthefirstfullfiscalyearaftercreation.,sarah.sandy@kutakrock.com,(850) 992-7300,purpose=Community Development; independent; lga=City of Eustis
sd-hidden-creek-community-development-district,Hidden Creek Community Development District,special_district,Hillsborough,https://www.hiddencreekcdd.org,jvericker@srvlegal.com,(813) 223-9400,purpose=Community Development; independent; lga=Hillsborough County
sd-hidden-creek-north-community-development-district,Hidden Creek North Community Development District,special_district,Pasco,https://www.hiddencreeknorthcdd.org,brizzetta@rizzetta.com,(813) 514-0400,purpose=Community Development; independent; lga=Pasco County
sd-hideaway-beach-district,Hideaway Beach District,special_district,Collier,https://www.cityofmarcoisland.com/o/comi/page/hideaway-beach-tax-district-board,sdangles@cityofmarcoisland.com,(239) 389-5192,purpose=Beach Facilities; dependent; lga=City of Marco Island
sd-high-ridge-quantum-community-development-district,High Ridge / Quantum Community Development District,special_district,Palm Beach,https://www.highridgequantumcdd.org,mpawelczyk@bclmr.com,(954) 764-7150,purpose=Community Development; independent; lga=City of Boynton Beach
sd-high-springs-community-redevelopment-agency,High Springs Community Redevelopment Agency,special_district,Alachua,https://highsprings.gov/CRA,abohannon@highsprings.gov,(386) 454-6225,purpose=Community Redevelopment; dependent; lga=City of High Springs
sd-highland-glades-water-control-district,Highland Glades Water Control District,special_district,Palm Beach,https://floridawatercontroldistricts.org/Highland_Glades.htm,schoech@caldwellpacetti.com,(561) 655-0620,purpose=Drainage and/or Water Control; independent; lga=Palm Beach County
sd-highland-meadows-community-development-district,Highland Meadows Community Development District,special_district,Polk,https://highlandmeadowscdd.org,tadams@gmscfl.com,,purpose=Community Development; independent; lga=City of Davenport
sd-highland-meadows-ii-community-development-district,Highland Meadows II Community Development District,special_district,Polk,https://highlandmeadows2cdd.com,grpc@perezcalhounlaw.com,(407) 622-4772,purpose=Community Development; independent; lga=City of Davenport
sd-highland-meadows-west-community-development-district,Highland Meadows West Community Development District,special_district,Polk,https://HighlandMeadowsWestCDD.com,jburns@gmscfl.com,(407) 841-5524,purpose=Community Development; independent; lga=Polk County
sd-highland-park-community-development-district,Highland Park Community Development District,special_district,Alachua,http://Duebytheendofthefirstfullfiscalyearaftercreation.,wrathellc@whhassociates.com,(561) 571-0010,purpose=Community Development; independent; lga=City of Newberry
sd-highland-trails-community-development-district,Highland Trails Community Development District,special_district,Pasco,https://www.highlandtrailscdd.org,jvericker@srvlegal.com,(813) 223-9400,purpose=Community Development; independent; lga=City of Dade City
sd-highlands-community-development-district,Highlands Community Development District,special_district,Hillsborough,https://highlandscdd.com,dlewis@flgovlaw.com,(941) 306-4730,purpose=Community Development; independent; lga=Hillsborough County
sd-highlands-county-health-facilities-authority,Highlands County Health Facilities Authority,special_district,Highlands,https://www.hcbcc.net/index/highlands_county_health_facilities_authority.php,mike@heartlandlaw.com,(863) 385-1549,purpose=Health Facilities; dependent; lga=Highlands County
sd-highlands-county-hospital-district,Highlands County Hospital District,special_district,Highlands,https://www.hcbcc.net/index/highlands_county_hospital_board_district.php,gescobar@highlandsfl.gov,(863) 402-6650,purpose=Hospital; dependent; lga=Highlands County
sd-highlands-county-housing-authority,Highlands County Housing Authority,special_district,Highlands,https://HighlandsCountyHousing.mydistrictwebsite.com,schwingel@embarqmail.com,(863) 385-2519,purpose=Housing Authority; independent; lga=Highlands County
sd-highlands-soil-and-water-conservation-district,Highlands Soil and Water Conservation District,special_district,Highlands,https://www.highlandsswcd.org,knickerson@highlandsswcd.org,(863) 402-7020,purpose=Soil and Water Conservation; independent; lga=Highlands County
sd-highway-79-corridor-authority,Highway 79 Corridor Authority,special_district,"Holmes, Washington",https://www.79Project.com,erosenthal@ngn-tally.com,(850) 224-4070,"purpose=Economic Development, Infrastructure Development; independent; lga=City of Bonifay, Holmes and Washington Counties"
sd-hillcrest-community-development-district,Hillcrest Community Development District,special_district,Broward,https://www.hillcrestcdd.org,jpierman@sdsinc.org,(561) 630-4922,purpose=Community Development; independent; lga=City of Hollywood
sd-hillcrest-preserve-community-development-district-2023,Hillcrest Preserve Community Development District (2023),special_district,Pasco,https://hillcrestpreservecdd.com,brian.lamb@inframark.com,(813) 873-7300,purpose=Community Development; independent; lga=Pasco County
sd-hills-of-minneola-community-development-district,Hills of Minneola Community Development District,special_district,Lake,https://hillsofminneolacdd.net,wrathellc@whhassociates.com,(561) 571-0010,purpose=Community Development; independent; lga=City of Minneola
sd-hillsboro-inlet-district,Hillsboro Inlet District,special_district,Broward,https://hillsboroinletdistrict.org,dtolces@wsh-law.com,(561) 835-2111,"purpose=Inland Navigation and Waterways, Beach Facilities; independent; lga=Broward County"
sd-hillsborough-county-aviation-authority,Hillsborough County Aviation Authority,special_district,Hillsborough,https://www.tampaairport.com,mstephens@tampaairport.com,(813) 870-8700,purpose=Airports / Air Navigation Facilities; independent; lga=Hillsborough County
sd-hillsborough-county-hospital-authority,Hillsborough County Hospital Authority,special_district,Hillsborough,https://hcfl.gov/councils/hospital-authority,montelionelj@hcfl.gov,(813) 956-6760,purpose=Hospital - Lease Oversight; dependent; lga=Hillsborough County
sd-hillsborough-county-industrial-development-authority,Hillsborough County Industrial Development Authority,special_district,Hillsborough,https://www.hillsboroughcounty.org/en/government/boards-and-committees/e-l/industrial-development-authority,tommor@morrisonandmills.com,(813) 833-2578,purpose=Industrial Development; dependent; lga=Hillsborough County
sd-hillsborough-soil-and-water-conservation-district,Hillsborough Soil and Water Conservation District,special_district,Hillsborough,https://www.hillsboroughswcd.com,soilandwater@hcfl.gov,(813) 707-1652,purpose=Soil and Water Conservation; independent; lga=Hillsborough County
sd-hillsborough-transit-authority,Hillsborough Transit Authority,special_district,Hillsborough,https://www.gohart.org,ap@gohart.org,(813) 384-6592,purpose=Transportation Systems / Services; independent; lga=Hillsborough County and City of Tampa
sd-hilltop-point-community-development-district,Hilltop Point Community Development District,special_district,Pasco,https://hilltoppointcdd.com,bryan.radcliff@inframark.com,(813) 397-5121,purpose=Community Development; independent; lga=City of Dade City
sd-hobe-saint-lucie-conservancy-district,Hobe-Saint Lucie Conservancy District,special_district,Martin,https://www.hobestluciecd.org,viator@caldwellpacetti.com,(561) 655-0620,purpose=Drainage and/or Water Control; independent; lga=Martin County
sd-holiday-park-park-and-recreation-district,"Holiday Park, Park and Recreation District",special_district,Sarasota,https://www.holidayparknp.com,office@holidayparknp.com,(941) 426-1585,purpose=Recreational Facilities / Programs; independent; lga=Sarasota County
sd-holley-navarre-fire-protection-district,Holley-Navarre Fire Protection District,special_district,Santa Rosa,https://hnfd.org,chief@hnfd.org,(850) 939-5236,purpose=Fire Control and Rescue; independent; lga=Santa Rosa County
sd-holly-hill-road-east-community-development-district,Holly Hill Road East Community Development District,special_district,Polk,https://hollyhillroadeastcdd.com,jburns@gmscfl.com,(407) 841-5524,purpose=Community Development; independent; lga=City of Davenport
sd-hollywood-beach-community-development-district-i,Hollywood Beach Community Development District I,special_district,Broward,https://www.hollywoodbeachcdd.com,mpawelczyk@bclmr.com,(954) 764-7150,purpose=Community Development; independent; lga=City of Hollywood
sd-hollywood-community-redevelopment-agency,Hollywood Community Redevelopment Agency,special_district,Broward,https://www.hollywoodcra.org,yscott-phillip@hollywoodfl.org,(954) 924-2980,purpose=Community Redevelopment; dependent; lga=City of Hollywood
sd-hollywood-housing-authority,Hollywood Housing Authority,special_district,Broward,https://www.hollywoodhousingauthority.com,tony@hhafl.com,(954) 989-4691,purpose=Housing Authority; dependent; lga=City of Hollywood
sd-holmes-county-development-commission,Holmes County Development Commission,special_district,Holmes,https://www.holmesedc.com,jrone@holmesedc.com,(850) 547-2225,purpose=County Development; dependent; lga=Holmes County
sd-holmes-county-housing-authority,Holmes County Housing Authority,special_district,Holmes,http://Duebytheendofthefirstfullfiscalyearaftercreation.,catrey@earthlink.net,(850) 547-1111,purpose=Housing Authority; independent; lga=Holmes County
sd-holt-fire-district,Holt Fire District,special_district,Okaloosa,https://www.holtfiredistrict.com,jdconnors@embarqmail.com,(850) 305-2855,purpose=Fire Control and Rescue; independent; lga=Okaloosa County
sd-homestead-50-community-development-district,Homestead 50 Community Development District,special_district,Miami-Dade,https://www.homestead50cdd.com,mpawelczyk@bclmr.com,(954) 764-7150,purpose=Community Development; independent; lga=Miami-Dade County
sd-homestead-community-redevelopment-agency,Homestead Community Redevelopment Agency,special_district,Miami-Dade,https://www.homesteadfl.gov,jbeck@homesteadfl.gov,(305) 224-4480,purpose=Community Redevelopment; dependent; lga=City of Homestead
sd-homosassa-special-water-district,Homosassa Special Water District,special_district,Citrus,https://homosassawater.com,hswd@homosassawater.com,(352) 628-3740,purpose=Water and/or Wastewater Systems; independent; lga=Citrus County
sd-hope-innovation-district,Hope Innovation District,special_district,Pasco,http://Duebytheendofthefirstfullfiscalyearaftercreation.,mullinsl@pfm.com,(407) 723-5935,purpose=Community Development; independent; lga=Pasco County
sd-horse-trials-community-development-district,Horse Trials Community Development District,special_district,Collier,http://Duebytheendofthefirstfullfiscalyearaftercreation.,mullinsl@pfm.com,(407) 723-5935,purpose=Community Development; independent; lga=Collier County
sd-horseshoe-creek-community-development-district,Horseshoe Creek Community Development District,special_district,Polk,https://www.horseshoecreekcdd.com,michelle.rigoni@kutakrock.com,(850) 692-7300,purpose=Community Development; independent; lga=City of Davenport
sd-housing-authority-of-bartow,Housing Authority of Bartow,special_district,Polk,http://Duebytheendofthefirstfullfiscalyearaftercreation.,,(863) 533-6311,purpose=Housing Authority; dependent; lga=City of Bartow
sd-housing-authority-of-brevard-county,Housing Authority of Brevard County,special_district,Brevard,https://www.habc.us,mbean@habc.us,(321) 775-1575,purpose=Housing Authority; independent; lga=Brevard County
sd-housing-authority-of-springfield,Housing Authority of Springfield,special_district,Bay,https://www.SpringfieldHousingFl.com,springfieldhousi@bellsouth.net,(850) 769-1596,purpose=Housing Authority; dependent; lga=City of Springfield
sd-housing-authority-of-tarpon-springs,Housing Authority of Tarpon Springs,special_district,Pinellas,https://www.TarponHousing.com,robbin.redd@tarponhousing.com,(727) 937-4411,purpose=Housing Authority; dependent; lga=City of Tarpon Springs
sd-housing-authority-of-the-city-of-arcadia,Housing Authority of The City of Arcadia,special_district,DeSoto,https://www.housingarcadia.com,director@housingarcadia.com,(863) 494-4343,purpose=Housing Authority; dependent; lga=City of Arcadia
sd-housing-authority-of-the-city-of-belle-glade,Housing Authority of The City of Belle Glade,special_district,Palm Beach,https://bellegladeha.com,jessica.zelaya@nelsonasc.com,(561) 996-2140,purpose=Housing Authority; dependent; lga=City of Belle Glade
sd-housing-authority-of-the-city-of-bradenton,Housing Authority of The City of Bradenton,special_district,Manatee,https://www.bradentonhousing.org,dominiqued@bradentonhousing.org,(941) 748-5568,purpose=Housing Authority; dependent; lga=City of Bradenton
sd-housing-authority-of-the-city-of-cocoa,Housing Authority of The City of Cocoa,special_district,Brevard,https://haccfl.com,sginn@haccfl.com,(321) 636-8535,purpose=Housing Authority; dependent; lga=City of Cocoa
sd-housing-authority-of-the-city-of-eustis,Housing Authority of The City of Eustis,special_district,Lake,https://www.EustisHousingAuthority.com,hjones@eustishousingauthority.com,(352) 357-4851,purpose=Housing Authority; dependent; lga=City of Eustis
sd-housing-authority-of-the-city-of-fernandina-beach,Housing Authority of The City of Fernandina Beach,special_district,Nassau,https://fernandinabeachha.org,kmthompson@fbha.com,(904) 261-5051,purpose=Housing Authority; dependent; lga=City of Fernandina Beach
sd-housing-authority-of-the-city-of-fort-pierce,Housing Authority of The City of Fort Pierce,special_district,St. Lucie,https://www.hacfp.org,info@cfpha.org,(772) 461-7281,purpose=Housing Authority; dependent; lga=City of Fort Pierce
sd-housing-authority-of-the-city-of-homestead,Housing Authority of The City of Homestead,special_district,Miami-Dade,https://www.hhahousing.org,swhite@hhahousing.org,(305) 247-0639,purpose=Housing Authority; dependent; lga=City of Homestead
sd-housing-authority-of-the-city-of-lakeland,Housing Authority of The City of Lakeland,special_district,Polk,https://www.lakelandhousing.org,bstevenson@lakelandhousing.org,(863) 687-2911,purpose=Housing Authority; dependent; lga=City of Lakeland
sd-housing-authority-of-the-city-of-miami-beach,Housing Authority of the City of Miami Beach,special_district,Miami-Dade,https://www.hacmb.org,mikeo@hacmb.org,,purpose=Housing Authority; independent; lga=City of Miami Beach
sd-housing-authority-of-the-city-of-mulberry,Housing Authority of The City of Mulberry,special_district,Polk,https://mulberryhousing.org,patriciab@plantcityhousing.org,(813) 752-0569,purpose=Housing Authority; dependent; lga=City of Mulberry
sd-housing-authority-of-the-city-of-new-smyrna-beach,Housing Authority of The City of New Smyrna Beach,special_district,Volusia,https://www.NewSmyrnaHousing.com,tlpope@newsmyrnahousing.com,,purpose=Housing Authority; dependent; lga=City of New Smyrna Beach
sd-housing-authority-of-the-city-of-orlando,Housing Authority of The City of Orlando,special_district,Orange,https://www.orl-oha.org,vivian.bryant@orl-oha.org,(407) 895-3300,purpose=Housing Authority; dependent; lga=City of Orlando
sd-housing-authority-of-the-city-of-pompano-beach,Housing Authority of The City of Pompano Beach,special_district,Broward,https://www.hapb.org,lrobinson@hapb.org,(954) 785-7200,purpose=Housing Authority; dependent; lga=City of Pompano Beach
sd-housing-authority-of-the-city-of-stuart-florida,"Housing Authority of the City of Stuart, Florida",special_district,Martin,https://www.hacfp.org/stuart_housing_authority/index.php,sha@stuarthousingauthority.org,(772) 287-0496,purpose=Housing Authority; dependent; lga=City of Stuart
sd-housing-authority-of-the-city-of-tampa,Housing Authority of The City of Tampa,special_district,Hillsborough,https://www.thafl.com,jeromer@thafl.com,,purpose=Housing Authority; dependent; lga=City of Tampa
sd-housing-authority-of-the-city-of-titusville,Housing Authority of The City of Titusville,special_district,Brevard,https://hactv.com,brianc@hactv.com,(321) 267-4204,purpose=Housing Authority; dependent; lga=City of Titusville
sd-housing-finance-authority-of-clay-county,Housing Finance Authority of Clay County,special_district,Clay,http://Duebytheendofthefirstfullfiscalyearaftercreation.,rich@claylawyers.com,(904) 269-1111,purpose=Housing Finance; dependent; lga=Clay County
sd-housing-finance-authority-of-hillsborough-county,Housing Finance Authority of Hillsborough County,special_district,Hillsborough,https://www.hillsboroughcounty.org,mark@thehendricksoncompany.com,(850) 671-5601,purpose=Housing Finance; dependent; lga=Hillsborough County
sd-housing-finance-authority-of-lee-county-florida,"Housing Finance Authority of Lee County, Florida",special_district,Lee,https://hfaleeco.org,phil@philburnettlaw.net,(239) 334-1922,purpose=Housing Finance; dependent; lga=Lee County
sd-housing-finance-authority-of-manatee-county,Housing Finance Authority of Manatee County,special_district,Manatee,https://manateehfa.org/special-district-information,angela@angelaabbott.com,(877) 264-0334,purpose=Housing Finance; dependent; lga=Manatee County
sd-housing-finance-authority-of-palm-beach-county,Housing Finance Authority of Palm Beach County,special_district,Palm Beach,https://www.pbchfa.org,dbrandt@pbcgov.com,(561) 233-3652,purpose=Housing Finance; dependent; lga=Palm Beach County
sd-housing-finance-authority-of-pinellas-county,Housing Finance Authority of Pinellas County,special_district,Pinellas,https://www.pinellas.gov/boards/hfa,kdriver@pinellashfa.com,(727) 223-6418,purpose=Housing Finance; dependent; lga=Pinellas County
sd-housing-finance-authority-of-polk-county,Housing Finance Authority of Polk County,special_district,Polk,https://www.polk-county.net/boccsite/Doing-Business/Housing-Finance-Authority,dfisher@petersonmyers.com,(863) 294-3360,purpose=Housing Finance; dependent; lga=Polk County
sd-housing-finance-authority-of-st-johns-county,Housing Finance Authority of St. Johns County,special_district,St. Johns,https://www.co.st-johns.fl.us/Housing/FinanceAuthority.aspx,jcone@sjcfl.us,(904) 827-6898,purpose=Housing Finance; dependent; lga=St. Johns County
sd-housing-finance-authority-of-volusia-county,Housing Finance Authority of Volusia County,special_district,Volusia,https://hfavolusia.com,smetz@daytonalaw.com,(386) 254-6875,purpose=Housing Finance; dependent; lga=Volusia County
sd-howard-creek-fire-control-district,Howard Creek Fire Control District,special_district,Gulf,https://www.gulfcounty-fl.gov,mhammond@gulfcounty-fl.gov,(850) 229-6106,purpose=Fire Control and Rescue; dependent; lga=Gulf County
sd-hunt-club-grove-community-development-district,Hunt Club Grove Community Development District,special_district,Polk,https://huntclubgrovecdd.com,jburns@gmscfl.com,(407) 841-5524,purpose=Community Development; independent; lga=City of Lake Wales
sd-hunter-s-lake-special-dependent-tax-district,Hunter's Lake Special Dependent Tax District,special_district,Hillsborough,https://www.hunterslakesdtd.org,ddesilet54@gmail.com,(813) 841-3050,purpose=Neighborhood Enhancement; dependent; lga=Hillsborough County
sd-hunter-s-ridge-community-development-district-no-1,Hunter's Ridge Community Development District No. 1,special_district,Flagler,https://www.huntersridgecdd1.net,mark.watts@cobbcole.com,(386) 736-7700,purpose=Community Development; independent; lga=Flagler County
sd-hyde-park-community-development-district-1,Hyde Park Community Development District 1,special_district,Collier,https://HydeParkCDD1.net,wrathellc@whhassociates.com,(561) 571-0010,purpose=Community Development; independent; lga=Collier County
sd-hypoluxo-haverhill-community-development-district,Hypoluxo / Haverhill Community Development District,special_district,Palm Beach,https://www.hypoluxohaverhillcdd.org,mpawelczyk@bclmr.com,(954) 764-7150,purpose=Community Development; independent; lga=Palm Beach County
sd-ibis-landing-community-development-district,Ibis Landing Community Development District,special_district,Lee,https://www.ibislandingcdd.org,wardj@pfm.com,(407) 723-5900,purpose=Community Development; independent; lga=Lee County
sd-immokalee-fire-control-district,Immokalee Fire Control District,special_district,Collier,https://www.immfire.com,chief@immfire.com,(239) 657-2111,purpose=Fire Control and Rescue; independent; lga=Collier County
sd-immokalee-water-and-sewer-district,Immokalee Water and Sewer District,special_district,Collier,https://immokaleewatersewer.com,sarahcatala@immokaleewatersewer.com,(239) 658-3630,purpose=Water and/or Wastewater Systems; independent; lga=Collier County
sd-independence-community-development-district,Independence Community Development District,special_district,Okaloosa,https://independencecdd.net,wrathellc@whhassociates.com,(561) 571-0010,purpose=Community Development; independent; lga=Okaloosa County
sd-indian-creek-common-facilities-district,Indian Creek Common Facilities District,special_district,Osceola,https://www.osceola.org/indian-creek-cfd.stml,cfd@osceola.org,(407) 742-1803,purpose=Common Facilities Maintenance; dependent; lga=Osceola County
sd-indian-hills-hickory-ridge-ii-special-dependent-tax-district,Indian Hills-Hickory Ridge II Special Dependent Tax District,special_district,Hillsborough,https://IndianHills-HickoryRidge.mydistrictwebsite.com,eklundrw@gmail.com,(813) 685-5652,purpose=Neighborhood Enhancement; dependent; lga=Hillsborough County
sd-indian-point-common-facilities-district,Indian Point Common Facilities District,special_district,Osceola,https://www.osceola.org/indian-point-cfd.stml,cfd@osceola.org,(407) 742-1803,purpose=Common Facilities Maintenance; dependent; lga=Osceola County
sd-indian-ridge-villas-common-facilities-district,Indian Ridge Villas Common Facilities District,special_district,Osceola,https://www.osceola.org/indian-ridge-villas-cfd.stml,cfd@osceola.org,(407) 742-1803,purpose=Common Facilities Maintenance; dependent; lga=Osceola County
sd-indian-river-county-emergency-services-district,Indian River County Emergency Services District,special_district,Indian River,https://www.ircgov.com,jtitkanich@indianriver.gov,(772) 226-1408,"purpose=Emergency Medical Services, Fire Control and Rescue; dependent; lga=Indian River County"
sd-indian-river-county-hospital-district,Indian River County Hospital District,special_district,Indian River,https://www.irchd.com,kate@irchd.com,(772) 770-0935,purpose=Hospital; independent; lga=Indian River County
sd-indian-river-county-housing-authority,Indian River County Housing Authority,special_district,Indian River,https://indianrivercountyha.com,admin@indianrivercountyha.com,(772) 567-6182,purpose=Housing Authority; independent; lga=Indian River County
sd-indian-river-farms-water-control-district,Indian River Farms Water Control District,special_district,Indian River,https://www.irfwcd.com,pamos@rosswayswan.com,(772) 231-4440,purpose=Drainage and/or Water Control; independent; lga=Indian River County
sd-indian-river-mosquito-control-district,Indian River Mosquito Control District,special_district,Indian River,https://www.irmosquito.com,s.burroughs@irmcd.org,(772) 562-2393,purpose=Mosquito Control; independent; lga=Indian River County
sd-indian-river-soil-and-water-conservation-district,Indian River Soil and Water Conservation District,special_district,Indian River,https://indianriverswcd.org,swcd@indianriver.gov,(772) 226-4397,purpose=Soil and Water Conservation; independent; lga=Indian River County
sd-indian-trace-development-district,Indian Trace Development District,special_district,Broward,https://www.indiantracefl.org,pbates@westonfl.org,(954) 385-2000,purpose=Infrastructure Development; dependent; lga=City of Weston
sd-indian-trail-improvement-district,Indian Trail Improvement District,special_district,Palm Beach,https://indiantrail.com,viator@caldwellpacetti.com,(561) 655-0620,purpose=Drainage and/or Water Control; independent; lga=Palm Beach County
sd-indigo-community-development-district,Indigo Community Development District,special_district,Volusia,https://www.indigocdd.com,katie.buchanan@kutakrock.com,(850) 692-7300,purpose=Community Development; independent; lga=City of Daytona Beach
sd-indigo-east-community-development-district,Indigo East Community Development District,special_district,Marion,https://indigoeastcdd.com,gflint@gmscfl.com,(407) 841-5524,purpose=Community Development; independent; lga=Marion County
sd-industrial-development-authority-of-calhoun-county,Industrial Development Authority of Calhoun County,special_district,Calhoun,https://www.flyfoxtrot95.com,airport@calhouncountyfl.gov,(850) 674-2499,purpose=Industrial Development; dependent; lga=Calhoun County
sd-interlaken-community-development-district,Interlaken Community Development District,special_district,Miami-Dade,https://www.interlakencdd.com,mpawelczyk@bclmr.com,(954) 764-7150,purpose=Community Development; independent; lga=Miami-Dade County
sd-international-drive-community-redevelopment-agency,International Drive Community Redevelopment Agency,special_district,Orange,https://www.ocfl.net,kurt.petersen@ocfl.net,(407) 836-7390,purpose=Community Redevelopment; dependent; lga=Orange County
sd-international-drive-master-transit-and-improvement-district,International Drive Master Transit and Improvement District,special_district,Orange,https://www.iridetrolley.com,kurt.petersen@ocfl.net,(407) 836-7390,purpose=Transportation Systems / Services; independent; lga=Orange County
sd-iona-mcgregor-fire-protection-and-rescue-service-district,Iona-McGregor Fire Protection and Rescue Service District,special_district,Lee,https://www.ionafiredistrict.com,comer@ionafire.com,(239) 433-0660,purpose=Fire Control and Rescue; independent; lga=Lee County
sd-irl-council,IRL Council,special_district,"Brevard, Indian River, Martin, St. Lucie, Volusia",https://www.OneLagoon.org,glen@torcivialaw.com,(561) 686-8700,purpose=Environmental Protection / Management; independent; lga=Multiple
sd-island-lake-estates-community-development-district,Island Lake Estates Community Development District,special_district,Charlotte,https://www.IslandLakeEstatescdd.org,wardj@pfm.com,(407) 723-5900,purpose=Community Development; independent; lga=Charlotte County
sd-islands-at-doral-ne-community-development-district,Islands at Doral (NE) Community Development District,special_district,Miami-Dade,https://www.islandsdoralnecdd.org,mpawelczyk@bclmr.com,(954) 764-7150,purpose=Community Development; independent; lga=City of Doral
sd-islands-at-doral-sw-community-development-district,Islands at Doral (SW) Community Development District,special_district,Miami-Dade,https://www.islandsdoralswcdd.org,mpawelczyk@bclmr.com,(954) 764-7150,purpose=Community Development; independent; lga=City of Doral
sd-islands-at-doral-iii-community-development-district,Islands at Doral III Community Development District,special_district,Miami-Dade,https://www.islandsatdoraliiicdd.org,mpawelczyk@bclmr.com,(954) 764-7150,purpose=Community Development; independent; lga=City of Doral
sd-islands-at-doral-townhomes-community-development-district,Islands at Doral Townhomes Community Development District,special_district,Miami-Dade,https://www.doraltownhomecdd.com,mpawelczyk@bclmr.com,(954) 764-7150,purpose=Community Development; independent; lga=City of Doral
sd-isle-of-palms-special-district,Isle of Palms Special District,special_district,Duval,https://isleofpalmsjax.com,josh.reichert@metriceng.com,(904) 398-7073,purpose=Inland Navigation and Waterways; dependent; lga=City of Jacksonville
sd-isles-of-bartram-park-community-development-district,Isles of Bartram Park Community Development District,special_district,St. Johns,https://www.islesofbartramparkcdd.com,wesley.haber@kutakrock.com,(850) 692-7300,purpose=Community Development; independent; lga=St. Johns County
sd-isles-of-inverrary-safe-neighborhood-improvement-district,Isles of Inverrary Safe Neighborhood Improvement District,special_district,Broward,http://Duebytheendofthefirstfullfiscalyearaftercreation.,alfreda@cowardlaw.com,(954) 722-0836,purpose=Neighborhood Improvement - Local Gov.; dependent; lga=City of Lauderhill
sd-istokpoga-marsh-watershed-improvement-district,Istokpoga Marsh Watershed Improvement District,special_district,Highlands,https://www.hcbcc.net/index/istokpoga_marsh_watershed_improvement_district.php,romorales@highlandsfl.gov,(863) 402-6937,purpose=Watershed Improvement; dependent; lga=Highlands County
sd-j-ben-harrill-villages-of-pasadena-hills-stewardship-district,J. Ben Harrill Villages of Pasadena Hills Stewardship District,special_district,Pasco,https://www.pascocountyfl.net/services/planning_and_development/villages_of_pasadena_hills.php,jsteinsnyder@pascocountyfl.net,(727) 847-8120,purpose=Infrastructure Development; dependent; lga=Pasco County
sd-jackson-county-agricultural-center,Jackson County Agricultural Center,special_district,Jackson,https://jcagcenter.net,pottsh@jacksoncountyfl.gov,(850) 482-9620,purpose=Civic Facilities / Activities / Services; dependent; lga=Jackson County
sd-jackson-county-hospital-district,Jackson County Hospital District,special_district,Jackson,https://www.jackson-hospital.com,bdonaldson@jackhosp.org,(850) 718-2594,purpose=Hospital; independent; lga=Jackson County
sd-jackson-soil-and-water-conservation-district,Jackson Soil and Water Conservation District,special_district,Jackson,https://www.JacksonSWCD.com,jswcd1987@outlook.com,(850) 372-4793,purpose=Soil and Water Conservation; independent; lga=Jackson County
sd-jacksonville-aviation-authority,Jacksonville Aviation Authority,special_district,Duval,https://flyjacksonville.com,mark.vanloh@flyjacksonville.com,(904) 741-2013,purpose=Airports / Air Navigation Facilities; dependent; lga=City of Jacksonville
sd-jacksonville-beach-community-redevelopment-agency,Jacksonville Beach Community Redevelopment Agency,special_district,Duval,https://www.jacksonvillebeach.org/government/departments/planning-development/community-redevelopment-agency,tmobbs@jaxbchfl.net,(904) 247-6142,purpose=Community Redevelopment; dependent; lga=City of Jacksonville Beach
sd-jacksonville-health-facilities-authority,Jacksonville Health Facilities Authority,special_district,Duval,http://Duebytheendofthefirstfullfiscalyearaftercreation.,ccicero@coj.net,(904) 255-5352,purpose=Health Facilities; dependent; lga=City of Jacksonville
sd-jacksonville-housing-authority,Jacksonville Housing Authority,special_district,Duval,https://www.jaxha.org,dalexander@jaxha.org,(904) 630-3803,purpose=Housing Authority; independent; lga=City of Jacksonville
sd-jacksonville-housing-finance-authority,Jacksonville Housing Finance Authority,special_district,Duval,https://JAXHFA.net,mark@thehendricksoncompany.com,(850) 671-5601,purpose=Housing Finance; dependent; lga=City of Jacksonville
sd-jacksonville-port-authority,Jacksonville Port Authority,special_district,Duval,https://www.jaxport.com,patrick.greive@jaxport.com,(904) 357-3035,purpose=Port Facilities; dependent; lga=City of Jacksonville
sd-jacksonville-public-library,Jacksonville Public Library,special_district,Duval,https://jaxpubliclibrary.org,jmalice@coj.net,(904) 255-6121,purpose=Library - Local; dependent; lga=City of Jacksonville
sd-jacksonville-transportation-authority,Jacksonville Transportation Authority,special_district,Duval,https://www.jtafla.com,cferguson@jtafla.com,(904) 632-5245,purpose=Transportation Systems / Services; independent; lga=City of Jacksonville
sd-jefferson-soil-and-water-conservation-district,Jefferson Soil and Water Conservation District,special_district,Jefferson,https://jeffersonconservation.weebly.com,jeffersonsoilwater@gmail.com,(850) 427-3067,purpose=Soil and Water Conservation; independent; lga=Jefferson County
sd-john-a-h-murphree-law-library,John A. H. Murphree Law Library,special_district,Alachua,https://circuit8.org/law-library,courtadmin@circuit8.org,(352) 374-3659,purpose=Library - Law; dependent; lga=Alachua County
sd-joint-west-melbourne-brevard-county-community-redevelopment-agency,Joint West Melbourne-Brevard County Community Redevelopment Agency,special_district,Brevard,https://www.westmelbourne.org/index.aspx?NID=644,trhode@westmelbourne.org,(321) 837-7771,purpose=Community Redevelopment; dependent; lga=City of West Melbourne
sd-joshua-water-control-district,Joshua Water Control District,special_district,DeSoto,https://districtsarespecial.org/jwcd,lwilliams@jwcd.org,(863) 494-5737,purpose=Drainage and/or Water Control; independent; lga=Desoto County
sd-journey-s-end-community-development-district,Journey's End Community Development District,special_district,Palm Beach,https://www.journeysendcdd.org,mpawelczyk@bclmr.com,(954) 764-7150,purpose=Community Development; independent; lga=Palm Beach County
sd-julington-creek-plantation-community-development-district,Julington Creek Plantation Community Development District,special_district,St. Johns,https://www.jcpcdd.org,wrathellc@whhassociates.com,(561) 571-0010,purpose=Community Development; independent; lga=St. Johns County
sd-juniper-cove-community-development-district,Juniper Cove Community Development District,special_district,Miami-Dade,https://JuniperCoveCDD.net,mpawelczyk@bclmr.com,(954) 764-7150,purpose=Community Development; independent; lga=Miami-Dade County
sd-jupiter-inlet-district,Jupiter Inlet District,special_district,Palm Beach,https://www.jupiterinletdistrict.org,jchaison@jupiterinletdistrict.org,(561) 746-2223,purpose=Inland Navigation and Waterways; independent; lga=Multiple
sd-jupiter-island-beach-protection-district,Jupiter Island Beach Protection District,special_district,Martin,https://www.townofjupiterisland.com/jupiter-island-beach-protection-district,jduchock@tji.martin.fl.us,(772) 545-0100,purpose=Beach and Shore Preservation; dependent; lga=Town of Jupiter Island
sd-juvenile-welfare-board-of-pinellas-county,Juvenile Welfare Board of Pinellas County,special_district,Pinellas,https://www.jwbpinellas.org,mmikurak@jwbpinellas.org,(727) 641-1886,purpose=Juvenile Welfare; independent; lga=Pinellas County
sd-kass-circle-community-redevelopment-agency,Kass Circle Community Redevelopment Agency,special_district,Hernando,https://www.hernandocounty.us/plan/kass-circle,hpadinalvarez@co.hernando.fl.us,(352) 540-4338,purpose=Community Redevelopment; dependent; lga=Hernando County
sd-k-bar-ranch-community-development-district,K-Bar Ranch Community Development District,special_district,Hillsborough,https://www.kbarranchcdd.com,vbabbar@srvlegal.com,(813) 223-9400,purpose=Community Development; independent; lga=City of Tampa
sd-k-bar-ranch-ii-community-development-district,K-Bar Ranch II Community Development District,special_district,Hillsborough,https://www.kbarranchiicdd.org,brizzetta@rizzetta.com,(813) 514-0400,purpose=Community Development; independent; lga=City of Tampa
sd-k-bar-ranch-iii-community-development-district,K-Bar Ranch III Community Development District,special_district,Hillsborough,https://kbarranchiiicdd.org,jvericker@srvlegal.com,(813) 223-9400,purpose=Community Development; independent; lga=City of Tampa
sd-kd52-community-development-district-no-1,KD52 Community Development District No. 1,special_district,Pasco,http://Duebytheendofthefirstfullfiscalyearaftercreation.,wrathellc@whhassociates.com,(561) 571-0010,purpose=Community Development; independent; lga=Pasco County
sd-kd52-community-development-district-no-2,KD52 Community Development District No. 2,special_district,Pasco,http://Duebytheendofthefirstfullfiscalyearaftercreation.,wrathellc@whhassociates.com,(561) 571-0010,purpose=Community Development; independent; lga=Pasco County
sd-kelly-park-community-development-district,Kelly Park Community Development District,special_district,Orange,https://kellyparkcdd.net,wrathellc@whhassociates.com,(561) 571-0010,purpose=Community Development; independent; lga=City of Apopka
sd-kendall-breeze-community-development-district,Kendall Breeze Community Development District,special_district,Miami-Dade,https://www.kendallbreezecdd.org,mpawelczyk@bclmr.com,(954) 764-7150,purpose=Community Development; independent; lga=Miami-Dade County
sd-kendall-breeze-west-community-development-district,Kendall Breeze West Community Development District,special_district,Miami-Dade,https://www.kendallbreezewestcdd.org,mpawelczyk@bclmr.com,(954) 764-7150,purpose=Community Development; independent; lga=Miami-Dade County
sd-kenton-community-development-district,Kenton Community Development District,special_district,Pasco,http://Duebytheendofthefirstfullfiscalyearaftercreation.,wrathellc@whhassociates.com,(561) 571-0010,purpose=Community Development; independent; lga=Pasco County
sd-kepler-road-community-development-district,Kepler Road Community Development District,special_district,Volusia,https://wwwkeplerroadcdd.com,sarah.sandy@kutakrock.com,(850) 692-7300,purpose=Community Development; independent; lga=City of DeLand
sd-key-largo-fire-rescue-and-emergency-medical-services-district,Key Largo Fire Rescue and Emergency Medical Services District,special_district,Monroe,https://klfrems.org,jjohnson@keyscpa.com,(850) 393-2427,"purpose=Emergency Medical Services, Fire Control and Rescue; independent; lga=Monroe County"
sd-key-largo-wastewater-treatment-district,Key Largo Wastewater Treatment District,special_district,Monroe,https://www.klwtd.com,peter.rosasco@klwtd.com,(305) 451-4019,purpose=Water and/or Wastewater Systems; independent; lga=Monroe County
sd-key-marco-community-development-district,Key Marco Community Development District,special_district,Collier,https://www.keymarcocdd.com,gurbancic@cyklawfirm.com,(239) 435-3535,purpose=Community Development; independent; lga=Collier County
sd-key-west-housing-authority,Key West Housing Authority,special_district,Monroe,https://kwha.org,sterlingr@kwha.org,(305) 296-5621,purpose=Housing Authority; dependent; lga=City of Key West
sd-keys-cove-community-development-district,Keys Cove Community Development District,special_district,Miami-Dade,https://www.keyscovecdd.org,mpawelczyk@bclmr.com,(954) 764-7150,purpose=Community Development; independent; lga=Miami-Dade County
sd-keys-cove-ii-community-development-district,Keys Cove II Community Development District,special_district,Miami-Dade,https://www.keyscove2cdd.org,mpawelczyk@bclmr.com,(954) 764-7150,purpose=Community Development; independent; lga=Miami-Dade County
sd-keys-edge-community-development-district,Keys Edge Community Development District,special_district,Miami-Dade,https://www.keysedgecdd.org,mpawelczyk@bclmr.com,(954) 764-7150,purpose=Community Development; independent; lga=Miami-Dade County
sd-keystone-grove-lakes-special-dependent-district,Keystone Grove Lakes Special Dependent District,special_district,Hillsborough,http://Duebytheendofthefirstfullfiscalyearaftercreation.,kurt@stroudengineering.com,(813) 926-6584,purpose=Neighborhood Enhancement; dependent; lga=Hillsborough County
sd-keystone-heights-airport-authority,Keystone Heights Airport Authority,special_district,Clay,https://www.keystoneairport.com,ccoon@keystoneairport.com,(352) 473-0031,purpose=Airports / Air Navigation Facilities; dependent; lga=City of Keystone Heights
sd-keystone-heights-community-redevelopment-agency,Keystone Heights Community Redevelopment Agency,special_district,Clay,https://www.keystoneheights.us,citymanager@keystoneheights.us,(352) 473-4807,purpose=Community Redevelopment; dependent; lga=City of Keystone Heights
sd-kingman-gate-community-development-district,Kingman Gate Community Development District,special_district,Miami-Dade,https://KingmanGateCDD.com,mpawelczyk@bclmr.com,(954) 764-7150,purpose=Community Development; independent; lga=Miami-Dade County
sd-kings-creek-i-community-development-district,Kings Creek I Community Development District,special_district,Duval,https://kingscreekicdd.org,brian.lamb@inframark.com,(813) 873-7300,purpose=Community Development; independent; lga=City of Jacksonville
sd-kingsoutel-crossing-community-redevelopment-agency,KingSoutel Crossing Community Redevelopment Agency,special_district,Duval,https://www.coj.net/departments/office-of-economic-development/community-redevelopment-agency-(cra)/kingsoutel-crossing-cra,karenn@coj.net,(904) 255-5449,purpose=Community Redevelopment; dependent; lga=City of Jacksonville
sd-kingston-one-community-development-district,Kingston One Community Development District,special_district,Lee,https://kingstononecdd.com,brian.lamb@inframark.com,(813) 873-7300,purpose=Community Development; independent; lga=Lee County
sd-kissimmee-park-community-development-district,Kissimmee Park Community Development District,special_district,Osceola,https://www.kissimmeeparkcdd.com,vbabbar@srvlegal.com,(813) 223-9400,purpose=Community Development; independent; lga=Osceola County
sd-knightsbridge-community-development-district,Knightsbridge Community Development District,special_district,Osceola,https://knightsbridgecdd.com,jcarpenter@lathamluna.com,(407) 481-5800,purpose=Community Development; independent; lga=City of Kissimmee
sd-koa-bay-community-development-district,Koa Bay Community Development District,special_district,St. Lucie,http://Duebytheendofthefirstfullfiscalyearaftercreation.,wrathellc@whhassociates.com,(561) 571-0010,purpose=Community Development; independent; lga=City of Fort Pierce
sd-la-collina-community-development-district,La Collina Community Development District,special_district,Hillsborough,https://lacollinacdd.com,brian.lamb@inframark.com,(813) 873-7300,purpose=Community Development; independent; lga=Hillsborough County
sd-lago-vista-maintenance-district,Lago Vista Maintenance District,special_district,Hillsborough,https://LagoVista.mydistrictwebsite.com,mgarcia554@verizon.net,(813) 936-0136,purpose=Neighborhood Enhancement; dependent; lga=Hillsborough County
sd-laguna-lakes-community-development-district,Laguna Lakes Community Development District,special_district,Lee,https://lagunalakescdd.com,acohen@swflgovlaw.com,(941) 306-4730,purpose=Community Development; independent; lga=Lee County
sd-lake-apopka-natural-gas-district,Lake Apopka Natural Gas District,special_district,"Lake, Orange",https://www.langd.org,brent.haywood@langd.org,(407) 656-2734,purpose=Natural Gas Distribution and / or Transmission; independent; lga=Multi
sd-lake-asbury-municipal-service-benefit-district,Lake Asbury Municipal Service Benefit District,special_district,Clay,https://lamsbd.com,district.secretary@lamsbd.com,(904) 451-7810,purpose=Lake and Dam Maintenance; dependent; lga=Clay County
sd-lake-ashton-community-development-district,Lake Ashton Community Development District,special_district,Polk,https://LakeAshtonCDD.com,jburns@gmscfl.com,,purpose=Community Development; independent; lga=Polk County
sd-lake-ashton-ii-community-development-district,Lake Ashton II Community Development District,special_district,Polk,https://LakeAshton2CDD.com,sarah.sandy@kutakrock.com,(850) 692-7300,purpose=Community Development; independent; lga=Polk County
sd-lake-beluthahatchee-community-development-district,Lake Beluthahatchee Community Development District,special_district,St. Johns,https://lakebeluthahatchee.org,firebone531@gmail.com,(904) 237-2892,purpose=Community Development; independent; lga=St. Johns County
sd-lake-bernadette-community-development-district,Lake Bernadette Community Development District,special_district,Pasco,https://lakebernadette.org,ssteady@burr.com,(813) 221-2626,purpose=Community Development; independent; lga=Pasco County
sd-lake-brant-special-dependent-district,Lake Brant Special Dependent District,special_district,Hillsborough,https://LakeBrant.mydistrictwebsite.com,chriscapkovic@yahoo.com,(813) 482-6825,purpose=Neighborhood Enhancement; dependent; lga=Hillsborough County
sd-lake-butler-community-redevelopment-agency,Lake Butler Community Redevelopment Agency,special_district,Union,https://www.cityoflakebutler.com/bc-drb,khayes@cityoflakebutler.com,(386) 496-3401,purpose=Community Redevelopment; dependent; lga=City of Lake Butler
sd-lake-city-community-redevelopment-agency,Lake City Community Redevelopment Agency,special_district,Columbia,https://www.lcfla.com/index.php/administration/community-redevelopment-agency,thomasons@lcfla.com,(386) 719-5745,purpose=Community Redevelopment; dependent; lga=City of Lake City
sd-lake-clarke-shores-community-redevelopment-agency,Lake Clarke Shores Community Redevelopment Agency,special_district,Palm Beach,https://www.townoflcs.com/cra,epearson@lakeclarke.org,(561) 964-1515,purpose=Community Redevelopment; dependent; lga=Town of Lake Clarke Shores
sd-lake-conway-water-and-navigation-control-district,Lake Conway Water and Navigation Control District,special_district,Orange,https://www.ocfl.net,kurt.petersen@ocfl.net,(407) 836-7390,"purpose=Inland Navigation and Waterways, Lake and Dam Maintenance; dependent; lga=Orange County"
sd-lake-county-water-authority,Lake County Water Authority,special_district,Lake,https://www.lcwa.org,roberto.bonilla@lakecountyfl.gov,(352) 253-4950,"purpose=Environmental Protection / Management, Recreational Facilities / Programs; dependent; lga=Lake County"
sd-lake-deer-community-development-district,Lake Deer Community Development District,special_district,Polk,https://www.LakeDeerCDD.com,jburns@gmscfl.com,(407) 841-5524,purpose=Community Development; independent; lga=Polk County
sd-lake-emma-community-development-district,Lake Emma Community Development District,special_district,Lake,https://www.LakeEmmaCDD.com,gflint@gmscfl.com,(407) 841-5524,purpose=Community Development; independent; lga=City of Groveland
sd-lake-flores-community-development-district,Lake Flores Community Development District,special_district,Manatee,https://lakeflorescdd.net,wrathellc@whhassociates.com,(561) 571-0010,purpose=Community Development; independent; lga=Manatee County
sd-lake-frances-community-development-district,Lake Frances Community Development District,special_district,Miami-Dade,https://www.lakefrancescdd.org,mpawelczyk@bclmr.com,(954) 764-7150,purpose=Community Development; independent; lga=Miami-Dade County
sd-lake-harris-community-development-district,Lake Harris Community Development District,special_district,Lake,https://www.lakeharriscdd.com,sarah.sandy@kutakrock.com,(850) 692-7307,purpose=Community Development; independent; lga=City of Leesburg
sd-lake-heather-special-dependent-tax-district,Lake Heather Special Dependent Tax District,special_district,Hillsborough,https://LakeHeather.mydistrictwebsite.com,andrealschoop@gmail.com,(813) 817-5276,purpose=Neighborhood Enhancement; dependent; lga=Hillsborough County
sd-lake-hideaway-community-development-district,Lake Hideaway Community Development District,special_district,Hernando,http://Duebytheendofthefirstfullfiscalyearaftercreation.,vbabbar@srvlegal.com,(813) 223-9400,purpose=Community Development; independent; lga=Hernando County
sd-lake-hideaway-ii-community-development-district,Lake Hideaway II Community Development District,special_district,Hernando,http://Duebytheendofthefirstfullfiscalyearaftercreation.,vbabbar@srvlegal.com,(813) 223-9400,purpose=Community Development; independent; lga=Hernando County
sd-lake-hills-community-development-district,Lake Hills Community Development District,special_district,Lake,http://Duebytheendofthefirstfullfiscalyearaftercreation.,wrathellc@whhassociates.com,(561) 571-0010,purpose=Community Development; independent; lga=Howey-in-the-Hills
sd-lake-lizzie-community-development-district,Lake Lizzie Community Development District,special_district,Osceola,http://Duebytheendofthefirstfullfiscalyearaftercreation.,michelle.rigoni@kutakrock.com,(850) 692-7307,purpose=Community Development; independent; lga=Osceola County
sd-lake-lucie-community-development-district,Lake Lucie Community Development District,special_district,St. Lucie,https://lakeluciecdd.org,gurbancic@cyklawfirm.com,(239) 435-3535,purpose=Community Development; independent; lga=St. Lucie County
sd-lake-magdalene-estates-west-special-dependent-tax-district,Lake Magdalene Estates West Special Dependent Tax District,special_district,Hillsborough,https://www.lakemagdaleneestates.org,dongfw@tampabay.rr.com,(813) 220-2649,purpose=Neighborhood Enhancement; dependent; lga=Hillsborough County
sd-lake-magdalene-special-dependent-district,Lake Magdalene Special Dependent District,special_district,Hillsborough,https://www.lakemagishome.com,sashugart@protonmail.com,(813) 690-5534,purpose=Neighborhood Enhancement; dependent; lga=Hillsborough County
sd-lake-mattie-preserve-community-development-district,Lake Mattie Preserve Community Development District,special_district,Polk,https://www.lakemattiepreservecdd.com,jburns@gmscfl.com,(407) 841-5524,purpose=Community Development; independent; lga=City of Auburndale
sd-lake-padgett-estates-independent-special-district,Lake Padgett Estates Independent Special District,special_district,Pasco,https://lakepadgettisd.org,brizzetta@rizzetta.com,(813) 514-0400,purpose=Infrastructure Development; independent; lga=Pasco County
sd-lake-powell-residential-golf-community-development-district,Lake Powell Residential Golf Community Development District,special_district,Bay,https://www.lakepowellcdd.net,mburke@burkeblue.com,(850) 796-1414,purpose=Community Development; independent; lga=Bay County
sd-lake-region-lakes-management-district,Lake Region Lakes Management District,special_district,Polk,https://lakesmgmtdist.com,diana@lakesmgmtdist.com,(863) 293-1441,purpose=Inland Navigation and Waterways; independent; lga=Polk County
sd-lake-shore-hospital-authority,Lake Shore Hospital Authority,special_district,Columbia,https://www.lakeshoreha.org,dale@lakeshoreha.org,(386) 755-1090,purpose=Hospital; independent; lga=Columbia County
sd-lake-st-charles-community-development-district,Lake St. Charles Community Development District,special_district,Hillsborough,https://www.lakestcharles.org,brizzetta@rizzetta.com,(813) 514-0400,purpose=Community Development; independent; lga=Hillsborough County
sd-lake-strawberry-special-dependent-district,Lake Strawberry Special Dependent District,special_district,Hillsborough,https://LakeStrawberry.mydistrictwebsite.com,dbeyer111@gmail.com,(813) 992-0796,purpose=Neighborhood Enhancement; dependent; lga=Hillsborough County
sd-lake-wales-airport-authority,Lake Wales Airport Authority,special_district,Polk,http://Duebytheendofthefirstfullfiscalyearaftercreation.,jslaton@cityoflakewales.com,(863) 678-4182,purpose=Airports / Air Navigation Facilities; dependent; lga=City of Lake Wales
sd-lake-wales-community-redevelopment-agency,Lake Wales Community Redevelopment Agency,special_district,Polk,https://LakeWalesCRA.com,jslaton@lakewalesfl.gov,(863) 678-4182,purpose=Community Redevelopment; dependent; lga=City of Lake Wales
sd-lake-wales-housing-authority,Lake Wales Housing Authority,special_district,Polk,https://www.lakewaleshousing.org,alkirklandjr@lakewaleshousing.org,(863) 676-7414,purpose=Housing Authority; dependent; lga=City of Lake Wales
sd-lake-worth-beach-community-redevelopment-agency,Lake Worth Beach Community Redevelopment Agency,special_district,Palm Beach,https://www.lakeworthcra.org,joliva@lakeworthbeachfl.gov,(561) 493-2550,purpose=Community Redevelopment; dependent; lga=City of Lake Worth Beach
sd-lake-worth-drainage-district,Lake Worth Drainage District,special_district,Palm Beach,https://www.lwdd.net,tstrowd@lwdd.net,(561) 498-5363,purpose=Drainage and/or Water Control; independent; lga=Palm Beach County
sd-lakefront-estates-community-development-district,Lakefront Estates Community Development District,special_district,Glades,https://lakefrontestatescdd.org,jonathan.johnson@kutakrock.com,(850) 692-7300,purpose=Community Development; independent; lga=Glades County
sd-lakehaven-community-development-district,Lakehaven Community Development District,special_district,Lake,https://lakehavencdd.com,gflint@gmscfl.com,(407) 841-5524,purpose=Community Development; independent; lga=Lake County
sd-lakeland-area-mass-transit-district,Lakeland Area Mass Transit District,special_district,Polk,https://www.ridecitrus.com,tphillips@ridecitrus.com,(863) 688-7433,purpose=Transportation Systems / Services; independent; lga=Polk County
sd-lakeland-community-redevelopment-agency,Lakeland Community Redevelopment Agency,special_district,Polk,https://www.lakelandcra.net,valerie.vaught@lakelandgov.net,(863) 834-6064,purpose=Community Redevelopment; dependent; lga=City of Lakeland
sd-lakeland-downtown-development-authority,Lakeland Downtown Development Authority,special_district,Polk,https://www.ldda.org,jtownsend@ldda.org,(863) 683-2783,purpose=Downtown Development / Improvement; independent; lga=City of Lakeland
sd-lakes-at-bella-lago-community-development-district,Lakes at Bella Lago Community Development District,special_district,Clay,https://lakesatbellalagocdd.net,wrathellc@whhassociates.com,(561) 571-0010,purpose=Community Development; independent; lga=Clay County
sd-lakes-at-cocoa-grove-community-development-district,Lakes at Cocoa Grove Community Development District,special_district,Brevard,http://Duebytheendofthefirstfullfiscalyearaftercreation.,wrathellc@whhassociates.com,(561) 571-0010,purpose=Community Development; independent; lga=City of Cocoa
sd-lakes-by-the-bay-south-community-development-district,Lakes by the Bay South Community Development District,special_district,Miami-Dade,https://www.lakesbythebaycdd.com,mpawelczyk@bclmr.com,(954) 764-7150,purpose=Community Development; independent; lga=Miami-Dade County and Town of Cutler Bay
sd-lakeshore-ranch-community-development-district,Lakeshore Ranch Community Development District,special_district,Pasco,https://lakeshoreranch.net,jvericker@srvlegal.com,(813) 223-9400,purpose=Community Development; independent; lga=Pasco County
sd-lakeside-at-satilla-community-development-district,Lakeside at Satilla Community Development District,special_district,Osceola,http://Duebytheendofthefirstfullfiscalyearaftercreation.,wrathellc@whhassociates.com,(561) 571-0010,purpose=Community Development; independent; lga=City of St. Cloud
sd-lakeside-community-development-district,Lakeside Community Development District,special_district,Pasco,https://lakesidecdd.org,brizzetta@rizzetta.com,(813) 514-0400,purpose=Community Development; independent; lga=Pasco County
sd-lakeside-landings-community-development-district,Lakeside Landings Community Development District,special_district,Polk,https://lakesidelandingscdd.com,mullinsl@pfm.com,(407) 723-5935,purpose=Community Development; independent; lga=City of Winter Haven
sd-lakeside-plantation-community-development-district,Lakeside Plantation Community Development District,special_district,Sarasota,https://www.lakesideplantationcdd.org,sarah.sandy@kutakrock.com,(850) 692-7300,purpose=Community Development; independent; lga=City of North Port
sd-lakeside-preserve-community-development-district,Lakeside Preserve Community Development District,special_district,Polk,https://www.lakesidepreservecdd.org,gaarlandtj@pfm.com,(407) 723-5900,purpose=Community Development; independent; lga=City of Lakeland
sd-lakewood-park-community-development-district,Lakewood Park Community Development District,special_district,Volusia,https://lakewoodparkcdd.net,wrathellc@whhassociates.com,(561) 571-0010,purpose=Community Development; independent; lga=City of DeLand
sd-lakewood-ranch-community-development-district-1,Lakewood Ranch Community Development District 1,special_district,Manatee,https://www.lakewoodranchgov.org/x-CDDn.php?number=1,cvanhise@shumaker.com,(941) 366-6660,purpose=Community Development; independent; lga=Manatee County
sd-lakewood-ranch-community-development-district-2,Lakewood Ranch Community Development District 2,special_district,Manatee,https://www.lakewoodranchgov.org/x-CDDn.php?number=2,acohen@swflgovlaw.com,(941) 306-4730,purpose=Community Development; independent; lga=Manatee County
sd-lakewood-ranch-community-development-district-4,Lakewood Ranch Community Development District 4,special_district,Manatee,https://www.lakewoodranchgov.org/x-CDDn.php?number=4,acohen@swflgovlaw.com,(941) 306-4730,purpose=Community Development; independent; lga=Manatee County
sd-lakewood-ranch-community-development-district-5,Lakewood Ranch Community Development District 5,special_district,Manatee,https://www.lakewoodranchgov.org/x-CDDn.php?number=5,acohen@swflgovlaw.com,(941) 306-4730,purpose=Community Development; independent; lga=Manatee County
sd-lakewood-ranch-community-development-district-6,Lakewood Ranch Community Development District 6,special_district,Manatee,https://www.lakewoodranchgov.org/x-CDDn.php?number=6,acohen@swflgovlaw.com,(941) 306-4730,purpose=Community Development; independent; lga=Manatee County
sd-lakewood-ranch-stewardship-district,Lakewood Ranch Stewardship District,special_district,"Manatee, Sarasota",https://lakewoodranchstewardship.com,gaarlandtj@pfm.com,(407) 723-5900,purpose=Infrastructure Development; independent; lga=Multi
sd-landings-at-miami-community-development-district,Landings at Miami Community Development District,special_district,Miami-Dade,https://www.landingsatmiamicdd.com,mpawelczyk@bclmr.com,(954) 764-7150,purpose=Community Development; independent; lga=Miami-Dade County
sd-landings-community-development-district,Landings Community Development District,special_district,Flagler,https://landingscdd.com,michael3@legalteamforlife.com,(386) 445-8900,purpose=Community Development; independent; lga=City of Palm Coast
sd-landmark-at-doral-community-development-district,Landmark at Doral Community Development District,special_district,Miami-Dade,https://www.landmarkatdoralcdd.net,mpawelczyk@bclmr.com,(954) 764-7150,purpose=Community Development; independent; lga=City of Doral
sd-langley-south-community-development-district,Langley South Community Development District,special_district,Lake,https://langleysouthcdd.net,wrathellc@whhassociates.com,(561) 571-0010,purpose=Community Development; independent; lga=City of Mascotte
sd-largo-community-redevelopment-agency,Largo Community Redevelopment Agency,special_district,Pinellas,https://www.largo.com/redevelopment,ctillett@largo.com,(727) 588-1673,purpose=Community Redevelopment; dependent; lga=City of Largo
sd-lauderdale-isles-water-management-district,Lauderdale Isles Water Management District,special_district,Broward,https://www.LIWMD.org,grames@liwmd.org,(954) 828-5000,purpose=Drainage and/or Water Control; dependent; lga=City of Fort Lauderdale
sd-lauderdale-lakes-community-redevelopment-agency,Lauderdale Lakes Community Redevelopment Agency,special_district,Broward,https://www.lauderdalelakes.org/517/Community-Redevelopment-Agency,celestined@lauderdalelakes.org,(954) 535-2491,purpose=Community Redevelopment; dependent; lga=City of Lauderdale Lakes
sd-lauderhill-housing-authority,Lauderhill Housing Authority,special_district,Broward,https://www.lauderhillha.com,mrjohnson@lauderhillha.com,(754) 229-3800,purpose=Housing Authority; dependent; lga=City of Lauderhill
sd-laurel-road-community-development-district,Laurel Road Community Development District,special_district,Sarasota,https://LaurelRoadCDD.com,carvalhov@pfm.com,(407) 723-5900,purpose=Community Development; independent; lga=City of Venice
sd-lawson-dunes-community-development-district,Lawson Dunes Community Development District,special_district,Polk,https://www.LawsonDunesCDD.com,jburns@gmscfl.com,(407) 841-5524,purpose=Community Development; independent; lga=City of Haines City
sd-le-jeune-gardens-community-development-district,Le Jeune Gardens Community Development District,special_district,Miami-Dade,https://lejeunegardenscdd.com,waldenj@pfm.com,(407) 723-5900,purpose=Community Development; independent; lga=Miami-Dade County
sd-lealman-special-fire-control-district,Lealman Special Fire Control District,special_district,Pinellas,https://www.lealmanfire.com,graham@lealmanfire.com,,purpose=Fire Control and Rescue; independent; lga=Pinellas County
sd-lecanto-preserve-community-development-district,Lecanto Preserve Community Development District,special_district,Citrus,https://www.lecantopreservecdd.org,brizzetta@rizzetta.com,(813) 514-0400,purpose=Community Development; independent; lga=Citrus County
sd-lee-county-educational-facilities-authority,Lee County Educational Facilities Authority,special_district,Lee,https://www.leegov.com/economicdevelopment/efa,thart@knott-law.com,(239) 334-1446,purpose=Higher Educational Facilities Financing; dependent; lga=Lee County
sd-lee-county-housing-authority,Lee County Housing Authority,special_district,Lee,https://www.LeeCountyHA.Org,marcus@lchauthority.org,(239) 997-6688,purpose=Housing Authority; independent; lga=Lee County
sd-lee-county-hyacinth-control-district,Lee County Hyacinth Control District,special_district,Lee,https://www.leecountyhcdfl.gov,oneill@lcmcd.org,(239) 694-2174,purpose=Aquatic Weed Control; independent; lga=Lee County
sd-lee-county-industrial-development-authority,Lee County Industrial Development Authority,special_district,Lee,https://www.leecoida.com,thart@knott-law.com,(239) 334-1446,purpose=Industrial Development; dependent; lga=Lee County
sd-lee-county-mosquito-control-district,Lee County Mosquito Control District,special_district,Lee,https://www.leecountymcdfl.gov,oneill@lcmcd.org,(239) 694-2174,purpose=Mosquito Control; independent; lga=Lee County
sd-lee-county-port-authority,Lee County Port Authority,special_district,Lee,https://www.flylcpa.com,schennigan@flylcpa.com,(239) 590-4800,"purpose=Airports / Air Navigation Facilities, Port Facilities; dependent; lga=Lee County"
sd-legacy-palm-drive-community-development-district,Legacy Palm Drive Community Development District,special_district,Miami-Dade,https://www.LegacyPalmDriveCDD.org,mpawelczyk@billingcochran.com,(954) 764-7150,purpose=Community Development; independent; lga=Miami-Dade County
sd-legends-bay-community-development-district,Legends Bay Community Development District,special_district,Manatee,https://www.legendsbaycdd.org,ripollv@pfm.com,(407) 723-5900,purpose=Community Development; independent; lga=Manatee County
sd-lehigh-acres-fire-control-and-rescue-district,Lehigh Acres Fire Control and Rescue District,special_district,Lee,https://www.lehighfd.com,anita.kressel@lehighfd.com,(239) 303-5300,purpose=Fire Control and Rescue; independent; lga=Lee County
sd-lehigh-acres-municipal-services-improvement-district,Lehigh Acres Municipal Services Improvement District,special_district,"Hendry, Lee",https://www.la-msid.com,,(239) 368-0044,purpose=Municipal-Type Services and Improvements; independent; lga=Multi
sd-lely-community-development-district,Lely Community Development District,special_district,Collier,https://www.lelycdd.com,apires@wpl-legal.com,(239) 649-6555,purpose=Community Development; independent; lga=Collier County
sd-leomas-landing-community-development-district,Leomas Landing Community Development District,special_district,Polk,https://leomascdd.org,jvericker@srvlegal.com,(813) 223-9400,purpose=Community Development; independent; lga=City of Lake Wales
sd-leon-county-educational-facilities-authority,Leon County Educational Facilities Authority,special_district,Leon,https://www2.leoncountyfl.gov/Committees/Committees/Committee/1098,lcefa9@gmail.com,(850) 841-9122,purpose=Higher Educational Facilities Financing; dependent; lga=Leon County
sd-leon-county-housing-finance-authority,Leon County Housing Finance Authority,special_district,Leon,https://www.leoncountyhfa.com,mark@thehendricksoncompany.com,(850) 606-1900,purpose=Housing Finance; dependent; lga=Leon County
sd-leon-county-research-and-development-authority,Leon County Research and Development Authority,special_district,Leon,https://www.Innovation-Park.com,amarkos@inn-park.com,,purpose=Research and Development; dependent; lga=Leon County
sd-leon-soil-and-water-conservation-district,Leon Soil and Water Conservation District,special_district,Leon,https://leonswcd.org,leon.swcd@gmail.com,(850) 766-3217,purpose=Soil and Water Conservation; independent; lga=Leon County
sd-levy-soil-and-water-conservation-district,Levy Soil and Water Conservation District,special_district,Levy,https://levysoilandwater.org,myswcd@outlook.com,(352) 317-1040,purpose=Soil and Water Conservation; independent; lga=Levy County
sd-lexington-community-development-district,Lexington Community Development District,special_district,Manatee,https://lexingtoncdd.org,mmooney@flgovlaw.com,(941) 306-4730,purpose=Community Development; independent; lga=Manatee County
sd-lexington-oaks-community-development-district,Lexington Oaks Community Development District,special_district,Pasco,https://www.lexingtonoakscdd.org,vbabbar@srvlegal.com,(813) 223-9400,purpose=Community Development; independent; lga=Pasco County
sd-liberty-cove-community-development-district,Liberty Cove Community Development District,special_district,Nassau,https://LibertyCoveCDD.net,wrathellc@whhassociates.com,(561) 571-0010,purpose=Community Development; independent; lga=Nassau County
sd-liberty-fire-district,Liberty Fire District,special_district,Walton,https://libertyfiredistrictfl.gov,info@libertyfiredistrictfl.gov,(850) 892-5833,purpose=Fire Control and Rescue; independent; lga=Walton County
sd-lighthouse-community-development-district,Lighthouse Community Development District,special_district,Flagler,http://Duebytheendofthefirstfullfiscalyearaftercreation.,wrathellc@whhassociates.com,(561) 571-0010,purpose=Community Development; independent; lga=City of Palm Coast
sd-lincoln-road-business-improvement-district,Lincoln Road Business Improvement District,special_district,Miami-Dade,https://www.lincolnrd.com/lrbid,natalie@lincolnrd.com,(305) 600-0219,purpose=Business Improvement; independent; lga=City of Miami Beach
sd-live-oak-housing-authority,Live Oak Housing Authority,special_district,Suwannee,https://liveoakha.org,administration@liveoakha.org,(386) 362-2123,purpose=Housing Authority; dependent; lga=City of Live Oak
sd-live-oak-lake-community-development-district,Live Oak Lake Community Development District,special_district,Osceola,https://www.liveoaklakecdd.org,sarah.sandy@kutakrock.com,(850) 556-5947,purpose=Community Development; independent; lga=Osceola County
sd-live-oak-no-1-community-development-district,Live Oak No. 1 Community Development District,special_district,Hillsborough,https://www.liveoakno1cdd.com,trobin@srvlegal.com,(813) 223-9400,purpose=Community Development; independent; lga=Hillsborough County
sd-live-oak-no-2-community-development-district,Live Oak No. 2 Community Development District,special_district,Hillsborough,https://www.liveoakno2cdd.com,trobin@srvlegal.com,(813) 223-9400,purpose=Community Development; independent; lga=Hillsborough County
sd-live-oak-suwannee-county-recreation-board,Live Oak-Suwannee County Recreation Board,special_district,Suwannee,http://Duebytheendofthefirstfullfiscalyearaftercreation.,arosner@suwanneeparks.com,(386) 362-3004,purpose=Recreational Facilities / Programs; dependent; lga=Suwannee County and City of Live Oak
sd-logan-gate-village-special-dependent-district,Logan Gate Village Special Dependent District,special_district,Hillsborough,https://LoganGateVillage.mydistrictwebsite.com,dbraswell@artemislifestyles.com,,purpose=Neighborhood Enhancement; dependent; lga=Hillsborough County
sd-long-lake-ranch-community-development-district,Long Lake Ranch Community Development District,special_district,Pasco,https://longlakeranchcdd.org,sarah.sandy@kutakrock.com,(850) 692-7300,purpose=Community Development; independent; lga=Pasco County
sd-long-lake-reserve-community-development-district,Long Lake Reserve Community Development District,special_district,Pasco,https://longlakecdd.org,brizzetta@rizzetta.com,(813) 514-0400,purpose=Community Development; independent; lga=Pasco County
sd-longboat-key-bayside-district,Longboat Key Bayside District,special_district,"Manatee, Sarasota",https://www.longboatkey.org/town-government/special-districts,htipton@longboatkey.org,(941) 316-1999,purpose=Beach and Shore Preservation; dependent; lga=Town of Longboat Key
sd-longboat-key-gulfside-district,Longboat Key Gulfside District,special_district,"Manatee, Sarasota",https://www.longboatkey.org/town-government/special-districts,htipton@longboatkey.org,(941) 316-1999,purpose=Beach and Shore Preservation; dependent; lga=Town of Longboat Key
sd-longboat-key-townwide-canal-maintenance-district,Longboat Key Townwide Canal Maintenance District,special_district,"Manatee, Sarasota",https://www.longboatkey.org/town-government/special-districts/canal-maintenance-special-district,htipton@longboatkey.org,(941) 316-1999,purpose=Inland Navigation and Waterways; dependent; lga=Town of Longboat Key
sd-longleaf-community-development-district,Longleaf Community Development District,special_district,Pasco,https://longleafcommunity.com,brian.lamb@inframark.com,(813) 397-5121,purpose=Community Development; independent; lga=Pasco County
sd-longleaf-pine-community-development-district,Longleaf Pine Community Development District,special_district,St. Johns,http://Duebytheendofthefirstfullfiscalyearaftercreation.,carvalhov@pfm.com,(407) 723-5900,purpose=Community Development; independent; lga=St. Johns County
sd-los-cayos-community-development-district,Los Cayos Community Development District,special_district,Miami-Dade,https://loscayoscdd.org,mpawelczyk@bclmr.com,(954) 764-7150,purpose=Community Development; independent; lga=City of Homestead
sd-loucks-island-community-development-district,Loucks Island Community Development District,special_district,Lake,http://Duebytheendofthefirstfullfiscalyearaftercreation.,wrathellc@whhassociates.com,(561) 571-0010,purpose=Community Development; independent; lga=City of Mascotte
sd-lower-florida-keys-hospital-district,Lower Florida Keys Hospital District,special_district,Monroe,https://www.lfkhdb.com,lwfpa@aol.com,(305) 670-2100,purpose=Hospital; independent; lga=Monroe County
sd-lowery-hills-community-development-district,Lowery Hills Community Development District,special_district,Polk,https://loweryhillscdd.net,wrathellc@whhassociates.com,(561) 571-0010,purpose=Community Development; independent; lga=City of Lake Alfred
sd-loxahatchee-groves-water-control-district,Loxahatchee Groves Water Control District,special_district,Palm Beach,https://www.loxgroveswcd.org,framaglia@loxahatcheegrovesfl.gov,(561) 793-2418,"purpose=Drainage and/or Water Control, Road Maintenance; dependent; lga=Town of Loxahatchee Groves"
sd-loxahatchee-river-environmental-control-district,Loxahatchee River Environmental Control District,special_district,"Martin, Palm Beach",https://www.loxahatcheeriver.org,kara.peterson@lrecd.org,(561) 747-5700,purpose=Water and/or Wastewater Systems; independent; lga=Multi
sd-lp-community-development-district,LP Community Development District,special_district,Indian River,https://lpcdd.net,wrathellc@whhassociates.com,(561) 571-0010,purpose=Community Development; independent; lga=Indian River County
sd-lt-ranch-community-development-district,LT Ranch Community Development District,special_district,Sarasota,https://LTRanchCDD.org,wardj@pfm.com,(407) 723-5900,purpose=Community Development; independent; lga=Sarasota County
sd-lt-ranch-south-community-development-district,LT Ranch South Community Development District,special_district,Sarasota,https://www.LTRanchSouthcdd.org,wardj@pfm.com,(407) 723-5900,purpose=Community Development; independent; lga=Sarasota County
sd-ltc-ranch-west-residential-community-development-district,LTC Ranch West Residential Community Development District,special_district,St. Lucie,https://www.ltcranchwestcdd.org,brizzetta@rizzetta.com,(813) 514-0400,purpose=Community Development; independent; lga=City of Port St. Lucie
sd-lucaya-community-development-district,Lucaya Community Development District,special_district,Lee,https://lucayacdd.org,jgreenwood@gms-tampa.com,(813) 344-4844,purpose=Community Development; independent; lga=Lee County
sd-lucerne-park-community-development-district,Lucerne Park Community Development District,special_district,Polk,https://www.LucerneParkCDD.com,jburns@gmscfl.com,(407) 841-5524,purpose=Community Development; independent; lga=City of Winter Haven
sd-lynn-haven-community-redevelopment-agency,Lynn Haven Community Redevelopment Agency,special_district,Bay,https://www.cityoflynnhaven.com,clightfoot@cityoflynnhaven.com,(850) 265-2121,purpose=Community Redevelopment; dependent; lga=City of Lynn Haven
sd-lynwood-community-development-district,Lynwood Community Development District,special_district,Hillsborough,https://lynwoodcdd.org,brizzetta@rizzetta.com,(813) 514-0400,purpose=Community Development; independent; lga=Hillsborough County
sd-macclenny-housing-authority,Macclenny Housing Authority,special_district,Baker,https://machsat.org,ktolin_mha@nefcom.net,(904) 259-6881,purpose=Housing Authority; dependent; lga=City of Macclenny
sd-madeira-community-development-district,Madeira Community Development District,special_district,St. Johns,https://madeiracdd.org,brizzetta@rizzetta.com,(813) 514-0400,purpose=Community Development; independent; lga=City of St. Augustine
sd-madison-community-redevelopment-agency,Madison Community Redevelopment Agency,special_district,Madison,http://Duebytheendofthefirstfullfiscalyearaftercreation.,lee.anne.hall@cityofmadisonfl.com,(850) 973-5081,purpose=Community Redevelopment; dependent; lga=City of Madison
sd-madison-county-health-and-hospital-district,Madison County Health and Hospital District,special_district,Madison,https://www.mcmh.us,pmcgee@mcmh.us,(850) 973-1366,purpose=Hospital; independent; lga=Madison County
sd-madison-county-soil-and-water-conservation-district,Madison County Soil and Water Conservation District,special_district,Madison,https://www.madisonflswcd.com,mswcd@madisonflswcd.com,(850) 869-0337,purpose=Soil and Water Conservation; independent; lga=Madison County
sd-magic-place-community-development-district,Magic Place Community Development District,special_district,Osceola,https://magicplacecdd.com,mark.watts@cobbcole.com,(386) 736-7700,purpose=Community Development; independent; lga=Osceola County
sd-magic-reserve-community-development-district,Magic Reserve Community Development District,special_district,Osceola,https://magicreservecdd.com,mark.watts@cobbcole.com,(386) 736-7700,purpose=Community Development; independent; lga=Osceola County
sd-magnolia-creek-community-development-district,Magnolia Creek Community Development District,special_district,Walton,https://magnoliacreekcdd.org,brizzetta@rizzetta.com,(813) 514-0400,purpose=Community Development; independent; lga=City of Freeport
sd-magnolia-island-community-development-district,Magnolia Island Community Development District,special_district,Pasco,https://www.magnoliaislandcdd.net,wrathellc@whhassociates.com,(561) 571-0010,purpose=Community Development; independent; lga=Pasco County
sd-magnolia-park-community-development-district,Magnolia Park Community Development District,special_district,Hillsborough,https://www.magnoliaparkcdd.org,tucker.mackie@kutakrock.com,(850) 692-7300,purpose=Community Development; independent; lga=Hillsborough County
sd-magnolia-west-community-development-district,Magnolia West Community Development District,special_district,Clay,https://magnoliawestcdd.org,brizzetta@rizzetta.com,(813) 514-0400,purpose=Community Development; independent; lga=City of Green Cove Springs
sd-mainstreet-at-coconut-creek-community-development-district,MainStreet at Coconut Creek Community Development District,special_district,Broward,https://mainstreetatcoconutcreekcdd.com,mpawelczyk@bclmr.com,(954) 764-7150,purpose=Community Development; independent; lga=City of Coconut Creek
sd-maitland-downtown-community-redevelopment-agency,Maitland Downtown Community Redevelopment Agency,special_district,Orange,https://www.itsmymaitland.com/197/community-redevelopment-agency,mreggentin@itsmymaitland.com,(407) 539-6221,purpose=Community Redevelopment; dependent; lga=City of Maitland
sd-majorca-isles-community-development-district,Majorca Isles Community Development District,special_district,Miami-Dade,https://www.majorcacdd.com,eric@condo-laws.com,(954) 983-1112,purpose=Community Development; independent; lga=City of Miami Gardens
sd-malabar-springs-community-development-district,Malabar Springs Community Development District,special_district,Brevard,https://malabarspringscdd.net,wrathellc@whhassociates.com,(561) 571-0010,purpose=Community Development; independent; lga=City of Palm Bay
sd-manatee-county-housing-authority,Manatee County Housing Authority,special_district,Manatee,https://www.manateehousing.com,willie.calhoun@manateehousing.com,(941) 756-3974,purpose=Housing Authority; independent; lga=Manatee County
sd-manatee-county-mosquito-control-district,Manatee County Mosquito Control District,special_district,Manatee,https://www.manateemosquito.com,christopher.lesser@manateemosquito.com,(941) 981-3895,purpose=Mosquito Control; independent; lga=Manatee County
sd-manatee-county-port-authority,Manatee County Port Authority,special_district,Manatee,https://www.seaportmanatee.com,kevin.vanostenbridge@mymanatee.org,(941) 722-6621,purpose=Port Facilities; dependent; lga=Manatee County
sd-manatee-river-soil-and-water-conservation-district,Manatee River Soil and Water Conservation District,special_district,Manatee,https://www.manateeriverswcd.com,xkp297@aol.com,(941) 907-0011,purpose=Soil and Water Conservation; independent; lga=Manatee County
sd-mandarin-grove-community-development-district,Mandarin Grove Community Development District,special_district,Manatee,https://www.mandaringrovecdd.org,brizzetta@rizzetta.com,(813) 514-0400,purpose=Community Development; independent; lga=Manatee County
sd-mangrove-point-and-mangrove-manor-community-development-district,Mangrove Point and Mangrove Manor Community Development District,special_district,Hillsborough,https://mangrovepointandmangrovemanorcdd.net,wrathellc@whhassociates.com,(561) 571-0010,purpose=Community Development; independent; lga=Hillsborough County
sd-manors-of-inverrary-safe-neighborhood-improvement-district,Manors of Inverrary Safe Neighborhood Improvement District,special_district,Broward,http://Duebytheendofthefirstfullfiscalyearaftercreation.,alfreda@cowardlaw.com,(954) 722-0836,purpose=Neighborhood Improvement - Local Gov.; dependent; lga=City of Lauderhill
sd-maple-ridge-community-development-district,Maple Ridge Community Development District,special_district,Broward,https://mapleridgecdd.com,mpawelczyk@bclmr.com,(954) 764-7150,purpose=Community Development; independent; lga=City of Hollywood
sd-margate-community-redevelopment-agency,Margate Community Redevelopment Agency,special_district,Broward,https://www.margatefl.com/cra,acaggiano@margatefl.com,(954) 972-6454,purpose=Community Redevelopment; dependent; lga=City of Margate
sd-marianna-health-and-rehabilitation-center,Marianna Health and Rehabilitation Center,special_district,Jackson,https://www.mhrc.care,mgay@mhrc.com,(850) 482-8091,purpose=Nursing Home; dependent; lga=City of Marianna
sd-marianna-housing-authority,Marianna Housing Authority,special_district,Jackson,https://www.mariannahousingauthority.com,mariannahousing@embarqmail.com,(850) 482-3512,purpose=Housing Authority; dependent; lga=City of Marianna
sd-marianna-municipal-airport-development-authority,Marianna Municipal Airport Development Authority,special_district,Jackson,https://www.mariannafl.city,wlong@mariannafl.city,(850) 482-4353,purpose=Airports / Air Navigation Facilities; dependent; lga=City of Marianna
sd-marion-county-community-redevelopment-agency,Marion County Community Redevelopment Agency,special_district,Marion,https://www.marionfl.org/government/departments-facilities-offices/growth-services/community-redevelopment-areas/community-redevelopment-area-agency-board,mounir.bouyounes@marionfl.org,(352) 438-2300,purpose=Community Redevelopment; dependent; lga=Marion County
sd-marion-county-hospital-district,Marion County Hospital District,special_district,Marion,https://www.mchdt.org,rbatsel@lawyersocala.com,(352) 579-1290,purpose=Hospital - Lease Oversight; dependent; lga=Marion County
sd-marion-county-housing-finance-authority,Marion County Housing Finance Authority,special_district,Marion,https://www.marionfl.org/government/departments-facilities-offices/community-services/housing-finance-authority-of-marion-county,keithf@hfamc.org,(352) 322-1987,purpose=Housing Finance; dependent; lga=Marion County
sd-marion-county-industrial-development-authority,Marion County Industrial Development Authority,special_district,Marion,https://www.marioncountyida.org,kevin@ocalacep.com,(352) 629-8051,purpose=Industrial Development; dependent; lga=Marion County
sd-marion-county-utility-authority,Marion County Utility Authority,special_district,Marion,https://www.marioncountyfl.org/departments-agencies/departments-o-z/utilities/marion-county-utility-authority,mounir.bouyounes@marioncountyfl.org,(352) 438-2300,purpose=Utility Systems / Services; dependent; lga=Marion County
sd-marion-ranch-community-development-district,Marion Ranch Community Development District,special_district,Marion,https://www.MarionRanchcdd.org,wrathellc@whhassociates.com,(561) 571-0010,purpose=Community Development; independent; lga=Marion County
sd-marion-soil-and-water-conservation-district,Marion Soil and Water Conservation District,special_district,Marion,https://www.marionswcdfl.gov,ann.bishop@marionfl.org,(352) 438-2475,purpose=Soil and Water Conservation; independent; lga=Marion County
sd-marsh-harbour-community-development-district,Marsh Harbour Community Development District,special_district,Palm Beach,https://www.marshharbourcdd.org,mpawelczyk@bclmr.com,(954) 764-7150,purpose=Community Development; independent; lga=City of Riviera Beach
sd-marshall-creek-community-development-district,Marshall Creek Community Development District,special_district,St. Johns,https://www.marshallcreekcdd.com,michael.eckert@kutakrock.com,(850) 692-7300,purpose=Community Development; independent; lga=St. Johns County
sd-martin-county-community-redevelopment-agency,Martin County Community Redevelopment Agency,special_district,Martin,https://www.martin.fl.us/cra,skores@martin.fl.us,(772) 320-3095,purpose=Community Redevelopment; dependent; lga=Martin County
sd-martin-county-health-facilities-authority,Martin County Health Facilities Authority,special_district,Martin,http://Duebytheendofthefirstfullfiscalyearaftercreation.,jflanigan@nasonyeager.com,(561) 686-3307,purpose=Health Facilities; dependent; lga=Martin County
sd-martin-county-industrial-development-authority,Martin County Industrial Development Authority,special_district,Martin,https://www.bdbmc.org,wcorbin@bdbmc.org,(772) 221-1380,purpose=Industrial Development; dependent; lga=Martin County
sd-matlacha-pine-island-fire-control-district,Matlacha / Pine Island Fire Control District,special_district,Lee,https://www.pineislandfire.org,admin@pineislandfire.org,(239) 283-0030,purpose=Fire Control and Rescue; independent; lga=Lee County
sd-mayfair-community-development-district-brevard-county,Mayfair Community Development District (Brevard County),special_district,Brevard,https://www.mayfaircdd.com,mpawelczyk@bclmr.com,(954) 764-7150,purpose=Community Development; independent; lga=City of Melbourne
sd-mccarty-s-choice-community-development-district,McCarty's Choice Community Development District,special_district,St. Lucie,https://mccartyschoicecdd.com,jburns@gmscfl.com,,purpose=Community Development; independent; lga=City  of Port St. Lucie
sd-mcjunkin-at-parkland-community-development-district,McJunkin at Parkland Community Development District,special_district,Broward,https://McJunkinCDD.com,mpawelczyk@bclmr.com,(954) 764-7150,purpose=Community Development; independent; lga=City of Parkland
sd-mckendree-pointe-community-development-district,McKendree Pointe Community Development District,special_district,Pasco,http://Duebytheendofthefirstfullfiscalyearaftercreation.,jvericker@srvlegal.com,(813) 223-9400,purpose=Community Development; independent; lga=Pasco County
sd-meadow-pines-community-development-district,Meadow Pines Community Development District,special_district,Broward,https://www.meadowpinescdd.org,mpawelczyk@bclmr.com,(954) 764-7150,purpose=Community Development; independent; lga=City of Pembroke Pines
sd-meadow-pointe-community-development-district,Meadow Pointe Community Development District,special_district,Pasco,https://meadowpointecdd.com,trobin@srvlegal.com,(813) 223-9400,purpose=Community Development; independent; lga=Pasco County
sd-meadow-pointe-ii-community-development-district,Meadow Pointe II Community Development District,special_district,Pasco,https://meadowpointe2cdd.org,jennifer@cddlawyers.com,(850) 508-2335,purpose=Community Development; independent; lga=Pasco County
sd-meadow-pointe-iii-community-development-district,Meadow Pointe III Community Development District,special_district,Pasco,https://www.meadowpointe3cdd.org,brizzetta@rizzetta.com,(813) 514-0400,purpose=Community Development; independent; lga=Pasco County
sd-meadow-pointe-iv-community-development-district,Meadow Pointe IV Community Development District,special_district,Pasco,https://meadowpointe4cdd.org,brizzetta@rizzetta.com,(813) 514-0400,purpose=Community Development; independent; lga=Pasco County
sd-meadow-view-at-twin-creeks-community-development-district,Meadow View at Twin Creeks Community Development District,special_district,St. Johns,https://www.meadowviewattwincreekscdd.com,joliver@gmsnf.com,(904) 940-5850,purpose=Community Development; independent; lga=St. Johns County
sd-mediterra-community-development-district,Mediterra Community Development District,special_district,"Lee, Collier",https://mediterracdd.net,wrathellc@whhassociates.com,(561) 571-0010,purpose=Community Development; independent; lga=Collier County and City of Bonita Springs
sd-mediterranea-community-development-district,Mediterranea Community Development District,special_district,Palm Beach,https://www.mediterraneacdd.com,mpawelczyk@bclmr.com,(954) 764-7150,purpose=Community Development; independent; lga=City of Riviera Beach
sd-melbourne-airport-authority,Melbourne Airport Authority,special_district,Brevard,https://www.MLBair.com,accountspayable@mlbair.com,(321) 723-6227,purpose=Airports / Air Navigation Facilities; dependent; lga=City of Melbourne
sd-melbourne-downtown-community-redevelopment-agency,Melbourne Downtown Community Redevelopment Agency,special_district,Brevard,https://www.melbourneflorida.org/departments/community-development/community-redevelopment-areas/melbourne-downtown-cra,city.manager@mlbfl.org,(321) 608-7200,purpose=Community Redevelopment; dependent; lga=City of Melbourne
sd-melbourne-housing-authority,Melbourne Housing Authority,special_district,Brevard,https://www.habc.us,mbean@habc.us,(321) 755-1575,purpose=Housing Authority; dependent; lga=City of Melbourne
sd-melbourne-tillman-water-control-district,Melbourne-Tillman Water Control District,special_district,Brevard,https://www.melbournetillman.org,mtwcd@melbournetillman.org,(321) 723-7233,purpose=Drainage and/or Water Control; dependent; lga=Brevard County
sd-merrick-square-community-development-district,Merrick Square Community Development District,special_district,Broward,https://merricksquarecdd.net,mpawelczyk@bclmr.com,(954) 764-7150,purpose=Community Development; independent; lga=City of Pembroke Pines
sd-merritt-island-public-library-district,Merritt Island Public Library District,special_district,Brevard,https://mipltd.org,asusanj@brev.org,(321) 455-1369,purpose=Library - Local; independent; lga=Brevard County
sd-merritt-island-redevelopment-agency,Merritt Island Redevelopment Agency,special_district,Brevard,https://mymerrittislandfl.com,larry.lallo@brevardfl.gov,(321) 454-6610,purpose=Community Redevelopment; dependent; lga=Brevard County
sd-metropica-community-development-district,Metropica Community Development District,special_district,Broward,https://MetropicaCDD.com,mpawelczyk@bclmr.com,(954) 764-7150,purpose=Community Development; independent; lga=City of Sunrise
sd-miami-beach-health-facilities-authority,Miami Beach Health Facilities Authority,special_district,Miami-Dade,https://www.miamibeachfl.gov,jasongreene@miamibeachfl.gov,(305) 673-7466,purpose=Health Facilities; dependent; lga=City of Miami Beach
sd-miami-beach-redevelopment-agency,Miami Beach Redevelopment Agency,special_district,Miami-Dade,https://www.miamibeachfl.gov/city-hall/economic-development/redevelopment-agency,stevenanthony@miamibeachfl.gov,(305) 673-7572,purpose=Community Redevelopment; dependent; lga=City of Miami Beach
sd-miami-beach-visitor-and-convention-authority,Miami Beach Visitor and Convention Authority,special_district,Miami-Dade,https://www.miamibeachvca.com,groquemarcos@miamibeachvca.com,(305) 673-7050,purpose=Civic Facilities / Activities / Services; dependent; lga=City of Miami Beach
sd-miami-gardens-community-redevelopment-agency,Miami Gardens Community Redevelopment Agency,special_district,Miami-Dade,https://www.miamigardens-fl.gov/201/Documents-Forms,cbenson@miamigardens-fl.gov,(305) 622-8000,purpose=Community Redevelopment; dependent; lga=City of Miami Gardens
sd-miami-world-center-community-development-district,Miami World Center Community Development District,special_district,Miami-Dade,https://www.miamiworldcentercdd.net,mpawelczyk@bclmr.com,(954) 764-7150,purpose=Community Development; independent; lga=Miami-Dade County
sd-miami-dade-county-educational-facilities-authority,Miami-Dade County Educational Facilities Authority,special_district,Miami-Dade,https://www8.miamidade.gov/global/government/special-districts/miami-dade-educational-facilities-authority.page,belkys.romay@miamidade.gov,(305) 375-5147,purpose=Higher Educational Facilities Financing; dependent; lga=Miami-Dade County
sd-miami-dade-county-health-facilities-authority,Miami-Dade County Health Facilities Authority,special_district,Miami-Dade,https://www8.miamidade.gov/global/government/special-districts/miami-dade-health-facilities-authority.page,belkys.romay@miamidade.gov,(305) 375-5147,purpose=Health Facilities; dependent; lga=Miami-Dade County
sd-miami-dade-county-housing-finance-authority,Miami-Dade County Housing Finance Authority,special_district,Miami-Dade,https://hfamiami.com/special-district,hfa@hfamiami.com,(305) 594-2518,purpose=Housing Finance; dependent; lga=Miami-Dade County
sd-miami-dade-county-industrial-development-authority,Miami-Dade County Industrial Development Authority,special_district,Miami-Dade,https://www.mdcida.org,info@mdcida.org,(305) 579-0070,purpose=Industrial Development; dependent; lga=Miami-Dade County
sd-miami-dade-county-library-district,Miami-Dade County Library District,special_district,Miami-Dade,https://www.mdpls.org/about/about-us.html,jcmonte@miamidade.gov,(305) 375-5178,purpose=Library - Local; dependent; lga=Miami-Dade County
sd-miami-dade-fire-and-rescue-service-district,Miami-Dade Fire and Rescue Service District,special_district,Miami-Dade,https://www.miamidade.gov/global/fire/home.page,ray.jadallah@miamidade.gov,(786) 331-5122,purpose=Fire Control and Rescue; dependent; lga=Miami-Dade County
sd-mid-bay-bridge-authority,Mid-Bay Bridge Authority,special_district,Okaloosa,https://www.mid-bay.com,van.fuller@mid-bay.com,(850) 897-1428,purpose=Expressway and Bridge; independent; lga=Okaloosa County
sd-middle-village-community-development-district,Middle Village Community Development District,special_district,Clay,https://www.middlevillagecdd.com,michael.eckert@kutakrock.com,(850) 692-7300,purpose=Community Development; independent; lga=Clay County
sd-middleton-community-development-district-a,Middleton Community Development District A,special_district,Sumter,https://myfamilydistrict.org/middleton-a/,kenny.blocker@districtgov.org,(352) 751-3939,purpose=Community Development; independent; lga=City of Wildwood
sd-middleton-community-development-district-b,Middleton Community Development District B,special_district,Sumter,https://Myfamilydistrict.org/Middleton-b/,mcddb@districtgov.org,(352) 751-3939,purpose=Community Development; independent; lga=City of Wildwood
sd-middleton-downtown-community-development-district,Middleton Downtown Community Development District,special_district,Sumter,https://myfamilydistrict.org/middleton-downtown,kenny.blocker@districtgov.org,(352) 751-3939,purpose=Community Development; independent; lga=City of Wildwood
sd-midtown-community-redevelopment-agency,Midtown Community Redevelopment Agency,special_district,Miami-Dade,https://www.miamicra.com/omnimidtown,epaschal@miamigov.com,(305) 416-1025,purpose=Community Redevelopment; dependent; lga=City of Miami
sd-midtown-improvement-district,Midtown Improvement District,special_district,Orange,https://midtownid.com,lanea@pfm.com,(407) 723-5900,purpose=Community Development; independent; lga=City of Orlando
sd-midtown-miami-community-development-district,Midtown Miami Community Development District,special_district,Miami-Dade,https://midtownmiamicdd.net,mpawelczyk@bclmr.com,(954) 764-7150,purpose=Community Development; independent; lga=Miami-Dade County
sd-midway-fire-district,Midway Fire District,special_district,Santa Rosa,https://www.midwayfire.com,shannon.stone@midwayfire.com,(850) 932-4771,purpose=Fire Control and Rescue; independent; lga=Santa Rosa County
sd-milkaway-community-development-district,Milkaway Community Development District,special_district,Hernando,http://Duebytheendofthefirstfullfiscalyearaftercreation.,brizzetta@rizzetta.com,(813) 514-0400,purpose=Community Development; independent; lga=City of Brooksville
sd-millers-creek-special-district,Millers Creek Special District,special_district,Duval,https://www.savemillerscreek.com,tmills@drivermcafee.com,(904) 807-8216,"purpose=Environmental Protection / Management, Inland Navigation and Waterways; dependent; lga=City of Jacksonville"
sd-milton-community-redevelopment-agency,Milton Community Redevelopment Agency,special_district,Santa Rosa,https://www.miltonfl.org/337/Community-Redevelopment-Agency-CRA,citymanager@miltonfl.org,(850) 983-5411,purpose=Community Redevelopment; dependent; lga=City of Milton
sd-milton-housing-authority,Milton Housing Authority,special_district,Santa Rosa,https://www.miltonhousing.org,mhadonb@gmail.com,(850) 623-8216,purpose=Housing Authority; dependent; lga=City of Milton
sd-mira-lago-west-community-development-district,Mira Lago West Community Development District,special_district,Hillsborough,https://miralagowestcdd.org,ssteady@burr.com,(813) 367-5719,purpose=Community Development; independent; lga=Hillsborough County
sd-mirabella-community-development-district,Mirabella Community Development District,special_district,Hillsborough,https://mirabellacdd.com,brian.lamb@inframark.com,(813) 397-5121,purpose=Community Development; independent; lga=Hillsborough County
sd-mirada-community-development-district-lee,Mirada Community Development District (Lee),special_district,Lee,https://www.miradacdd.com,mpawelczyk@bclmr.com,(954) 764-7150,purpose=Community Development; independent; lga=Lee County
sd-mirada-community-development-district-pasco,Mirada Community Development District (Pasco),special_district,Pasco,https://www.miradacdd.org,jere.earlywine@kutakrock.com,(850) 528-6152,purpose=Community Development; independent; lga=Pasco County
sd-mirada-ii-community-development-district,Mirada II Community Development District,special_district,Pasco,https://www.mirada2cdd.org,jvericker@srvlegal.com,(813) 223-9400,purpose=Community Development; independent; lga=Pasco County
sd-miromar-lakes-community-development-district,Miromar Lakes Community Development District,special_district,Lee,https://www.MiromarLakesCDD.org,wardj@pfm.com,(407) 723-5900,purpose=Community Development; independent; lga=Lee County
sd-mitchell-ranch-community-development-district,Mitchell Ranch Community Development District,special_district,Pasco,https://mitchellranchcdd.org,brizzetta@rizzetta.com,(813) 514-0400,purpose=Community Development; independent; lga=Pasco County
sd-mockingbird-ridge-community-development-district,Mockingbird Ridge Community Development District,special_district,Marion,http://Duebytheendofthefirstfullfiscalyearaftercreation.,wrathellc@whhassociates.com,(561) 571-0010,purpose=Community Development; independent; lga=City of Ocala
sd-monroe-county-comprehensive-plan-land-authority,Monroe County Comprehensive Plan Land Authority,special_district,Monroe,https://www.monroecounty-fl.gov,guerra-cynthia@monroecounty-fl.gov,(305) 295-5180,purpose=Land Authority; dependent; lga=Monroe County
sd-monroe-county-housing-authority,Monroe County Housing Authority,special_district,Monroe,https://kwha.org,sterlingr@kwha.org,(305) 296-5621,purpose=Housing Authority; independent; lga=Monroe County
sd-monroe-county-industrial-development-authority,Monroe County Industrial Development Authority,special_district,Monroe,https://www.monroecounty-fl.gov,boan-tina@monroecounty-fl.gov,(305) 292-4441,purpose=Industrial Development; dependent; lga=Monroe County
sd-montecito-community-development-district,Montecito Community Development District,special_district,Brevard,https://montecitocdd.org,dlyles@bclmr.com,(954) 764-7150,purpose=Community Development; independent; lga=City of Satellite Beach
sd-monterey-congress-community-development-district,Monterey / Congress Community Development District,special_district,Palm Beach,https://www.montereycongresscdd.org,mpawelczyk@bclmr.com,(954) 764-7150,purpose=Community Development; independent; lga=City of Boynton Beach
sd-monterra-community-development-district,Monterra Community Development District,special_district,Broward,https://www.monterracdd.com,mpawelczyk@bclmr.com,(954) 764-7150,purpose=Community Development; independent; lga=City of Cooper City
sd-moody-river-estates-community-development-district,Moody River Estates Community Development District,special_district,Lee,https://www.moodyrivercdd.net,michael.eckert@kutakrock.com,(850) 692-7300,purpose=Community Development; independent; lga=Lee County
sd-moore-haven-capital-projects-finance-authority,Moore Haven Capital Projects Finance Authority,special_district,Glades,https://moorehaven.org/special-districts/capfa,ashleywills@moorehaven.org,(863) 946-0711,purpose=Capital Improvements; dependent; lga=City of Moore Haven
sd-moore-haven-mosquito-control-district,Moore Haven Mosquito Control District,special_district,Glades,https://mhmcd.com/mhmcd.html,johnahern@ahernsllc.com,(863) 946-3000,purpose=Mosquito Control; independent; lga=City of Moore Haven
sd-moorings-bay-system-special-taxing-district,Moorings Bay System Special Taxing District,special_district,Collier,https://www.naplesgov.com,theitmann@naplesgov.com,(239) 213-1000,"purpose=Environmental Protection / Management, Inland Navigation and Waterways; dependent; lga=City of Naples"
sd-mount-dora-community-redevelopment-agency,Mount Dora Community Redevelopment Agency,special_district,Lake,https://fl-mountdora.civicplus.com/835/Mount-Dora-Community-Redevelopment-Agenc,plandev@mountdora.gov,(352) 735-7112,purpose=Community Redevelopment; dependent; lga=City of Mount Dora
sd-mount-dora-health-facilities-authority,Mount Dora Health Facilities Authority,special_district,Lake,https://www.cityofmountdora.com,gatesj@cityofmountdora.com,(352) 735-7122,purpose=Health Facilities; dependent; lga=City of Mount Dora
sd-mt-plymouth-sorrento-community-redevelopment-agency,Mt. Plymouth-Sorrento Community Redevelopment Agency,special_district,Lake,https://www.lakecountyfl.gov/Mount-Plymouth-Sorrento-CRA,megan.brew@lakecountyfl.gov,(352) 742-3925,purpose=Community Redevelopment; dependent; lga=Lake County
sd-mterc-community-development-district,MTERC Community Development District,special_district,Hillsborough,https://mterccdd.org,brizzetta@rizzetta.com,(813) 514-0400,purpose=Community Development; independent; lga=City of Tampa
sd-municipal-service-district-of-ponte-vedra-beach,Municipal Service District of Ponte Vedra Beach,special_district,St. Johns,https://www.pvmsd.org,wef@wflowerslaw.com,(904) 631-3003,purpose=Municipal-Type Services and Improvements; independent; lga=St. Johns County
sd-murdock-village-community-redevelopment-agency,Murdock Village Community Redevelopment Agency,special_district,Charlotte,https://www.charlottecountyfl.gov/cra/murdock-village,hector.flores@charlottecountyfl.gov,(941) 743-1944,purpose=Community Redevelopment; dependent; lga=Charlotte County
sd-murphy-s-landing-community-development-district,Murphy's Landing Community Development District,special_district,Hendry,http://Duebytheendofthefirstfullfiscalyearaftercreation.,wrathellc@whhassociates.com,(561) 571-0010,purpose=Community Development; independent; lga=Hendry County
sd-myrtle-creek-improvement-district,Myrtle Creek Improvement District,special_district,Orange,https://www.myrtlecreekid.org,waldenj@pfm.com,(407) 723-5900,purpose=Community Development; independent; lga=City of Orlando
sd-naples-heritage-community-development-district,Naples Heritage Community Development District,special_district,Collier,https://naplesheritagecdd.com,gurbancic@cyklawfirm.com,(239) 435-3535,purpose=Community Development; independent; lga=Collier County
sd-naples-reserve-community-development-district,Naples Reserve Community Development District,special_district,Collier,https://www.naplesreservecdd.net,gurbancic@cyklawfirm.com,(239) 435-3535,purpose=Community Development; independent; lga=Collier County
sd-naranja-lakes-community-redevelopment-agency,Naranja Lakes Community Redevelopment Agency,special_district,Miami-Dade,https://www.miamidade.gov/global/government/boards/naranja-lakes-cra.page,vivian.cao@miamidade.gov,(305) 375-5143,purpose=Community Redevelopment; dependent; lga=Miami-Dade County
sd-narcoossee-community-development-district,Narcoossee Community Development District,special_district,Orange,https://www.narcoosseecdd.com,jshowe@gmscfl.com,(407) 841-5524,purpose=Community Development; independent; lga=City of Orlando
sd-nassau-county-housing-finance-authority,Nassau County Housing Finance Authority,special_district,Nassau,https://www.nassaucountyfl.com,tpope@nassaucountyfl.com,(904) 530-6010,purpose=Housing Finance; dependent; lga=Nassau County
sd-nassau-soil-and-water-conservation-district,Nassau Soil and Water Conservation District,special_district,Nassau,https://nassausoilandwaterflorida.blogspot.com,ncswcd@gmail.com,(904) 879-3372,purpose=Soil and Water Conservation; independent; lga=Nassau County
sd-nature-coast-regional-water-authority,Nature Coast Regional Water Authority,special_district,"Dixie, Gilchrist",http://Duebytheendofthefirstfullfiscalyearaftercreation.,fanningspgs@gatorworks.com,(352) 463-6288,purpose=Regional Water; independent; lga=Multi
sd-naturewalk-community-development-district,Naturewalk Community Development District,special_district,Walton,https://naturewalkcdd.org,brizzetta@rizzetta.com,(813) 514-0400,purpose=Community Development; independent; lga=Walton County
sd-naval-properties-local-redevelopment-authority,Naval Properties Local Redevelopment Authority,special_district,Monroe,https://www.cityofkeywest-fl.gov,smcalearney@cityofkeywest-fl.gov,(305) 809-3778,purpose=Community Redevelopment; dependent; lga=City of Key West
sd-navarre-beach-fire-rescue-district,Navarre Beach Fire Rescue District,special_district,Santa Rosa,https://www.navarrebeachfire.org,chief@navarrebeachfire.org,(850) 939-2448,purpose=Fire Control and Rescue; independent; lga=Santa Rosa County
sd-neocity-improvement-district,NeoCity Improvement District,special_district,Osceola,https://www.neocityfl.com/improvement-district/,gina.mulerocortes@osceola.org,(407) 742-1803,purpose=Common Facilities Maintenance; dependent; lga=Osceola County
sd-new-port-tampa-bay-community-development-district,New Port - Tampa Bay Community Development District,special_district,Hillsborough,https://newporttampabaycdd.com,vbabbar@srvlegal.com,(407) 723-5900,purpose=Community Development; independent; lga=City of Tampa
sd-new-port-corners-community-development-district,New Port Corners Community Development District,special_district,Pasco,http://Duebytheendofthefirstfullfiscalyearaftercreation.,brizzetta@rizzetta.com,(813) 514-0400,purpose=Community Development; independent; lga=Pasco County
sd-new-port-richey-community-redevelopment-agency,New Port Richey Community Redevelopment Agency,special_district,Pasco,https://www.CityofNewPortRichey.org,mannsd@cityofnewportrichey.org,(727) 853-1021,purpose=Community Redevelopment; dependent; lga=City of New Port Richey
sd-new-river-community-development-district,New River Community Development District,special_district,Pasco,https://NewRiverCDD.com,vbabbar@srvlegal.com,(813) 223-9400,purpose=Community Development; independent; lga=Pasco County
sd-new-river-public-library-cooperative,New River Public Library Cooperative,special_district,"Baker, Bradford, Union",https://www.newriverlibrary.org,newriver@neflin.org,(386) 406-4262,purpose=Library - Regional; independent; lga=Multi
sd-new-river-solid-waste-association,New River Solid Waste Association,special_district,"Baker, Bradford, Union",https://www.nrswa.org,pkent@nrswa.org,(386) 431-1000,purpose=Solid Waste Disposal; independent; lga=Multi
sd-newfield-community-development-district,Newfield Community Development District,special_district,Martin,https://www.newfieldcdd.org,twodraska@sdsinc.org,(561) 630-4922,purpose=Community Development; independent; lga=Martin County
sd-newport-isles-community-development-district,Newport Isles Community Development District,special_district,Manatee,https://newportislescdd.net,wrathellc@whhassociates.com,(561) 571-0010,purpose=Community Development; independent; lga=Manatee County
sd-newton-road-community-development-district,Newton Road Community Development District,special_district,Miami-Dade,http://Duebytheendofthefirstfullfiscalyearaftercreation.,mpawelczyk@bclmr.com,(954) 764-7150,purpose=Community Development; independent; lga=Miami-Dade County
sd-niceville-community-redevelopment-agency,Niceville Community Redevelopment Agency,special_district,Okaloosa,https://cityofniceville.org/481/Community-Redevelopment-Agency-CRA,citymanager@nicevillefl.gov,,purpose=Community Redevelopment; dependent; lga=City of Niceville
sd-niceville-housing-authority,Niceville Housing Authority,special_district,Okaloosa,https://www.nicevillehousing.org,director@nicevillehousing.org,(850) 678-7816,purpose=Housing Authority; dependent; lga=City of Niceville
sd-normandy-community-development-district,Normandy Community Development District,special_district,Duval,https://NormandyCDD.com,vbabbar@srvlegal.com,(813) 223-9400,purpose=Community Development; independent; lga=City of Jacksonville
sd-normandy-ii-community-development-district,Normandy II Community Development District,special_district,Duval,http://Duebytheendofthefirstfullfiscalyearaftercreation.,vbabbar@srvlegal.com,(813) 223-9400,purpose=Community Development; independent; lga=City of Jacksonville
sd-normandy-shores-local-government-neighborhood-improvement-district,Normandy Shores Local Government Neighborhood Improvement District,special_district,Miami-Dade,http://Duebytheendofthefirstfullfiscalyearaftercreation.,elizabethmiro@miamibeachfl.gov,(305) 673-7000,purpose=Neighborhood Improvement - Local Gov.; dependent; lga=City of Miami Beach
sd-north-ar-1-of-pasco-community-development-district,North AR-1 of Pasco Community Development District,special_district,Pasco,https://www.northar1ofpascocdd.org,jvericker@srvlegal.com,(813) 223-9400,purpose=Community Development; independent; lga=Pasco County
sd-north-bay-fire-district,North Bay Fire District,special_district,Okaloosa,https://www.northbayfd.org,babennett@northbayfd.org,(850) 897-3689,purpose=Fire Control and Rescue; independent; lga=Okaloosa County
sd-north-beach-community-redevelopment-agency,North Beach Community Redevelopment Agency,special_district,Miami-Dade,https://www.miamibeachfl.gov/northbeachcra,stevenanthony@miamibeachfl.gov,(305) 673-7572,purpose=Community Redevelopment; dependent; lga=City of Miami Beach
sd-north-boulevard-community-development-district,North Boulevard Community Development District,special_district,Polk,https://www.NorthBoulevardCDD.com,jburns@gmscfl.com,(407) 841-5524,purpose=Community Development; independent; lga=City of Haines City
sd-north-brevard-county-hospital-district,North Brevard County Hospital District,special_district,Brevard,https://www.ParrishHealthCare.com,george.mikitarian@parrishmed.com,(321) 268-6100,purpose=Hospital; independent; lga=Brevard County
sd-north-brevard-recreation-special-district,North Brevard Recreation Special District,special_district,Brevard,https://www.brevardfl.gov/specialdistricts/northrecspecialdistrict,ian.golden@brevardfl.gov,(321) 633-2046,purpose=Recreational Facilities / Programs; dependent; lga=Brevard County
sd-north-broward-hospital-district,North Broward Hospital District,special_district,Broward,https://www.browardhealth.org,gdelamo@browardhealth.org,(954) 473-7000,purpose=Hospital; independent; lga=Broward County
sd-north-central-florida-regional-housing-authority,North Central Florida Regional Housing Authority,special_district,"Suwannee, Gilchrist, Levy",https://www.ncfrha.com,housing@ncfrha.com,(352) 486-5420,purpose=Housing Authority; independent; lga=Multi
sd-north-collier-fire-control-and-rescue-district,North Collier Fire Control and Rescue District,special_district,Collier,https://www.northcollierfire.com,ericardo@northcollierfire.com,(239) 597-3222,purpose=Fire Control and Rescue; independent; lga=Collier County
sd-north-dade-community-development-district,North Dade Community Development District,special_district,Miami-Dade,https://www.northdadecdd.com,dlyles@bclmr.com,(954) 764-7150,purpose=Community Development; independent; lga=Miami-Dade County
sd-north-florida-water-utilities-authority,North Florida Water Utilities Authority,special_district,"Columbia, Suwannee",https://nfwua.org,shannonr@nfwua.org,(386) 984-7342,purpose=Water and/or Wastewater Systems; independent; lga=Columbia County and Suwannee County
sd-north-fort-myers-fire-control-and-rescue-service-district,North Fort Myers Fire Control and Rescue Service District,special_district,Lee,https://www.nfmfirefl.gov,j.dunn@northfortmyersfire.com,(239) 997-8654,purpose=Fire Control and Rescue; independent; lga=Lee County
sd-north-lake-county-hospital-district,North Lake County Hospital District,special_district,Lake,https://northlakecountyhospitaldistrict.org,brichter@crippencpa.com,,purpose=Hospital; independent; lga=Lake County
sd-north-lakes-maintenance-district,North Lakes Maintenance District,special_district,Hillsborough,https://www.northlakesfl.org,kilb68@tampabay.rr.com,(813) 960-5701,purpose=Neighborhood Enhancement; dependent; lga=Hillsborough County
sd-north-lauderdale-housing-authority,North Lauderdale Housing Authority,special_district,Broward,https://www.nlauderdale.org/quick_links/housing_authority/index.php,mpamies@apnwplaw.com,(954) 768-9770,purpose=Housing Authority; dependent; lga=City of North Lauderdale
sd-north-lauderdale-water-control-district,North Lauderdale Water Control District,special_district,Broward,https://www.nlauderdale.org/quick_links/water_control_district/index.php,smay@nlauderdale.org,(954) 724-7070,purpose=Drainage and/or Water Control; dependent; lga=City of North Lauderdale
sd-north-loop-community-development-district,North Loop Community Development District,special_district,Charlotte,https://www.northloopcdd.com,jere.earlywine@kutakrock.com,(850) 692-7341,purpose=Community Development; independent; lga=City of Punta Gorda
sd-north-mainland-ormond-crossings-community-redevelopment-agency,North Mainland / Ormond Crossings Community Redevelopment Agency,special_district,Volusia,http://Duebytheendofthefirstfullfiscalyearaftercreation.,shanahan@ormondbeach.org,(386) 676-3238,purpose=Community Redevelopment; dependent; lga=City of Ormond Beach
sd-north-miami-beach-community-redevelopment-agency,North Miami Beach Community Redevelopment Agency,special_district,Miami-Dade,https://www.nmbcra.com,adam.old@citynmb.com,(305) 787-6053,purpose=Community Redevelopment; dependent; lga=City of North Miami Beach
sd-north-miami-community-redevelopment-agency,North Miami Community Redevelopment Agency,special_district,Miami-Dade,https://www.northmiamicra.org,aemmanuel@northmiamifl.gov,(305) 895-9839,purpose=Community Redevelopment; dependent; lga=City of North Miami
sd-north-okaloosa-county-fire-district,North Okaloosa County Fire District,special_district,Okaloosa,https://NorthOkaloosaFire.com,nofdadmin@district80.gccoxmail.com,(850) 682-1808,purpose=Fire Control and Rescue; independent; lga=Okaloosa County
sd-north-palm-beach-heights-water-control-district,North Palm Beach Heights Water Control District,special_district,Palm Beach,https://www.NPBHWCD.com,lmccullough@npbhwcd.com,(561) 844-5205,purpose=Drainage and/or Water Control; independent; lga=Palm Beach County
sd-north-park-isle-community-development-district,North Park Isle Community Development District,special_district,Hillsborough,https://northparkislecdd.com,brian.lamb@inframark.com,(813) 397-5120,purpose=Community Development; independent; lga=City of Plant City
sd-north-pointe-special-dependent-tax-district,North Pointe Special Dependent Tax District,special_district,Hillsborough,https://www.northpointetampa.com,bodebil@gmail.com,(813) 382-9262,purpose=Neighborhood Enhancement; dependent; lga=Hillsborough County
sd-north-port-fire-rescue-district,North Port Fire Rescue District,special_district,Sarasota,https://northportfl.gov,stitus@northportfl.gov,(941) 240-8150,purpose=Fire Control and Rescue; dependent; lga=City of North Port
sd-north-port-road-and-drainage-district,North Port Road and Drainage District,special_district,Sarasota,https://northportfl.gov,pwfinance@northportfl.gov,(941) 240-8050,purpose=Municipal-Type Services and Improvements; dependent; lga=City of North Port
sd-north-powerline-road-community-development-district,North Powerline Road Community Development District,special_district,Polk,https://www.NorthPowerlineRoadCDD.com,jburns@gmscfl.com,(407) 841-5524,purpose=Community Development; independent; lga=Polk County
sd-north-river-fire-district,North River Fire District,special_district,Manatee,https://www.nrfd.org,admin@nrfd.org,(941) 721-6700,purpose=Fire Control and Rescue; independent; lga=Manatee County
sd-north-river-ranch-improvement-stewardship-district,North River Ranch Improvement Stewardship District,special_district,Manatee,https://NorthRiverRanchISD.com,carvalhov@pfm.com,(407) 723-5900,purpose=Infrastructure Development; independent; lga=Manatee County
sd-north-springs-improvement-district,North Springs Improvement District,special_district,Broward,https://nsidfl.gov,bsherman@gorencherof.com,,purpose=Drainage and/or Water Control; independent; lga=Broward County
sd-north-st-lucie-river-water-control-district,North St. Lucie River Water Control District,special_district,St. Lucie,https://nslrwcd.org,nslrwcd@bellsouth.net,(772) 461-5050,purpose=Drainage and/or Water Control; independent; lga=St. Lucie County
sd-north-sumter-county-utility-dependent-district,North Sumter County Utility Dependent District,special_district,Sumter,https://districtgov.org/community/NSCUDD.aspx,kenneth.blocker@districtgov.org,(352) 751-3939,"purpose=Solid Waste Disposal, Utility Systems / Services; dependent; lga=Sumter County"
sd-northdale-special-district,Northdale Special District,special_district,Hillsborough,https://Northdale.mydistrictwebsite.com,dskinner@artemislifestyles.com,,purpose=Neighborhood Enhancement; dependent; lga=Hillsborough County
sd-northeast-community-redevelopment-agency,Northeast Community Redevelopment Agency,special_district,Lake,https://fl-mountdora.civicplus.com/836/Northeast-Community-Redevelopment-Agency,plandev@mountdora.gov,(352) 735-7112,purpose=Community Redevelopment; dependent; lga=City of Mount Dora
sd-northern-palm-beach-county-improvement-district,Northern Palm Beach County Improvement District,special_district,Palm Beach,https://www.npbcid.org/,danvers@npbcid.org,(561) 624-7830,purpose=Drainage and/or Water Control; independent; lga=Palm Beach County
sd-northern-riverwalk-community-development-district,Northern Riverwalk Community Development District,special_district,Palm Beach,https://www.northernriverwalkcdd.com,wcapko@llw-law.com,(561) 640-0820,purpose=Community Development; independent; lga=Town of Jupiter
sd-northlake-stewardship-district,Northlake Stewardship District,special_district,Manatee,https://northlakesd.net,sarah.sandy@kutakrock.com,(850) 692-7300,purpose=Infrastructure Development; independent; lga=Manatee County
sd-northridge-community-development-district,Northridge Community Development District,special_district,Pasco,https://northridgecdd.com,brian.lamb@inframark.com,(813) 873-7300,purpose=Community Development; independent; lga=Pasco County
sd-northwest-florida-regional-housing-authority,Northwest Florida Regional Housing Authority,special_district,"Bay, Calhoun, Dixie, Liberty, Lafayette, Leon, Madison, Okaloosa, Escambia, Franklin, Gadsden, Gulf, Jefferson, Holmes, Jackson, Hamilton, Taylor, Santa Rosa, Walton, Wakulla, Washington",https://www.nwfloridahousing.org,nwhousing@nwfrha.com,,purpose=Housing Authority; independent; lga=Multi
sd-northwest-florida-water-management-district,Northwest Florida Water Management District,special_district,"Calhoun, Escambia, Franklin, Wakulla, Walton, Washington, Gadsden, Gulf, Holmes, Jackson, Jefferson, Leon, Liberty, Okaloosa, Santa Rosa, Bay",https://www.nwfwater.com,candice.costello@nwfwater.com,(850) 539-5999,purpose=Water Management; independent; lga=Multi | MFMP-registered (VIP org id 40000054)
sd-northwest-focal-point-senior-center-district,Northwest Focal Point Senior Center District,special_district,Broward,https://www.margatefl.com/250/Northwest-Focal-Point-Senior-Center,tlieberman@margatefl.com,(954) 973-0300,purpose=Civic Facilities / Activities / Services; dependent; lga=City of Margate
sd-northwood-community-development-district,Northwood Community Development District,special_district,Pasco,https://www.northwoodcdd.com,brian.lamb@inframark.com,(813) 397-5121,purpose=Community Development; independent; lga=Pasco County
sd-nw-79th-street-corridor-community-redevelopment-agency,NW 79th Street Corridor Community Redevelopment Agency,special_district,Miami-Dade,https://www.miamidade.gov/global/government/boards/northwest-79th-street-cra.page,vivian.cao@miamidade.gov,(305) 375-1543,purpose=Community Redevelopment; dependent; lga=Miami-Dade County
sd-nw-7th-avenue-corridor-community-redevelopment-agency,NW 7th Avenue Corridor Community Redevelopment Agency,special_district,Miami-Dade,https://www.miamidade.gov/global/government/boards/northwest-7th-avenue-cra.page,vivian.cao@miamidade.gov,(305) 375-5143,purpose=Community Redevelopment; dependent; lga=Miami-Dade County
sd-oak-creek-community-development-district,Oak Creek Community Development District,special_district,Pasco,https://oakcreekcdd.org,vbabbar@srvlegal.com,(813) 223-9400,purpose=Community Development; independent; lga=Pasco County
sd-oak-hill-town-center-community-development-district,Oak Hill Town Center Community Development District,special_district,Volusia,http://Duebytheendofthefirstfullfiscalyearaftercreation.,wrathellc@whhassociates.com,(561) 571-0010,purpose=Community Development; independent; lga=City of Oak Hill
sd-oak-stone-community-development-district,Oak Stone Community Development District,special_district,DeSoto,http://Duebytheendofthefirstfullfiscalyearaftercreation.,vbabbar@srvlegal.com,(813) 223-9400,purpose=Community Development; independent; lga=DeSoto
sd-oakridge-community-development-district,Oakridge Community Development District,special_district,Broward,https://www.oakridgecdd.com,mpawelczyk@bclmr.com,(954) 764-7150,purpose=Community Development; independent; lga=City of Hollywood
sd-oaks-at-shady-creek-community-development-district,Oaks at Shady Creek Community Development District,special_district,Hillsborough,https://theoaksatshadycreekcdd.org,brian.lamb@inframark.com,(813) 873-7300,purpose=Community Development; independent; lga=Hillsborough County
sd-oakstead-community-development-district,Oakstead Community Development District,special_district,Pasco,https://www.oaksteadcdd.org,vbabbar@srvlegal.com,(813) 223-9400,purpose=Community Development; independent; lga=Pasco County
sd-ocala-community-redevelopment-agency,Ocala Community Redevelopment Agency,special_district,Marion,https://www.ocalafl.gov/government/city-departments-a-h/growth-management/community-redevelopment-agency,ahale@ocalafl.gov,(352) 629-8550,purpose=Community Redevelopment; dependent; lga=City of Ocala
sd-ocala-downtown-development-district,Ocala Downtown Development District,special_district,Marion,https://www.ocalafl.org/government/city-departments-a-h/growth-management/cra-special-districts/downtown-development-district,ahale@ocalafl.gov,(352) 629-8550,purpose=Downtown Development / Improvement; independent; lga=City of Ocala
sd-ocala-housing-authority,Ocala Housing Authority,special_district,Marion,https://www.ocalahousing.org,gdawson@ocalahousing.org,(352) 369-2636,purpose=Housing Authority; dependent; lga=City of Ocala
sd-ocala-preserve-community-development-district,Ocala Preserve Community Development District,special_district,Marion,https://OcalaPreserveCDD.net,wrathellc@whhassociates.com,(561) 571-0010,purpose=Community Development; independent; lga=Marion County
sd-ocean-city-wright-fire-control-district,Ocean City - Wright Fire Control District,special_district,Okaloosa,https://www.ocwfcd.org,chief@ocwfcd.org,(850) 862-1185,purpose=Fire Control and Rescue; independent; lga=Okaloosa County
sd-ocean-highway-and-port-authority,Ocean Highway and Port Authority,special_district,Nassau,https://www.portoffernandina.org,tammi@cityattorneys.legal,,purpose=Port Facilities; independent; lga=Nassau County
sd-ocoee-community-redevelopment-agency,Ocoee Community Redevelopment Agency,special_district,Orange,https://www.ocoeecra.com,craig.shadrix@ocoee.org,(407) 905-3112,purpose=Community Redevelopment; dependent; lga=City of Ocoee
sd-okaloosa-gas-district,Okaloosa Gas District,special_district,"Santa Rosa, Walton, Okaloosa, Escambia",https://www.okaloosagas.com,gordonking@okaloosagas.com,(850) 729-4840,purpose=Natural Gas Distribution and / or Transmission; independent; lga=Multi
sd-okaloosa-island-fire-control-district,Okaloosa Island Fire Control District,special_district,Okaloosa,https://www.okaloosaislandfire.com,adminasst@oifd.org,(850) 244-5373,purpose=Fire Control and Rescue; independent; lga=Okaloosa County
sd-okeechobee-soil-and-water-conservation-district,Okeechobee Soil and Water Conservation District,special_district,Okeechobee,https://www.okeechobeeswcd.org,audrey.kuipers@okeechobeeswcd.org,,purpose=Soil and Water Conservation; independent; lga=Okeechobee County
sd-okeechobee-utility-authority,Okeechobee Utility Authority,special_district,"Glades, Okeechobee",https://www.ouafl.com,jhayford@ouafl.com,(863) 763-9460,purpose=Utility Systems / Services; independent; lga=Okeechobee County
sd-old-hickory-community-development-district,Old Hickory Community Development District,special_district,Osceola,https://www.OldHickoryCDD.com,jcarpenter@lathamluna.com,(407) 481-5800,purpose=Community Development; independent; lga=City of St. Cloud
sd-old-palm-community-development-district,Old Palm Community Development District,special_district,Palm Beach,https://www.oldpalmcdd.com,wcapko@llw-law.com,(561) 640-0820,purpose=Community Development; independent; lga=City of Palm Beach Gardens
sd-old-plantation-water-control-district,Old Plantation Water Control District,special_district,Broward,https://www.opwcd.org,bbutler@opwcd.org,(954) 472-5596,purpose=Drainage and/or Water Control; independent; lga=Broward County
sd-old-town-floridian-community-development-district,Old Town Floridian Community Development District,special_district,Miami-Dade,https://www.oldtownfloridiancdd.org,mpawelczyk@bclmr.com,(954) 764-7150,purpose=Community Development; independent; lga=Miami-Dade County
sd-olde-eau-gallie-riverfront-community-redevelopment-agency,Olde Eau Gallie Riverfront Community Redevelopment Agency,special_district,Brevard,https://www.melbourneflorida.org/departments/community-development/community-redevelopment-areas/olde-eau-gallie-riverfront-cra,city.manager@mlbfl.org,(321) 608-7200,purpose=Community Redevelopment; dependent; lga=City of Melbourne
sd-oldsmar-community-redevelopment-agency,Oldsmar Community Redevelopment Agency,special_district,Pinellas,https://www.myoldsmar.com/252/Community-Redevelopment-Agency,fdonnelly@myoldsmar.com,(813) 749-1102,purpose=Community Redevelopment; dependent; lga=City of Oldsmar
sd-olympus-community-development-district,Olympus Community Development District,special_district,Lake,https://olympuscdd.com,jonathan.johnson@kutakrock.com,(850) 692-7300,purpose=Community Development; independent; lga=City of Clermont
sd-omni-redevelopment-district-community-redevelopment-agency,Omni Redevelopment District Community Redevelopment Agency,special_district,Miami-Dade,https://www.omnicra.com,csuarez@miamigov.com,(305) 679-6869,purpose=Community Redevelopment; dependent; lga=City of Miami
sd-one-daytona-community-development-district,One Daytona Community Development District,special_district,Volusia,https://onedaytonacdd.org,mark.watts@cobbcole.com,(386) 736-7700,purpose=Community Development; independent; lga=City of Daytona Beach
sd-opa-locka-community-redevelopment-agency,Opa-Locka Community Redevelopment Agency,special_district,Miami-Dade,https://www.opalockafl.gov/index.aspx?NID=288,cdelaine@opalockafl.gov,,purpose=Community Redevelopment; dependent; lga=City of Opa-Locka
sd-orange-bend-community-development-district,Orange Bend Community Development District,special_district,Lake,http://Duebytheendofthefirstfullfiscalyearaftercreation.,wrathellc@whhassociates.com,(561) 571-0010,purpose=Community Development; independent; lga=City of Leesburg
sd-orange-blossom-groves-community-development-district,Orange Blossom Groves Community Development District,special_district,Collier,https://www.orangeblossomgrovescdd.net,wesley.haber@kutakrock.com,(850) 692-7300,purpose=Community Development; independent; lga=Collier County
sd-orange-blossom-ranch-community-development-district,Orange Blossom Ranch Community Development District,special_district,Collier,https://www.orangeblossomranchcdd.net,wesley.haber@kutakrock.com,(850) 692-7300,purpose=Community Development; independent; lga=Collier County
sd-orange-blossom-trail-community-redevelopment-agency,Orange Blossom Trail Community Redevelopment Agency,special_district,Orange,https://www.orangecountyfl.net/Home/SpecialDistricts/OrangeBlossomTrailCRA.aspx,vanessa.pinkney@obtdb.com,(407) 855-1705,purpose=Community Redevelopment; dependent; lga=Orange County
sd-orange-blossom-trail-local-government-nid,Orange Blossom Trail Local Government NID,special_district,Orange,https://www.obtdb.com,vanessa.pinkney@obtdb.com,(407) 855-1705,purpose=Neighborhood Improvement - Local Gov.; dependent; lga=Orange County
sd-orange-branch-community-development-district,Orange Branch Community Development District,special_district,St. Johns,https://www.orangebranchcdd.net,wrathellc@whhassociates.com,(561) 571-0010,purpose=Community Development; independent; lga=St. Johns County
sd-orange-city-community-redevelopment-agency,Orange City Community Redevelopment Agency,special_district,Volusia,https://orangecityfl.gov/community-redevelopment-agency,cdavid@orangecityfl.gov,(386) 775-5491,purpose=Community Redevelopment; dependent; lga=City of Orange City
sd-orange-county-health-facilities-authority,Orange County Health Facilities Authority,special_district,Orange,https://orangecountyfl.net,dale.burket@lowndes-law.com,(407) 843-4600,purpose=Health Facilities; dependent; lga=Orange County
sd-orange-county-housing-finance-authority,Orange County Housing Finance Authority,special_district,Orange,https://www.ochfa.com,fdutes@ochfa.com,(407) 894-0014,purpose=Housing Finance; dependent; lga=Orange County
sd-orange-county-industrial-development-authority,Orange County Industrial Development Authority,special_district,Orange,https://www.orangecountyfl.net/Home/SpecialDistricts/OCIndustrialDevelopmentAuthority.aspx#.Wnm4z-Qo5PY,scott.fagan@orlando.org,(407) 422-7159,purpose=Industrial Development; dependent; lga=Orange County
sd-orange-county-library-district,Orange County Library District,special_district,Orange,https://www.ocls.org/about/special-taxing-district-information,kshoemaker@ocls.org,(407) 835-7314,purpose=Library - Local; independent; lga=Orange County
sd-orange-county-research-and-development-authority,Orange County Research and Development Authority,special_district,Orange,http://Duebytheendofthefirstfullfiscalyearaftercreation.,joe@cfrp.org,(407) 282-3944,purpose=Research and Development; independent; lga=Orange County
sd-orange-soil-and-water-conservation-district,Orange Soil and Water Conservation District,special_district,Orange,https://OrangeSoilandWaterConservationDistrictFL.org,schambers.swd1@gmail.com,(407) 720-9453,purpose=Soil and Water Conservation; independent; lga=Orange County
sd-orchid-grove-community-development-district,Orchid Grove Community Development District,special_district,Broward,https://www.orchidgrovecdd.com,mpawelczyk@bclmr.com,(954) 764-7150,purpose=Community Development; independent; lga=City of Pompano Beach
sd-orlandia-heights-special-neighborhood-improvement-district,Orlandia Heights Special Neighborhood Improvement District,special_district,Volusia,https://debary.org,chrisbowman@comcast.net,(386) 668-2040,purpose=Neighborhood Improvement - Special; dependent; lga=City of DeBary
sd-orlando-community-redevelopment-agency,Orlando Community Redevelopment Agency,special_district,Orange,https://www.DowntownOrlando.com,david.barilla@downtownorlando.com,(407) 246-2555,purpose=Community Redevelopment; dependent; lga=City of Orlando
sd-orlando-sed-community-development-district,Orlando SED Community Development District,special_district,Orange,http://Duebytheendofthefirstfullfiscalyearaftercreation.,mullinsl@pfm.com,(407) 723-5935,purpose=Community Development; independent; lga=City of Orlando
sd-ormond-beach-community-redevelopment-agency,Ormond Beach Community Redevelopment Agency,special_district,Volusia,http://Duebytheendofthefirstfullfiscalyearaftercreation.,shanahan@ormondbeach.org,(386) 676-3238,purpose=Community Redevelopment; dependent; lga=City of Ormond Beach
sd-ormond-beach-housing-authority,Ormond Beach Housing Authority,special_district,Volusia,https://obha.org,caroline@obha.org,,purpose=Housing Authority; dependent; lga=City of Ormond Beach
sd-ormond-crossings-central-community-development-district,Ormond Crossings Central Community Development District,special_district,Volusia,http://Duebytheendofthefirstfullfiscalyearaftercreation.,jonathan.johnson@kutakrock.com,(850) 692-7300,purpose=Community Development; independent; lga=City of Ormond Beach
sd-ormond-crossings-east-community-development-district,Ormond Crossings East Community Development District,special_district,Volusia,http://Duebytheendofthefirstfullfiscalyearaftercreation.,jonathan.johnson@kutakrock.com,(850) 692-7300,purpose=Community Development; independent; lga=City of Ormond Beach
sd-ormond-crossings-west-community-development-district,Ormond Crossings West Community Development District,special_district,Volusia,http://Duebytheendofthefirstfullfiscalyearaftercreation.,wrathellc@whhassociates.com,(561) 571-0010,purpose=Community Development; independent; lga=City of Ormond Beach
sd-ormond-station-community-development-district,Ormond Station Community Development District,special_district,Flagler,https://ormondstationcdd.net,wrathellc@whhassociates.com,(561) 571-0010,purpose=Community Development; independent; lga=Flagler County
sd-osceola-chain-of-lakes-community-development-district,Osceola Chain of Lakes Community Development District,special_district,Osceola,https://www.OsceolaChainOfLakesCDD.org,sarah.sandy@kutakrock.com,(850) 692-7300,purpose=Community Development; independent; lga=Osceola County
sd-osceola-county-community-redevelopment-agency-east-u-s-192,Osceola County Community Redevelopment Agency - East U.S. 192,special_district,Osceola,https://E192CRA.osceola.org,dfis@osceola.org,(407) 742-2385,purpose=Community Redevelopment; dependent; lga=Osceola County
sd-osceola-county-health-facilities-authority,Osceola County Health Facilities Authority,special_district,Osceola,http://Duebytheendofthefirstfullfiscalyearaftercreation.,amanda.clavijo@osceola.org,(407) 742-1700,purpose=Health Facilities; dependent; lga=Osceola County
sd-osceola-county-housing-finance-authority,Osceola County Housing Finance Authority,special_district,Osceola,https://www.osceola.org/go/ochfa,jcarpenter@lathamluna.com,(407) 481-5800,purpose=Housing Finance; dependent; lga=Osceola County
sd-osceola-county-library-district,Osceola County Library District,special_district,Osceola,http://Duebytheendofthefirstfullfiscalyearaftercreation.,amanda.clavijo@osceola.org,(407) 742-7100,purpose=Library - Local; dependent; lga=Osceola County
sd-osceola-village-center-community-development-district,Osceola Village Center Community Development District,special_district,Osceola,https://OsceolaVillageCenterCDD.net,tucker.mackie@kutakrock.com,(850) 692-7300,purpose=Community Development; independent; lga=City of Kissimmee
sd-osceola-water-district-1,Osceola Water District 1,special_district,Osceola,http://Duebytheendofthefirstfullfiscalyearaftercreation.,amanda.clavijo@osceola.org,(407) 742-1700,purpose=County Water and Sewer; dependent; lga=Osceola County
sd-osceola-water-district-2,Osceola Water District 2,special_district,Osceola,http://Duebytheendofthefirstfullfiscalyearaftercreation.,amanda.clavijo@osceola.org,(407) 742-1700,purpose=County Water and Sewer; dependent; lga=Osceola County
sd-osceola-water-district-3,Osceola Water District 3,special_district,Osceola,http://Duebytheendofthefirstfullfiscalyearaftercreation.,amanda.clavijo@osceola.org,(407) 742-1700,purpose=County Water and Sewer; dependent; lga=Osceola County
sd-osceola-water-district-4,Osceola Water District 4,special_district,Osceola,http://Duebytheendofthefirstfullfiscalyearaftercreation.,amanda.clavijo@osceola.org,(407) 742-1700,purpose=County Water and Sewer; dependent; lga=Osceola County
sd-osceola-water-district-5,Osceola Water District 5,special_district,Osceola,http://Duebytheendofthefirstfullfiscalyearaftercreation.,amanda.clavijo@osceola.org,(407) 742-1700,purpose=County Water and Sewer; dependent; lga=Osceola County
sd-osprey-oaks-community-development-district,Osprey Oaks Community Development District,special_district,Palm Beach,https://www.ospreyoakscdd.net,mpawelczyk@bclmr.com,(954) 764-7150,purpose=Community Development; independent; lga=Palm Beach County
sd-otc-community-development-district,OTC Community Development District,special_district,Duval,https://otccdd.com,joliver@gmsnf.com,(904) 940-5850,purpose=Community Development; independent; lga=City of Jacksonville
sd-ovation-community-development-district,Ovation Community Development District,special_district,Osceola,http://Duebytheendofthefirstfullfiscalyearaftercreation.,jonathan.johnson@kutakrock.com,(850) 692-7300,purpose=Community Development; independent; lga=Osceola County
sd-overoaks-community-development-district,Overoaks Community Development District,special_district,Osceola,https://overoakscdd.org,jcarpenter@lathamluna.com,(407) 481-5000,purpose=Community Development; independent; lga=Osceola County
sd-overstreet-fire-control-district,Overstreet Fire Control District,special_district,Gulf,https://www.gulfcounty-fl.gov,mhammond@gulfcounty-fl.gov,(850) 229-6106,purpose=Fire Control and Rescue; dependent; lga=Gulf County
sd-oviedo-community-redevelopment-agency,Oviedo Community Redevelopment Agency,special_district,Seminole,https://www.cityofoviedo.net/963/Community-Redevelopment-Agency,bcobb@cityofoviedo.net,(407) 971-5506,purpose=Community Redevelopment; dependent; lga=City of Oviedo
sd-pace-fire-rescue-district,Pace Fire Rescue District,special_district,Santa Rosa,https://www.pacefirerescuedistrict.com,rwhitfield@pacefirerescuedistrict.com,(850) 994-6884,purpose=Fire Control and Rescue; independent; lga=Santa Rosa County
sd-pace-property-finance-authority,Pace Property Finance Authority,special_district,Santa Rosa,https://www.pacewater.org,dboutwell@pacewater.org,(850) 994-5129,purpose=Capital Improvements; dependent; lga=Santa Rosa County
sd-pacific-ace-community-development-district,Pacific Ace Community Development District,special_district,Lake,https://pacificacecdd.net,wrathellc@whhassociates.com,(561) 571-0010,purpose=Community Development; independent; lga=Lake County
sd-paddocks-community-development-district,Paddocks Community Development District,special_district,Manatee,https://www.paddockscdd.net,wrathellc@whhassociates.com,(561) 571-0010,purpose=Community Development; independent; lga=Manatee County
sd-pahokee-housing-authority-inc,"Pahokee Housing Authority, Inc.",special_district,Palm Beach,https://www.pahokeehousing.org,iharvey@pahokeehousing.org,(561) 924-5565,purpose=Housing Authority; dependent; lga=City of Pahokee
sd-pahokee-water-control-district,Pahokee Water Control District,special_district,Palm Beach,https://floridawatercontroldistricts.org/Pahokee.htm,districtmanager@sflcd.com,(561) 996-2940,purpose=Drainage and/or Water Control; independent; lga=Palm Beach County
sd-pal-public-library-cooperative,PAL Public Library Cooperative,special_district,"Putnam, Levy, Alachua",https://pal-cooperative.org,marlene@neflin.org,(330) 328-7157,purpose=Library - Regional; independent; lga=Multi
sd-palace-at-coral-gables-community-development-district,Palace at Coral Gables Community Development District,special_district,Miami-Dade,https://palaceatcoralgablescdd.com,mpawelczyk@bclmr.com,(954) 764-7150,purpose=Community Development; independent; lga=City of Coral Gables
sd-palatka-downtown-redevelopment-agency,Palatka Downtown Redevelopment Agency,special_district,Putnam,https://palatka-fl.gov,mcarty@palatka-fl.gov,(386) 329-0100,purpose=Community Redevelopment; dependent; lga=City of Palatka
sd-palatka-gas-authority,Palatka Gas Authority,special_district,Putnam,https://www.palatkagasauthority.com,bdennis@palatkagas.org,(386) 328-1591,purpose=Natural Gas Distribution and / or Transmission; dependent; lga=City of Palatka
sd-palatka-housing-authority,Palatka Housing Authority,special_district,Putnam,https://palatkaha.org,aewoods@palatkaha.org,(386) 329-0132,purpose=Housing Authority; dependent; lga=City of Palatka
sd-palermo-community-development-district,Palermo Community Development District,special_district,Lee,https://palermocdd.org,wardj@pfm.com,(407) 723-5900,purpose=Community Development; independent; lga=Lee County
sd-palm-aire-special-recreation-district,Palm Aire Special Recreation District,special_district,Broward,https://PalmAire.mydistrictwebsite.com,bweissman@ngnlaw.com,(954) 315-0269,purpose=Recreational Facilities / Programs; independent; lga=City of Pompano Beach
sd-palm-bay-community-development-district,Palm Bay Community Development District,special_district,Hillsborough,https://www.palmbaycdd.net,wrathellc@whhassociates.com,(561) 571-0010,purpose=Community Development; independent; lga=Hillsborough County
sd-palm-beach-county-educational-facilities-authority,Palm Beach County Educational Facilities Authority,special_district,Palm Beach,http://Duebytheendofthefirstfullfiscalyearaftercreation.,scott@rhinecpa.com,(561) 314-2201,purpose=Higher Educational Facilities Financing; dependent; lga=Palm Beach County
sd-palm-beach-county-health-facilities-authority,Palm Beach County Health Facilities Authority,special_district,Palm Beach,https://pbchealthfacilitiesauthority.com,jflanigan@nasonyeager.com,(561) 686-3307,purpose=Health Facilities; dependent; lga=Palm Beach County
sd-palm-beach-county-housing-authority,Palm Beach County Housing Authority,special_district,Palm Beach,https://www.pbchafl.org,cjones-gilbert@pbchafl.org,(561) 684-2160,purpose=Housing Authority; independent; lga=Palm Beach County
sd-palm-beach-county-library-district,Palm Beach County Library District,special_district,Palm Beach,https://www.pbclibrary.org,group-libraryaccountspayable@pbclibrary.org,(561) 233-2600,purpose=Library - Local; dependent; lga=Palm Beach County
sd-palm-beach-municipal-services-special-district,Palm Beach Municipal Services Special District,special_district,Palm Beach,https://townofpalmbeach.com,kblouin@townofpalmbeach.com,(561) 838-5410,purpose=Municipal-Type Services and Improvements; dependent; lga=Town of Palm Beach
sd-palm-beach-plantation-community-development-district,Palm Beach Plantation Community Development District,special_district,Palm Beach,https://www.palmbeachplantationcdd.org,mpawelczyk@bclmr.com,(954) 764-7150,purpose=Community Development; independent; lga=Palm Beach County
sd-palm-beach-soil-and-water-conservation-district,Palm Beach Soil and Water Conservation District,special_district,Palm Beach,https://www.pbswcd.org,laura.pbswcd@gmail.com,,purpose=Soil and Water Conservation; independent; lga=Palm Beach County
sd-palm-beach-workforce-development-consortium,Palm Beach Workforce Development Consortium,special_district,Palm Beach,https://www.careersourcepbc.com,krehns@lippes.com,(561) 594-1776,purpose=Economic Development; independent; lga=Multi
sd-palm-coast-145-community-development-district,Palm Coast 145 Community Development District,special_district,Flagler,https://PalmCoast145CDD.net,wrathellc@whhassociates.com,(561) 571-0010,purpose=Community Development; independent; lga=City of Palm Coast
sd-palm-coast-park-community-development-district,Palm Coast Park Community Development District,special_district,Flagler,https://palmcoastparkcdd.org,michael3@legalteamforlife.com,(386) 445-8900,purpose=Community Development; independent; lga=City of Palm Coast
sd-palm-gate-community-development-district,Palm Gate Community Development District,special_district,Miami-Dade,http://Duebytheendofthefirstfullfiscalyearaftercreation.,mpawelczyk@bclmr.com,(954) 764-7150,purpose=Community Development; independent; lga=City of Florida City
sd-palm-glades-community-development-district,Palm Glades Community Development District,special_district,Miami-Dade,https://www.palmgladescdd.com,mpawelczyk@bclmr.com,(954) 764-7150,purpose=Community Development; independent; lga=Miami-Dade County
sd-palm-harbor-special-fire-control-and-rescue-district,Palm Harbor Special Fire Control and Rescue District,special_district,Pinellas,https://www.PalmHarborfd.com,firechief@palmharborfd.com,(727) 784-0454,purpose=Fire Control and Rescue; independent; lga=Pinellas County
sd-palm-springs-community-redevelopment-agency,Palm Springs Community Redevelopment Agency,special_district,Palm Beach,https://www.vpsfl.org/585/Village-of-Palm-Springs-CRA,mbornstein@vpsfl.org,(561) 584-8200,purpose=Community Redevelopment; dependent; lga=Village of Palm Springs
sd-palma-sola-trace-community-development-district,Palma Sola Trace Community Development District,special_district,Manatee,https://palmasolatracecdd.org,brizzetta@rizzetta.com,(813) 514-0400,purpose=Community Development; independent; lga=City of Bradenton
sd-pal-mar-water-control-district,Pal-Mar Water Control District,special_district,"Palm Beach, Martin",https://www.palmarwcd.org,glen@torcivialaw.com,(561) 686-8700,purpose=Drainage and/or Water Control; independent; lga=Multi
sd-palmetto-ridge-community-development-district,Palmetto Ridge Community Development District,special_district,Pasco,https://www.palmettoridgecdd.org,jere.earlywine@kutakrock.com,(850) 528-6152,purpose=Community Development; independent; lga=Pasco County
sd-palms-of-terra-ceia-bay-community-development-district,Palms of Terra Ceia Bay Community Development District,special_district,Manatee,https://www.palmsofterraceiabaycdd.org,mreiss@appletonreiss.com,(813) 542-8888,purpose=Community Development; independent; lga=City of Palmetto
sd-panama-city-beach-community-redevelopment-agency,Panama City Beach Community Redevelopment Agency,special_district,Bay,https://www.pcbfl.gov/departments/community-redevelopment-agency-cra,debra.gibson@pcbfl.gov,(850) 233-5100,purpose=Community Redevelopment; dependent; lga=City of Panama City Beach
sd-panama-city-community-redevelopment-agency,Panama City Community Redevelopment Agency,special_district,Bay,https://www.panamacity.gov/163/Community-Redevelopment-Agency,jhayes@panamacity.gov,(850) 691-4603,purpose=Community Redevelopment; dependent; lga=City of Panama City
sd-panama-city-downtown-improvement-board,Panama City Downtown Improvement Board,special_district,Bay,https://www.pcdib.com,admin@pcdib.com,(850) 785-2554,purpose=Downtown Development / Improvement; dependent; lga=City of Panama City
sd-panama-city-housing-authority,Panama City Housing Authority,special_district,Bay,https://PanamaCityHousing.org,thenry@panamacityhousing.org,(850) 769-5278,purpose=Housing Authority; dependent; lga=City of Panama City
sd-panama-city-north-community-development-district,Panama City North Community Development District,special_district,Bay,http://Duebytheendofthefirstfullfiscalyearaftercreation.,,,purpose=Community Development; independent; lga=City of Panama City
sd-panama-city-port-authority,Panama City Port Authority,special_district,Bay,https://www.portpcfl.com,aking@portpcfl.com,(850) 767-3220,purpose=Port Facilities; dependent; lga=City of Panama City
sd-panama-city-bay-county-airport-and-industrial-district,Panama City-Bay County Airport and Industrial District,special_district,Bay,https://www.iflybeaches.com,accounting@pcairport.com,(850) 636-8950,purpose=Airports / Air Navigation Facilities; independent; lga=Bay County
sd-panhandle-public-library-cooperative-system,Panhandle Public Library Cooperative System,special_district,"Holmes, Jackson, Calhoun",https://www.pplcs.net,admin@pplcs.net,(850) 482-9296,purpose=Library - Regional; independent; lga=Multi
sd-panther-trace-community-development-district,Panther Trace Community Development District,special_district,Hillsborough,https://www.mypanthertrace.net,jvericker@srvlegal.com,(813) 223-9400,purpose=Community Development; independent; lga=Hillsborough County
sd-panther-trace-ii-community-development-district,Panther Trace II Community Development District,special_district,Hillsborough,https://www.panthertracecdd2.net,jvericker@srvlegal.com,(813) 223-9400,purpose=Community Development; independent; lga=Hillsborough County
sd-panther-trails-community-development-district,Panther Trails Community Development District,special_district,Hillsborough,https://panthertrailscdd.org,brizzetta@rizzetta.com,(813) 514-0400,purpose=Community Development; independent; lga=Hillsborough County
sd-park-creek-community-development-district,Park Creek Community Development District,special_district,Hillsborough,https://www.parkcreekcdd.org,vbabbar@srvlegal.com,(813) 223-9400,purpose=Community Development; independent; lga=Hillsborough County
sd-park-east-community-development-district,Park East Community Development District,special_district,Hillsborough,https://parkeastcdd.com,brian.lamb@merituscorp.com,(813) 873-7300,purpose=Community Development; independent; lga=City of Plant City
sd-park-place-community-development-district,Park Place Community Development District,special_district,Hillsborough,https://www.parkplacecdd.org,brian.lamb@inframark.com,(813) 397-5121,purpose=Community Development; independent; lga=Hillsborough County
sd-parker-pointe-community-development-district,Parker Pointe Community Development District,special_district,Miami-Dade,http://Duebytheendofthefirstfullfiscalyearaftercreation.,wrathellc@whhassociates.com,(561) 571-0010,purpose=Community Development; independent; lga=Miami-Dade County
sd-parker-road-community-development-district,Parker Road Community Development District,special_district,Alachua,https://parkerroadcdd.com,katie.buchanan@kutakrock.com,(850) 692-7300,purpose=Community Development; independent; lga=Alachua County
sd-parkland-community-development-district,Parkland Community Development District,special_district,Santa Rosa,https://parklandcdd.net,wrathellc@whhassociates.com,(561) 571-0010,purpose=Community Development; independent; lga=Santa Rosa County
sd-parkland-preserve-community-development-district,Parkland Preserve Community Development District,special_district,St. Johns,https://www.parklandpreservecdd.org,jere.earlywine@kutakrock.com,(850) 528-6152,purpose=Community Development; independent; lga=St. Johns County
sd-parklands-lee-community-development-district,Parklands Lee Community Development District,special_district,Lee,https://www.palmiracdds.net,wrathellc@whhassociates.com,(561) 571-0010,purpose=Community Development; independent; lga=City of Bonita Springs
sd-parklands-west-community-development-district,Parklands West Community Development District,special_district,Lee,https://www.palmiracdds.net,wrathellc@whhassociates.com,(561) 571-0010,purpose=Community Development; independent; lga=City of Bonita Springs
sd-parkside-community-redevelopment-agency,Parkside Community Redevelopment Agency,special_district,Charlotte,https://www.charlottecountyfl.gov/cra/parkside,hector.flores@charlottecountyfl.gov,(941) 743-1944,purpose=Community Redevelopment; dependent; lga=Charlotte County
sd-parkside-trails-community-development-district,Parkside Trails Community Development District,special_district,Lake,https://parksidetrailscdd.com,gflint@gmscfl.com,(407) 841-5524,purpose=Community Development; independent; lga=City of Clermont
sd-parkview-at-long-lake-ranch-community-development-district,Parkview at Long Lake Ranch Community Development District,special_district,Pasco,https://ParkviewAtLongLakeRanchCDD.net,lindsay.whelan@kutakrock.com,(850) 692-7300,purpose=Community Development; independent; lga=Pasco County
sd-parkway-center-community-development-district,Parkway Center Community Development District,special_district,Hillsborough,https://www.myoakcreekcommunity.net,brian.lamb@inframark.com,(813) 397-5121,purpose=Community Development; independent; lga=Hillsborough County
sd-parrish-area-improvement-district,Parrish Area Improvement District,special_district,Manatee,https://https://mymanatee.org/connect/news-and-information/news-and-information/article-detail/government-relations---economic-development/2025/03/25/parrish-area-improvement-district,george.kruse@mymanatee.org,(941) 745-3713,purpose=Economic Development; dependent; lga=Manatee County
sd-parrish-fire-district,Parrish Fire District,special_district,Manatee,https://www.parrishfd.org,accounting@parrishfd.org,(941) 721-2093,purpose=Fire Control and Rescue; independent; lga=Manatee County
sd-parrish-lakes-community-development-district,Parrish Lakes Community Development District,special_district,Manatee,http://Duebytheendofthefirstfullfiscalyearaftercreation.,jvericker@srvlegal.com,(813) 223-9400,purpose=Community Development; independent; lga=Manatee County
sd-parrish-lakes-ii-community-development-district,Parrish Lakes II Community Development District,special_district,Manatee,https://www.parrishlakesiicdd.org,jvericker@srvlegal.com,,purpose=Community Development; independent; lga=Manatee County
sd-parrish-north-community-development-district,Parrish North Community Development District,special_district,Manatee,https://www.parrishnorthcdd.com,jvericker@srvlegal.com,(813) 223-9400,purpose=Community Development; independent; lga=Manatee County
sd-parrish-plantation-community-development-district,Parrish Plantation Community Development District,special_district,Manatee,https://parrishplantationcdd.com,brian.lamb@inframark.com,(813) 873-7300,purpose=Community Development; independent; lga=Manatee County
sd-pasadena-ridge-community-development-district,Pasadena Ridge Community Development District,special_district,Pasco,http://Duebytheendofthefirstfullfiscalyearaftercreation.,wrathellc@whhassociates.com,(561) 571-0010,purpose=Community Development; independent; lga=Pasco County
sd-pasco-county-educational-facilities-authority,Pasco County Educational Facilities Authority,special_district,Pasco,https://www.pascocountyfl.net/government/advisory_boards_and_committees.php#collapselinks-58-20b6,jsteinsnyder@pascocountyfl.net,(727) 847-8120,purpose=Higher Educational Facilities Financing; dependent; lga=Pasco County
sd-pasco-county-health-facilities-authority,Pasco County Health Facilities Authority,special_district,Pasco,https://www.pascocountyfl.net/government/advisory_boards_and_committees.php#collapselinks-58-20b12,jsteinsnyder@pascocountyfl.net,(727) 847-8120,purpose=Health Facilities; dependent; lga=Pasco County
sd-pasco-county-housing-authority,Pasco County Housing Authority,special_district,Pasco,https://www.pascocountyhousing.org,jsklet@pascocountyhousing.org,,purpose=Housing Authority; independent; lga=Pasco County
sd-pasco-county-housing-finance-authority,Pasco County Housing Finance Authority,special_district,Pasco,https://www.pascocountyfl.net/services/community_development/housing_finance_authority.php,mthieryung@pascocountyfl.net,(727) 834-3447,purpose=Housing Finance; dependent; lga=Pasco County
sd-pasco-county-mosquito-control-district,Pasco County Mosquito Control District,special_district,Pasco,https://www.pascomosquito.org,arogers@pascomosquito.org,(727) 376-4568,purpose=Mosquito Control; independent; lga=Pasco County
sd-pasco-county-road-and-bridge-district,Pasco County Road and Bridge District,special_district,Pasco,https://www.pascocountyfl.net/services/public_works/index.php,pcadmin@pascocounty.net,(727) 847-8115,purpose=County Road and Bridge; dependent; lga=Pasco County
sd-paseo-community-development-district,Paseo Community Development District,special_district,Lee,https://paseocdd.org,brizzetta@rizzetta.com,(813) 514-0400,purpose=Community Development; independent; lga=City of Fort Myers
sd-pbr-community-development-district,PBR Community Development District,special_district,Brevard,https://www.pbrcdd.com,mark.watts@cobbcole.com,(386) 736-7700,purpose=Community Development; independent; lga=City of West Melbourne
sd-peace-creek-community-development-district,Peace Creek Community Development District,special_district,Polk,https://www.peacecreekcdd.com,jennifer@cddlawyers.com,(850) 508-2335,purpose=Community Development; independent; lga=City of Winter Haven
sd-peace-creek-village-community-development-district,Peace Creek Village Community Development District,special_district,Polk,https://peacecreekvillagecdd.net,jburns@gmscfl.com,(407) 841-5524,purpose=Community Development; independent; lga=City of Winter Haven
sd-peace-crossing-community-development-district,Peace Crossing Community Development District,special_district,Polk,https://peacecrossingcdd.net,wrathellc@whhassociates.com,(561) 571-0010,purpose=Community Development; independent; lga=City of Lake Wales
sd-peace-river-soil-and-water-conservation-district,Peace River Soil and Water Conservation District,special_district,DeSoto,http://Duebytheendofthefirstfullfiscalyearaftercreation.,jennifer.gough@hardeecountyfl.gov,(863) 773-9644,purpose=Soil and Water Conservation; independent; lga=Desoto County
sd-peace-river-manasota-regional-water-supply-authority,Peace River-Manasota Regional Water Supply Authority,special_district,"Charlotte, DeSoto, Manatee, Sarasota",https://www.regionalwater.org,randerson@regionalwater.org,(941) 316-1776,purpose=Regional Water; independent; lga=Multi
sd-pelican-lake-water-control-district,Pelican Lake Water Control District,special_district,Palm Beach,https://floridawatercontroldistricts.org/Pelican_Lake.htm,districtmanager@sflcd.com,(561) 996-2940,purpose=Drainage and/or Water Control; independent; lga=Palm Beach County
sd-pelican-marsh-community-development-district,Pelican Marsh Community Development District,special_district,Collier,https://www.pelicanmarshcdd.com,apires@wpl-legal.com,(239) 649-6555,purpose=Community Development; independent; lga=Collier County
sd-pembroke-harbor-community-development-district,Pembroke Harbor Community Development District,special_district,Broward,https://www.phcdd.com,mpawelczyk@bclmr.com,(954) 764-7150,purpose=Community Development; independent; lga=City of Pembroke Pines
sd-pensacola-downtown-improvement-board,Pensacola Downtown Improvement Board,special_district,Escambia,https://www.downtownpensacola.com,executivedirector@downtownpensacola.com,(850) 380-9642,purpose=Downtown Development / Improvement; dependent; lga=City of Pensacola
sd-pensacola-escambia-promotion-and-development-commission,Pensacola-Escambia Promotion and Development Commission,special_district,Escambia,https://www.floridawesteda.com,cplate@floridawesteda.com,(850) 898-2201,purpose=Economic Development; independent; lga=Escambia County and City of Pensacola
sd-pentathlon-community-development-district,Pentathlon Community Development District,special_district,Miami-Dade,https://www.pentathloncdd.org,mpawelczyk@bclmr.com,(954) 764-7150,purpose=Community Development; independent; lga=Miami-Dade County
sd-performing-arts-center-authority,Performing Arts Center Authority,special_district,Broward,https://www.browardcenter.org,tsutton@browardcenter.org,(954) 468-3299,purpose=Civic Facilities / Activities / Services; independent; lga=Broward County
sd-pier-park-community-development-district,Pier Park Community Development District,special_district,Bay,https://pierparkcdd.org,joseph.brown@kutakrock.com,(850) 692-7300,purpose=Community Development; independent; lga=City of Panama City Beach
sd-pine-air-lakes-community-development-district,Pine Air Lakes Community Development District,special_district,Collier,https://www.pineairlakescdd.com,gurbancic@cyklawfirm.com,(239) 435-3535,purpose=Community Development; independent; lga=Collier County
sd-pine-hills-local-government-neighborhood-improvement-district,Pine Hills Local Government Neighborhood Improvement District,special_district,Orange,https://orangecountyfl.net/pinehills,daniel.kilponen@ocfl.net,(407) 836-4471,purpose=Neighborhood Improvement - Local Gov.; dependent; lga=Orange County
sd-pine-hollow-special-dependent-district,Pine Hollow Special Dependent District,special_district,Hillsborough,https://pinehollowsdd.org,cletegoddard@gmail.com,(813) 442-1516,purpose=Neighborhood Enhancement; dependent; lga=Hillsborough County
sd-pine-isle-community-development-district,Pine Isle Community Development District,special_district,Miami-Dade,https://pineislecdd.com,mpawelczyk@bclmr.com,(954) 764-7150,purpose=Community Development; independent; lga=Miami-Dade County
sd-pine-meadows-special-dependent-district,Pine Meadows Special Dependent District,special_district,Hillsborough,https://pinemeadowssdd.yolasite.com,johnmorse43@gmail.com,(813) 451-8148,purpose=Neighborhood Enhancement; dependent; lga=Hillsborough County
sd-pine-ridge-plantation-community-development-district,Pine Ridge Plantation Community Development District,special_district,Clay,https://www.pineridgeplantationcdd.com,wesley.haber@kutakrock.com,(850) 692-7300,purpose=Community Development; independent; lga=Clay County
sd-pine-tree-water-control-district-broward-county,Pine Tree Water Control District (Broward County),special_district,Broward,https://pinetreewcd.com,ddoody@gorencherof.com,(954) 771-4500,purpose=Drainage and/or Water Control; independent; lga=Broward County
sd-pine-tree-water-control-district-palm-beach-county,Pine Tree Water Control District (Palm Beach County),special_district,Palm Beach,https://ptwcd.org,staff@ptwcd.org,(561) 596-3255,purpose=Drainage and/or Water Control; independent; lga=Palm Beach County
sd-pineapple-grove-community-development-district,Pineapple Grove Community Development District,special_district,St. Lucie,https://pineapplegrovecdd.org,jonathan.johnson@kutakrock.com,(850) 692-7300,purpose=Community Development; independent; lga=St. Lucie County
sd-pinellas-county-community-redevelopment-agency,Pinellas County Community Redevelopment Agency,special_district,Pinellas,https://www.pinellascounty.org/boards/cra/special.htm,adavis@pinellas.gov,(727) 464-8219,purpose=Community Redevelopment; dependent; lga=Pinellas County
sd-pinellas-county-construction-licensing-board,Pinellas County Construction Licensing Board,special_district,Pinellas,https://www.pcclb.com,jnielsen@pinellas.gov,(727) 464-3105,purpose=Licensing and Regulation; dependent; lga=Pinellas County
sd-pinellas-county-educational-facilities-authority,Pinellas County Educational Facilities Authority,special_district,Pinellas,https://www.pinellascounty.org/boards/educational-authority,dlavere@bmolaw.com,(813) 273-6677,"purpose=Educational Facilities Financing (All Levels), Florida Industrial Development Financing; dependent; lga=Pinellas County"
sd-pinellas-county-emergency-medical-services-authority,Pinellas County Emergency Medical Services Authority,special_district,Pinellas,https://www.pinellascounty.org/boards/ems-authority,chare@pinellascounty.org,(727) 582-5752,purpose=Emergency Medical Services; dependent; lga=Pinellas County
sd-pinellas-county-health-facilities-authority,Pinellas County Health Facilities Authority,special_district,Pinellas,https://www.pinellascounty.org/boards/health-facilities,jabernathy@pinellascounty.org,(727) 464-3596,purpose=Health Facilities; dependent; lga=Pinellas County
sd-pinellas-county-housing-authority,Pinellas County Housing Authority,special_district,Pinellas,https://www.pinellashousing.com,nbrickfield@pinellashousing.com,,purpose=Housing Authority; independent; lga=Pinellas County
sd-pinellas-county-industrial-development-authority,Pinellas County Industrial Development Authority,special_district,Pinellas,https://www.pinellascounty.org/boards/industrial-authority,cyjohnson@pinellas.gov,(727) 464-7332,purpose=Industrial Development; dependent; lga=Pinellas County
sd-pinellas-county-license-board,Pinellas County License Board,special_district,Pinellas,https://www.pclb.org,faith.bornoff@flhealth.gov,(727) 507-4857,purpose=Licensing and Regulation; independent; lga=Pinellas County
sd-pinellas-park-water-management-district,Pinellas Park Water Management District,special_district,Pinellas,https://www.ppwmd.com,info@ppwmd.com,(727) 528-8022,purpose=Drainage and/or Water Control; independent; lga=Pinellas County
sd-pinellas-planning-council,Pinellas Planning Council,special_district,Pinellas,https://www.forwardpinellas.org,wblanton@forwardpinellas.org,(727) 464-8250,purpose=Planning - Land Use and Transportation; dependent; lga=Pinellas County
sd-pinellas-suncoast-fire-and-rescue-district,Pinellas Suncoast Fire and Rescue District,special_district,Pinellas,https://www.psfrd.org,kgrimes@psfrd.org,,purpose=Fire Control and Rescue; independent; lga=Pinellas County
sd-pinellas-suncoast-transit-authority,Pinellas Suncoast Transit Authority,special_district,Pinellas,https://www.psta.net,dleous@psta.net,(727) 540-1800,purpose=Transportation Systems / Services; independent; lga=Pinellas County
sd-pinery-community-development-district,Pinery Community Development District,special_district,Hernando,http://Duebytheendofthefirstfullfiscalyearaftercreation.,wrathellc@whhassociates.com,(561) 571-0010,purpose=Community Development; independent; lga=Hernando County
sd-piney-z-community-development-district,Piney-Z Community Development District,special_district,Leon,https://pineyzcdd.com,clyon@llw-law.com,(850) 222-5702,purpose=Community Development; independent; lga=City of Tallahassee
sd-pioneer-community-development-district,Pioneer Community Development District,special_district,Volusia,https://pioneercdd.com,katie.buchanan@kutakrock.com,(850) 692-7300,purpose=Community Development; independent; lga=City of Port Orange
sd-pioneer-ranch-community-development-district,Pioneer Ranch Community Development District,special_district,Marion,https://www.PioneerRanchcdd.org,wrathellc@whhassociates.com,(561) 571-0010,purpose=Community Development; independent; lga=Marion County
sd-plant-city-community-redevelopment-agency,Plant City Community Redevelopment Agency,special_district,Hillsborough,https://plantcitygov.com/523/Community-Redevelopment-Agency-CRA,accountspayable@plantcitygov.com,(813) 659-4200,purpose=Community Redevelopment; dependent; lga=City of Plant City
sd-plant-city-housing-authority,Plant City Housing Authority,special_district,Hillsborough,https://PlantCityHousing.org,patriciab@plantcityhousing.org,(813) 752-0569,purpose=Housing Authority; dependent; lga=City of Plant City
sd-plantation-acres-improvement-district,Plantation Acres Improvement District,special_district,Broward,https://www.paidfl.org,dlsmith@dlsmithinc.com,(954) 770-2004,purpose=Drainage and/or Water Control; independent; lga=Broward County
sd-plantation-gateway,Plantation Gateway,special_district,Broward,https://www.plantation.org,dholmes@plantation.org,(954) 797-2622,purpose=Neighborhood Improvement - Local Gov.; dependent; lga=City of Plantation
sd-plantation-midtown-development-district,Plantation Midtown Development District,special_district,Broward,https://www.plantation.org,dholmes@plantation.org,(954) 797-2622,purpose=Neighborhood Improvement - Local Gov.; dependent; lga=City of Plantation
sd-poinciana-community-development-district,Poinciana Community Development District,special_district,Polk,https://poincianacdd.org,jcarpenter@lathamluna.com,(407) 481-5800,purpose=Community Development; independent; lga=Polk County
sd-poinciana-west-community-development-district,Poinciana West Community Development District,special_district,Polk,https://Poincianawestcdd.org,sclark@winterparklawyers.com,(407) 647-7600,purpose=Community Development; independent; lga=Polk County
sd-poitras-east-community-development-district,Poitras East Community Development District,special_district,Orange,https://poitraseastcdd.com,lanea@pfm.com,(407) 723-5900,purpose=Community Development; independent; lga=City of Orlando
sd-polk-county-industrial-development-authority,Polk County Industrial Development Authority,special_district,Polk,https://www.polk-county.net/boccsite/your-government/industrial-development-authority,dfisher@petersonmyers.com,(863) 294-3360,purpose=Industrial Development; dependent; lga=Polk County
sd-polk-regional-water-cooperative,Polk Regional Water Cooperative,special_district,Polk,https://www.prwcwater.org,ericdehaven@prwcwater.org,(863) 534-6444,purpose=Regional Water; independent; lga=Multi
sd-polk-transit-authority,Polk Transit Authority,special_district,Polk,https://PolkTransit.com,tphillips@ridecitrus.com,(863) 688-7433,purpose=Transportation Systems / Services; independent; lga=Polk County
sd-pollard-road-community-development-district,Pollard Road Community Development District,special_district,Polk,https://www.pollardroadcdd.com,jburns@gmscfl.com,(407) 841-5524,purpose=Community Development; independent; lga=City of Winter Haven
sd-pompano-beach-community-redevelopment-agency,Pompano Beach Community Redevelopment Agency,special_district,Broward,https://www.PompanoBeachFL.gov/CRA,nguyen.tran@copbfl.com,(954) 786-7823,purpose=Community Redevelopment; dependent; lga=City of Pompano Beach
sd-pompano-beach-emergency-medical-services-district,Pompano Beach Emergency Medical Services District,special_district,Broward,https://pompanobeachfl.gov/pages/fire/fire_rescue,greg.harrison@copbfl.com,(954) 786-4510,purpose=Emergency Medical Services; dependent; lga=City of Pompano Beach
sd-ponce-de-leon-inlet-and-port-district,Ponce De Leon Inlet and Port District,special_district,Volusia,https://volusia.org/coastal,jfentress@volusia.org,(386) 248-8072,"purpose=Inland Navigation and Waterways, Port Facilities; dependent; lga=Volusia County"
sd-ponte-vedra-zoning-and-adjustment-board,Ponte Vedra Zoning and Adjustment Board,special_district,St. Johns,https://www.sjcfl.us/Operations/pvzab.aspx,mroberson@sjcfl.us,(904) 209-0593,purpose=Planning - Regulation; dependent; lga=St. Johns County
sd-port-labelle-community-development-district,Port Labelle Community Development District,special_district,"Glades, Hendry",https://plcdd.mydistrictwebsite.com,judikk@plcdd.net,(863) 675-5770,purpose=Community Development; independent; lga=Multi
sd-port-malabar-holiday-park-mobile-home-park-recreation-district,"Port Malabar Holiday Park, Mobile Home Park Recreation District",special_district,Brevard,https://www.holidayparkfl.com,holidaypark@holidayparkfl.com,(321) 724-2240,purpose=Mobile Home Park Recreation; independent; lga=City of Palm Bay
sd-port-manatee-improvement-district,Port Manatee Improvement District,special_district,Manatee,https://https://mymanatee.org/connect/news-and-information/news-and-information/article-detail/government-relations---economic-development/2025/02/24/port-manatee-encouragement-zone,george.kruse@mymanatee.org,(941) 745-3713,"purpose=Economic Development, Capital Improvements; dependent; lga=Manatee County"
sd-port-of-palm-beach-district,Port of Palm Beach District,special_district,Palm Beach,https://www.portofpalmbeach.com,mmeekins@portofpalmbeach.com,(561) 383-4100,purpose=Port Facilities; independent; lga=Palm Beach County
sd-port-of-the-islands-community-improvement-district,Port of The Islands Community Improvement District,special_district,Collier,https://poicid.com,apires@wpl-legal.com,(239) 649-6555,purpose=Community Development; independent; lga=Collier County
sd-port-orange-town-center,Port Orange Town Center,special_district,Volusia,https://www.port-orange.org/economic_development/?p=towncenter,pcruz@port-orange.org,(386) 506-5671,purpose=Community Redevelopment; dependent; lga=City of Port Orange
sd-port-richey-community-redevelopment-agency,Port Richey Community Redevelopment Agency,special_district,Pasco,https://cityofportrichey.com/community-redevelopment-agency,city.manager@cityofportrichey.gov,(727) 819-1900,purpose=Community Redevelopment; dependent; lga=City of Port Richey
sd-port-st-joe-port-authority,Port St. Joe Port Authority,special_district,Gulf,https://www.portofportstjoe.com,info@portofportstjoe.com,(850) 229-5240,purpose=Port Facilities; independent; lga=City of Port St. Joe
sd-port-st-joe-redevelopment-agency,Port St. Joe Redevelopment Agency,special_district,Gulf,https://www.PSJRA.com,cpierce@psj.fl.gov,(850) 229-8261,purpose=Community Redevelopment; dependent; lga=City of Port St. Joe
sd-portico-community-development-district,Portico Community Development District,special_district,Lee,https://porticocdd.org,brizzetta@rizzetta.com,(813) 514-0400,purpose=Community Development; independent; lga=Lee County
sd-portofino-isles-community-development-district,Portofino Isles Community Development District,special_district,St. Lucie,https://www.portofinoislescdd.com,mpawelczyk@bclmr.com,(954) 764-7150,purpose=Community Development; independent; lga=City of Port St. Lucie
sd-portofino-landings-community-development-district,Portofino Landings Community Development District,special_district,St. Lucie,https://www.portofinolandingscdd.com,mpawelczyk@bclmr.com,(954) 764-7150,purpose=Community Development; independent; lga=City of Fort Pierce
sd-portofino-shores-community-development-district,Portofino Shores Community Development District,special_district,St. Lucie,https://www.portofinoshorescdd.com,wcapko@llw-law.com,(561) 640-0820,purpose=Community Development; independent; lga=St. Lucie County
sd-portofino-springs-community-development-district,Portofino Springs Community Development District,special_district,Lee,https://www.portofinospringscdd.com,mpawelczyk@bclmr.com,(954) 764-7150,purpose=Community Development; independent; lga=Lee County
sd-portofino-vineyards-community-development-district,Portofino Vineyards Community Development District,special_district,Lee,https://www.portofinovineyardscdd.com,mpawelczyk@bclmr.com,(954) 764-7150,purpose=Community Development; independent; lga=Lee County
sd-portofino-vista-community-development-district,Portofino Vista Community Development District,special_district,Osceola,https://www.portofinovistacdd.com,mpawelczyk@bclmr.com,(954) 764-7150,purpose=Community Development; independent; lga=City of St. Cloud
sd-post-oak-ranch-community-development-district,Post Oak Ranch Community Development District,special_district,Citrus,http://Duebytheendofthefirstfullfiscalyearaftercreation.,jere.earlywine@kutakrock.com,(850) 528-6152,purpose=Community Development; independent; lga=Citrus County
sd-preserve-at-legends-pointe-community-development-district,Preserve at Legends Pointe Community Development District,special_district,Pasco,http://Duebytheendofthefirstfullfiscalyearaftercreation.,wrathellc@whhassociates.com,(561) 571-0010,purpose=Community Development; independent; lga=Pasco County
sd-preserve-at-savannah-lakes-community-development-district,Preserve at Savannah Lakes Community Development District,special_district,St. Lucie,https://PreserveAtSavannahLakesCDD.net,wrathellc@whhassociates.com,(561) 571-0010,purpose=Community Development; independent; lga=City of Fort Pierce
sd-preserve-at-south-branch-community-development-district-the,"Preserve at South Branch Community Development District, The",special_district,Pasco,https://thepreserveatsouthbranchcdd.org,hbeckett@vestapropertyservices.com,,purpose=Community Development; independent; lga=Pasco County
sd-preserve-at-wilderness-lake-community-development-district-the,"Preserve at Wilderness Lake Community Development District, The",special_district,Pasco,https://wildernesslakecdd.org,jvericker@srvlegal.com,(813) 223-9400,purpose=Community Development; independent; lga=Pasco County
sd-preston-cove-community-development-district,Preston Cove Community Development District,special_district,Osceola,https://prestoncovecdd.com,jcarpenter@lathamluna.com,(407) 481-5800,purpose=Community Development; independent; lga=Osceola County
sd-princeton-commons-community-development-district,Princeton Commons Community Development District,special_district,Miami-Dade,http://Duebytheendofthefirstfullfiscalyearaftercreation.,mpawelczyk@bclmr.com,(954) 764-7150,purpose=Community Development; independent; lga=Miami-Dade County
sd-principal-one-community-development-district,Principal One Community Development District,special_district,Duval,https://www.principalonecdd.org,jpierman@sdsinc.org,(561) 630-4922,purpose=Community Development; independent; lga=City of Jacksonville
sd-prosperity-lakes-community-development-district,Prosperity Lakes Community Development District,special_district,Manatee,https://prosperitylakescdd.org,brizzetta@rizzetta.com,(813) 514-0400,purpose=Community Development; independent; lga=Manatee County
sd-ptc-community-development-district,PTC Community Development District,special_district,Pasco,https://ptccdd.net,wrathellc@whhassociates.com,(561) 571-0010,purpose=Community Development; independent; lga=Pasco County
sd-punta-gorda-housing-authority,Punta Gorda Housing Authority,special_district,Charlotte,https://www.puntagordaha.org,pgha@puntagordaha.org,(941) 639-4344,purpose=Housing Authority; dependent; lga=City of Punta Gorda
sd-punta-gorda-isles-canal-maintenance-assessment-district,Punta Gorda Isles Canal Maintenance Assessment District,special_district,Charlotte,https://www.ci.punta-gorda.fl.us,citymgr@ci.punta-gorda.fl.us,(941) 575-3302,purpose=Inland Navigation and Waterways; dependent; lga=City of Punta Gorda
sd-putnam-county-development-authority,Putnam County Development Authority,special_district,Putnam,https://putnamcountydevelopmentauthority.com,director@pcda-fl.com,(386) 546-6303,purpose=County Development; independent; lga=Putnam County
sd-putnam-county-port-authority,Putnam County Port Authority,special_district,Putnam,https://www.putnam-fl.com/bocc/index.php/special-districts/putnam-county-port-district,julianne.young@putnam-fl.com,(386) 329-0370,purpose=Port Facilities; dependent; lga=Putnam County
sd-putnam-county-solid-waste-disposal-district,Putnam County Solid Waste Disposal District,special_district,Putnam,https://main.putnam-fl.com/?page_id=7070,jay.tilton@putnam-fl.com,(386) 329-0395,purpose=Solid Waste Disposal; dependent; lga=Putnam County
sd-putnam-soil-and-water-conservation-district,Putnam Soil and Water Conservation District,special_district,Putnam,https://swcd.putnam-fl.com,gina.allen@fl.nacdnet.net,(386) 328-6522,purpose=Soil and Water Conservation; independent; lga=Putnam County
sd-quail-roost-community-development-district,Quail Roost Community Development District,special_district,Miami-Dade,https://QuailRoostCDD.com,mpawelczyk@bclmr.com,(954) 764-7150,purpose=Community Development; independent; lga=Miami-Dade County
sd-quarry-community-development-district,Quarry Community Development District,special_district,Collier,https://www.quarrycdd.org,wesley.haber@kutakrock.com,(850) 692-7300,purpose=Community Development; independent; lga=Collier County
sd-quincy-community-redevelopment-agency,Quincy Community Redevelopment Agency,special_district,Gadsden,https://www.quincycra.org,gdaniels@myquincy.net,(850) 618-1894,purpose=Community Redevelopment; dependent; lga=City of Quincy
sd-quincy-gadsden-airport-authority,Quincy-Gadsden Airport Authority,special_district,Gadsden,https://Quincy-GadsdenAirport.mydistrictwebsite.com,quincyairport@tds.net,(850) 627-2112,purpose=Airports / Air Navigation Facilities; independent; lga=Gadsden County and City of Quincy
sd-radiance-community-development-district,Radiance Community Development District,special_district,Flagler,https://radiancecdd.org,jere.earlywine@kutakrock.com,(850) 692-7340,purpose=Community Development; independent; lga=Flagler County
sd-rainbow-lakes-estates-municipal-service-district,Rainbow Lakes Estates Municipal Service District,special_district,"Levy, Marion",https://www.marionfl.org/government/departments-facilities-offices/mstu-assessment/rainbow-lakes-estates-msd,municipalservices@marionfl.org,(352) 489-4280,purpose=Municipal-Type Services and Improvements; independent; lga=Levy County and Marion County
sd-ranches-at-lake-mcleod-community-development-district,Ranches at Lake McLeod Community Development District,special_district,Polk,https://RanchesAtLakeMcLeodCDD.net,jburns@gmscfl.com,(407) 841-5524,purpose=Community Development; independent; lga=City of Eagle Lake
sd-rancho-grande-community-development-district,Rancho Grande Community Development District,special_district,Miami-Dade,https://ranchograndecdd.com,mpawelczyk@bclmr.com,(954) 764-7150,purpose=Community Development; independent; lga=Miami-Dade County
sd-randal-park-community-development-district,Randal Park Community Development District,special_district,Orange,https://www.randalparkcdd.com,jcarpenter@lathamluna.com,(407) 481-5800,purpose=Community Development; independent; lga=City of Orlando
sd-ranger-drainage-district,Ranger Drainage District,special_district,Orange,https://www.RangerDrainageDistrict.com,dawnmullins@rddfl.com,(407) 568-5502,purpose=Drainage and/or Water Control; independent; lga=Orange County
sd-reagan-landing-community-development-district,Reagan Landing Community Development District,special_district,Manatee,https://reaganlandingcdd.org,alyssa.willson@kutakrock.com,(850) 692-7300,purpose=Community Development; independent; lga=Manatee County
sd-recreation-and-water-conservation-and-control-district-no-1,Recreation and Water Conservation and Control District No. 1,special_district,Nassau,http://Duebytheendofthefirstfullfiscalyearaftercreation.,tpope@nassaucountyfl.com,(904) 530-6010,"purpose=Environmental Protection / Management, Recreational Facilities / Programs; dependent; lga=Nassau County"
sd-reflection-bay-community-development-district,Reflection Bay Community Development District,special_district,Palm Beach,https://www.reflectionbaycdd.net,wrathellc@whhassociates.com,(561) 571-0010,purpose=Community Development; independent; lga=Palm Beach County
sd-regal-village-community-development-district,Regal-Village Community Development District,special_district,Miami-Dade,https://regalvillagecdd.net,mpawelczyk@bclmr.com,(954) 764-7150,purpose=Community Development; independent; lga=Miami-Dade County
sd-remington-community-development-district,Remington Community Development District,special_district,Osceola,https://www.remingtoncdd.com,sclark@winterparklawyers.com,(407) 647-7600,purpose=Community Development; independent; lga=Osceola County
sd-renaissance-commons-community-development-district,Renaissance Commons Community Development District,special_district,Palm Beach,https://www.renaissancecommonscdd.org,mpawelczyk@bclmr.com,(954) 764-7150,purpose=Community Development; independent; lga=City of Boynton Beach
sd-renaissance-community-development-district,Renaissance Community Development District,special_district,Lee,https://www.renaissancecdd.org,brian.williams@csklegal.com,(239) 690-7965,purpose=Community Development; independent; lga=Lee County
sd-renew-arlington-community-redevelopment-agency,Renew Arlington Community Redevelopment Agency,special_district,Duval,https://www.coj.net/departments/office-of-economic-development/community-redevelopment-agency-(cra).aspx,karenn@coj.net,(904) 255-5449,purpose=Community Redevelopment; dependent; lga=City of Jacksonville
sd-reserve-at-pradera-community-development-district,Reserve at Pradera Community Development District,special_district,Hillsborough,https://reserveatpraderacdd.org,brizzetta@rizzetta.com,(813) 514-0400,purpose=Community Development; independent; lga=Hillsborough County
sd-reserve-at-van-oaks-community-development-district,Reserve at Van Oaks Community Development District,special_district,Polk,https://reserveatvanoakscdd.net,wrathellc@whhassociates.com,(561) 571-0010,purpose=Community Development; independent; lga=City of Auburndale
sd-reserve-community-development-district,Reserve Community Development District,special_district,St. Lucie,https://www.reserve1cdd.com,gary.resnick@gray-robinson.com,(954) 761-8111,purpose=Community Development; independent; lga=St. Lucie County
sd-reunion-east-community-development-district,Reunion East Community Development District,special_district,Osceola,https://www.reunioneastcdd.com,jcarpenter@lathamluna.com,(407) 481-5800,purpose=Community Development; independent; lga=Osceola County
sd-reunion-west-community-development-district,Reunion West Community Development District,special_district,Osceola,https://www.reunionwestcdd.com,jcarpenter@lathamluna.com,(407) 481-5800,purpose=Community Development; independent; lga=Osceola County
sd-rhodine-road-north-community-development-district,Rhodine Road North Community Development District,special_district,Hillsborough,https://RhodineRoadNorthCDD.com,jburns@gmscfl.com,(407) 841-5524,purpose=Community Development; independent; lga=Hillsborough County
sd-ridge-at-apopka-community-development-district,Ridge at Apopka Community Development District,special_district,Orange,https://ridgeatapopkacdd.net,gflint@gmscfl.com,(407) 841-5524,purpose=Community Development; independent; lga=City of Apopka
sd-ridge-at-heath-brook-community-development-district,Ridge at Heath Brook Community Development District,special_district,Marion,https://RidgeAtHeathBrookCDD.net,wrathellc@whhassociates.com,(561) 571-0010,purpose=Community Development; independent; lga=City of Ocala
sd-ridge-water-control-district,Ridge Water Control District,special_district,Highlands,https://floridawatercontroldistricts.org/Ridge.htm,schoech@caldwellpacetti.com,(561) 655-0620,purpose=Drainage and/or Water Control; independent; lga=Highlands County
sd-ridgecrest-community-development-district,Ridgecrest Community Development District,special_district,Polk,https://www.ridgecrestcdd.com,jburns@gmscfl.com,(407) 841-5524,purpose=Community Development; independent; lga=City of Lake Wales
sd-ridgewood-trails-community-development-district,Ridgewood Trails Community Development District,special_district,Clay,https://www.ridgewoodtrailscdd.com,katie.buchanan@kutakrock.com,(850) 692-7300,purpose=Community Development; independent; lga=Clay County
sd-ritta-drainage-district,Ritta Drainage District,special_district,"Hendry, Palm Beach",https://floridawatercontroldistricts.org/Ritta.htm,dbr_districts@yahoo.com,(863) 228-0400,purpose=Drainage and/or Water Control; independent; lga=Multi
sd-river-bend-community-development-district,River Bend Community Development District,special_district,Hillsborough,https://riverbendcdd.com,aferguson@gms-tampa.com,,purpose=Community Development; independent; lga=Hillsborough County
sd-river-glen-community-development-district,River Glen Community Development District,special_district,Nassau,https://riverglencdd.org,brizzetta@rizzetta.com,(813) 514-0400,purpose=Community Development; independent; lga=Nassau County
sd-river-hall-community-development-district,River Hall Community Development District,special_district,Lee,https://riverhallcdd.org,wrathellc@whhassociates.com,(561) 571-0010,purpose=Community Development; independent; lga=Lee County
sd-river-landing-community-development-district,River Landing Community Development District,special_district,Pasco,https://www.riverlandingcdd.org,wardj@pfm.com,(407) 723-5900,purpose=Community Development; independent; lga=Pasco County
sd-river-place-on-the-st-lucie-community-development-district,River Place on the St. Lucie Community Development District,special_district,St. Lucie,https://www.riverplacecdd.com,mpawelczyk@bclmr.com,(954) 764-7150,purpose=Community Development; independent; lga=City of Port St. Lucie
sd-river-ridge-community-development-district,River Ridge Community Development District,special_district,Lee,https://www.riverridgecdd.net,wrathellc@whhassociates.com,(561) 571-0010,purpose=Community Development; independent; lga=Lee County
sd-riverbend-west-community-development-district,Riverbend West Community Development District,special_district,Hillsborough,https://riverbendwestcdd.com,jvericker@srvlegal.com,(813) 223-9400,purpose=Community Development; independent; lga=Hillsborough County
sd-rivercrest-community-development-district,Rivercrest Community Development District,special_district,Hillsborough,https://www.rivercrestcdd.org,rmcgrath@gms-tampa.com,,purpose=Community Development; independent; lga=Hillsborough County
sd-rivers-edge-community-development-district,Rivers Edge Community Development District,special_district,St. Johns,https://riversedgecdd.com,cdenagy@gmsnf.com,,purpose=Community Development; independent; lga=St. Johns County
sd-rivers-edge-ii-community-development-district,Rivers Edge II Community Development District,special_district,St. Johns,https://www.riversedge2cdd.com,cdenagy@gmsnf.com,,purpose=Community Development; independent; lga=St. Johns County
sd-rivers-edge-iii-community-development-district,Rivers Edge III Community Development District,special_district,St. Johns,https://www.RiversEdge3CDD.com,cdenagy@gmsnf.com,,purpose=Community Development; independent; lga=St. Johns County
sd-riverside-park-community-development-district,Riverside Park Community Development District,special_district,Miami-Dade,https://www.riversideparkcdd.org,mpawelczyk@bclmr.com,(954) 764-7150,purpose=Community Development; independent; lga=Miami-Dade County
sd-riversong-community-development-district,Riversong Community Development District,special_district,Manatee,http://Duebytheendofthefirstfullfiscalyearaftercreation.,wrathellc@whhassociates.com,(561) 571-0010,purpose=Community Development; independent; lga=Manatee County
sd-riverwalk-community-development-district,Riverwalk Community Development District,special_district,Orange,https://www.riverwalkcdd.com,gflint@gmscfl.com,(407) 841-5524,purpose=Community Development; independent; lga=City of Orlando
sd-riverwood-community-development-district,Riverwood Community Development District,special_district,Charlotte,https://riverwoodcdd.org,srudacille@blalockwalters.com,(941) 748-0100,purpose=Community Development; independent; lga=Charlotte County
sd-riverwood-estates-community-development-district,Riverwood Estates Community Development District,special_district,Pasco,https://riverwoodestatescdd.org,wrathellc@whhassociates.com,(561) 571-0010,purpose=Community Development; independent; lga=Pasco County
sd-riviera-beach-community-redevelopment-agency,Riviera Beach Community Redevelopment Agency,special_district,Palm Beach,https://www.rbcra.com,sdesir@rbcra.com,(561) 844-3408,purpose=Community Redevelopment; dependent; lga=City of Riviera Beach
sd-riviera-beach-housing-authority,Riviera Beach Housing Authority,special_district,Palm Beach,https://www.rbhafl.org,jhurt@rbhafl.org,(561) 845-7450,purpose=Housing Authority; dependent; lga=City of Riviera Beach
sd-rivington-community-development-district,Rivington Community Development District,special_district,Volusia,https://www.RivingtonCDD.org,mark.watts@cobbcole.com,(386) 736-7700,purpose=Community Development; independent; lga=City of DeBary
sd-roan-bridge-community-development-district,Roan Bridge Community Development District,special_district,Osceola,https://roanbridgecdd.net,wrathellc@whhassociates.com,(561) 571-0010,purpose=Community Development; independent; lga=City of St. Cloud
sd-rolling-hills-community-development-district,Rolling Hills Community Development District,special_district,Clay,https://www.rollinghillscdd.com,katie.buchanan@kutakrock.com,(850) 692-7300,purpose=Community Development; independent; lga=Clay County
sd-rolling-oaks-community-development-district,Rolling Oaks Community Development District,special_district,Osceola,https://www.RollingOaksCDD.com,gflint@gmscfl.com,(407) 841-5524,purpose=Community Development; independent; lga=Osceola County
sd-rookery-community-development-district,Rookery Community Development District,special_district,Clay,http://Duebytheendofthefirstfullfiscalyearaftercreation.,brizzetta@rizzetta.com,(813) 514-0400,purpose=Community Development; independent; lga=City of Green Cove Springs
sd-rupert-j-smith-law-library-of-st-lucie-county,Rupert J. Smith Law Library of St. Lucie County,special_district,St. Lucie,https://www.rjslawlibrary.org,knowlesg@circuit19.org,(772) 742-9231,purpose=Library - Law; independent; lga=St. Lucie County
sd-rustic-oaks-community-development-district,Rustic Oaks Community Development District,special_district,Sarasota,https://RusticOaksCDD.net,wrathellc@whhassociates.com,(561) 571-0010,purpose=Community Development; independent; lga=City of Venice
sd-ryals-creek-community-development-district,Ryals Creek Community Development District,special_district,Duval,https://ryalscreekcdd.net,wrathellc@whhassociates.com,(561) 571-0010,purpose=Community Development; independent; lga=City of Jacksonville
sd-rye-crossing-community-development-district,Rye Crossing Community Development District,special_district,Manatee,https://ryecrossingcdd.net,wrathellc@whhassociates.com,(561) 571-0010,purpose=Community Development; independent; lga=Manatee County
sd-sabal-palm-community-development-district,Sabal Palm Community Development District,special_district,Broward,https://www.sabalpalmcdd.com,mpawelczyk@bclmr.com,(954) 764-7150,purpose=Community Development; independent; lga=CIty of Tamarac
sd-saddle-creek-preserve-of-polk-county-community-development-district,Saddle Creek Preserve of Polk County Community Development District,special_district,Polk,https://saddlecreekpreserveofpolkcountycdd.com,hbeckett@vestapropertyservices.com,,purpose=Community Development; independent; lga=Polk County
sd-safety-harbor-community-redevelopment-agency,Safety Harbor Community Redevelopment Agency,special_district,Pinellas,https://www.cityofsafetyharbor.com,jstefancic@cityofsafetyharbor.com,(727) 724-1555,purpose=Community Redevelopment; dependent; lga=City of Safety Harbor
sd-sagebrush-community-development-district,SageBrush Community Development District,special_district,Pasco,https://sagebrushcdd.org,brizzetta@rizzetta.com,(813) 514-0400,purpose=Community Development; independent; lga=Pasco County
sd-sail-harbour-community-development-district,Sail Harbour Community Development District,special_district,Lee,https://www.sailharbourcdd.org,mpawelczyk@bclmr.com,(954) 764-7150,purpose=Community Development; independent; lga=Lee County
sd-saltleaf-community-development-district,Saltleaf Community Development District,special_district,Lee,https://saltleafcdd.net,wrathellc@whhassociates.com,(561) 571-0010,purpose=Community Development; independent; lga=Lee County
sd-saltmeadows-community-development-district,Saltmeadows Community Development District,special_district,Manatee,https://saltmeadowscdd.net,wrathellc@whhassociates.com,(561) 571-0010,purpose=Community Development; independent; lga=Manatee County
sd-sampson-creek-community-development-district,Sampson Creek Community Development District,special_district,St. Johns,https://www.StJohnsGCC.org,wesley.haber@kutakrock.com,(850) 692-7300,purpose=Community Development; independent; lga=St. Johns County
sd-san-carlos-estates-water-control-district,San Carlos Estates Water Control District,special_district,Lee,https://www.scewcd.org,manager@scewcd.org,(239) 495-4699,purpose=Drainage and/or Water Control; independent; lga=City of Bonita Springs
sd-san-carlos-park-fire-protection-and-rescue-service-district,San Carlos Park Fire Protection and Rescue Service District,special_district,Lee,https://www.sancarlosfire.org,cambareri@sancarlosfire.org,(239) 267-7525,purpose=Fire Control and Rescue; independent; lga=Lee County
sd-san-diego-villas-community-development-district,San Diego Villas Community Development District,special_district,Miami-Dade,https://www.sandiegocdd.com,mpawelczyk@billingcochran.com,(954) 764-7150,purpose=Community Development; independent; lga=Miami-Dade County
sd-san-simeon-community-development-district,San Simeon Community Development District,special_district,Miami-Dade,https://SanSimeonCDD.com,mpawelczyk@bclmr.com,(954) 764-7150,purpose=Community Development; independent; lga=Miami-Dade County
sd-sanctuary-cove-community-development-district,Sanctuary Cove Community Development District,special_district,Manatee,https://sanctuarycovecdd.com,mullinsl@pfm.com,(407) 723-5900,purpose=Community Development; independent; lga=City of Palmetto
sd-sand-and-silica-community-development-district,Sand & Silica Community Development District,special_district,Polk,https://sandandsilicacdd.com,gflint@gmscfl.com,(407) 841-5524,purpose=Community Development; independent; lga=City of Davenport
sd-sandmine-road-community-development-district,Sandmine Road Community Development District,special_district,Polk,https://www.SandmineRoadCDD.com,gflint@gmscfl.com,(407) 841-5524,purpose=Community Development; independent; lga=Polk County
sd-sandridge-community-development-district,Sandridge Community Development District,special_district,Clay,https://sandridgecdd.net,wrathellc@whhassociates.com,(561) 571-0010,purpose=Community Development; independent; lga=Clay County
sd-sanford-airport-authority,Sanford Airport Authority,special_district,Seminole,https://www.flysfb.com,gmartinez@osaa.net,(407) 585-4026,purpose=Airports / Air Navigation Facilities; dependent; lga=City of Sanford
sd-sanford-housing-authority,Sanford Housing Authority,special_district,Seminole,https://sanfordha.org,rosemary.darrow@orl-oha.org,(407) 323-3150,purpose=Housing Authority; dependent; lga=City of Sanford
sd-sanibel-fire-and-rescue-district,Sanibel Fire and Rescue District,special_district,Lee,https://www.sanibelfire.com,gfulkerson@sanibelfire.com,(239) 472-5525,purpose=Fire Control and Rescue; independent; lga=Lee County
sd-sanibel-public-library-district,Sanibel Public Library District,special_district,Lee,https://www.sanlib.org,acox@sanlib.org,(239) 472-2483,purpose=Library - Local; independent; lga=City of Sanibel
sd-santa-rosa-county-health-facilities-authority,Santa Rosa County Health Facilities Authority,special_district,Santa Rosa,https://www.santarosa.fl.gov,county-admin@santarosa.fl.gov,(850) 983-1878,purpose=Health Facilities; dependent; lga=Santa Rosa County
sd-santa-rosa-county-housing-finance-authority,Santa Rosa County Housing Finance Authority,special_district,Santa Rosa,https://www.santarosa.fl.gov,county-admin@santarosa.fl.gov,(850) 983-1878,purpose=Housing Finance; dependent; lga=Santa Rosa County
sd-santa-rosa-island-authority,Santa Rosa Island Authority,special_district,Escambia,https://www.sria-fla.com,robbie_schrock@sria-fla.com,(850) 932-2257,purpose=Municipal-Type Services and Improvements; dependent; lga=Escambia County
sd-sarasota-bay-estuary-program,Sarasota Bay Estuary Program,special_district,"Manatee, Sarasota",https://www.sarasotabay.org,ryan@sarasotabay.org,(941) 955-8085,purpose=Environmental Protection / Management; independent; lga=Multi
sd-sarasota-county-health-facilities-authority,Sarasota County Health Facilities Authority,special_district,Sarasota,https://www.scgov.net/government/transparent-government/sarasota-county-health-facilities-authority,kfratang@scgov.net,(941) 415-3621,purpose=Health Facilities; dependent; lga=Sarasota County
sd-sarasota-county-law-library,Sarasota County Law Library,special_district,Sarasota,https://www.scgov.net/government/transparent-government/sarasota-county-law-library,kmiller@jud12.flcourts.org,(941) 861-7800,purpose=Library - Law; dependent; lga=Sarasota County
sd-sarasota-county-mental-health-care-district,Sarasota County Mental Health Care District,special_district,Sarasota,https://www.scgov.net/government/transparency/dependent-special-districts/mental-health-care-district,countyadministrator@scgov.net,(941) 861-5000,purpose=Mental Health Care; dependent; lga=Sarasota County
sd-sarasota-county-mosquito-control-district,Sarasota County Mosquito Control District,special_district,Sarasota,https://www.scgov.net/government/transparent-government/sarasota-county-mosquito-control-district,wbrennan@scgov.net,(941) 861-9723,purpose=Mosquito Control; dependent; lga=Sarasota County
sd-sarasota-county-public-hospital-district,Sarasota County Public Hospital District,special_district,Sarasota,https://www.smh.com,david-evans@smh.com,(941) 917-4888,purpose=Hospital; independent; lga=Sarasota County
sd-sarasota-housing-authority,Sarasota Housing Authority,special_district,Sarasota,https://www.sarasotahousing.org,wrussell@sarasotahousing.org,(941) 361-6210,purpose=Housing Authority; dependent; lga=City of Sarasota
sd-sarasota-national-community-development-district,Sarasota National Community Development District,special_district,Sarasota,https://www.sarasotanationalcdd.com,wrathellc@whhassociates.com,(561) 571-0010,purpose=Community Development; independent; lga=Sarasota County
sd-sarasota-manatee-airport-authority,Sarasota-Manatee Airport Authority,special_district,"Manatee, Sarasota",https://www.flysrq.com,paul.hoback@flysrq.com,,purpose=Airports / Air Navigation Facilities; independent; lga=Multi
sd-sausalito-bay-community-development-district,Sausalito Bay Community Development District,special_district,Miami-Dade,https://www.sausalitobaycdd.org,mpawelczyk@bclmr.com,(954) 764-7150,purpose=Community Development; independent; lga=Miami-Dade County
sd-savanna-lakes-community-development-district,Savanna Lakes Community Development District,special_district,Lee,https://savannalakescdd.net,gurbancic@cyklawfirm.com,(239) 435-3535,purpose=Community Development; independent; lga=Lee County
sd-sawgrass-village-community-development-district,Sawgrass Village Community Development District,special_district,Manatee,https://sawgrassvillagecdd.com,brian.lamb@inframark.com,(813) 873-7300,purpose=Community Development; independent; lga=Manatee County
sd-sawyer-s-landing-community-development-district,Sawyer's Landing Community Development District,special_district,Miami-Dade,https://SawyersLandingCDD.com,mpawelczyk@bclmr.com,(954) 764-7150,purpose=Community Development; independent; lga=Miami-Dade County
sd-scenic-highway-community-development-district,Scenic Highway Community Development District,special_district,Polk,https://ScenicHighwayCDD.com,jburns@gmscfl.com,(407) 841-5524,purpose=Community Development; independent; lga=City of Haines City
sd-scenic-terrace-north-community-development-district,Scenic Terrace North Community Development District,special_district,Polk,https://www.scenicterracenorthcdd.com,jburns@gmscfl.com,(407) 841-5524,purpose=Community Development; independent; lga=City of Haines City
sd-scenic-terrace-south-community-development-district,Scenic Terrace South Community Development District,special_district,Polk,https://www.scenicterracesouthcdd.com,jburns@gmscfl.com,(407) 841-5524,purpose=Community Development; independent; lga=Town of Lake Hamilton
sd-schaller-preserve-community-development-district,Schaller Preserve Community Development District,special_district,Polk,https://www.schallerpreservecdd.com,jburns@gmscfl.com,(407) 841-5524,purpose=Community Development; independent; lga=Polk County
sd-seagrove-community-development-district,Seagrove Community Development District,special_district,St. Lucie,https://www.seagrovecdd.org,mpawelczyk@bclmr.com,(954) 764-7150,purpose=Community Development; independent; lga=St. Lucie County
sd-seaton-creek-reserve-community-development-district,Seaton Creek Reserve Community Development District,special_district,Duval,https://seatoncreekreservecdd.com,wesley.haber@kutakrock.com,(813) 873-7300,purpose=Community Development; independent; lga=City of Jacksonville
sd-sebastian-inlet-tax-district,Sebastian Inlet Tax District,special_district,"Indian River, Brevard",https://www.sitd.us,jgray@sitd.us,(321) 724-5175,purpose=Inland Navigation and Waterways; independent; lga=Multi
sd-sebastian-isles-community-development-district,Sebastian Isles Community Development District,special_district,Miami-Dade,https://sebastianislescdd.net,mpawelczyk@bclmr.com,(954) 764-7150,purpose=Community Development; independent; lga=Miami-Dade County
sd-sebastian-river-improvement-district,Sebastian River Improvement District,special_district,Indian River,https://www.sridfl.org,twodraska@sdsinc.org,(772) 562-9176,purpose=Drainage and/or Water Control; independent; lga=Indian River County
sd-sebring-airport-authority,Sebring Airport Authority,special_district,Highlands,https://sebring-airport.com,mike@sebring-airport.com,(863) 655-6444,purpose=Airports / Air Navigation Facilities; dependent; lga=City of Sebring
sd-sebring-community-redevelopment-agency,Sebring Community Redevelopment Agency,special_district,Highlands,https://www.DowntownSebring.org,kristievazquez@mysebring.com,(863) 471-5104,purpose=Community Redevelopment; dependent; lga=City of Sebring
sd-sebring-regional-airport-and-industrial-park-cra,Sebring Regional Airport and Industrial Park CRA,special_district,Highlands,https://sebringregionalairportcommunityredevelopmentagency.com,mike@sebring-airport.com,(863) 655-6444,purpose=Community Redevelopment; dependent; lga=Highlands County
sd-sedona-point-community-development-district,Sedona Point Community Development District,special_district,Miami-Dade,https://SedonaPointCDD.com,mpawelczyk@bclmr.com,(954) 764-7150,purpose=Community Development; independent; lga=Miami-Dade County
sd-seminole-county-housing-authority,Seminole County Housing Authority,special_district,Seminole,https://schafla.org,syoung@schafla.org,(407) 365-3621,purpose=Housing Authority; independent; lga=Seminole County
sd-seminole-county-industrial-development-authority,Seminole County Industrial Development Authority,special_district,Seminole,http://Duebytheendofthefirstfullfiscalyearaftercreation.,esaldarriaga@seminolecountyfl.gov,(407) 665-2909,purpose=Industrial Development; dependent; lga=Seminole County
sd-seminole-county-port-authority,Seminole County Port Authority,special_district,Seminole,https://www.portofsanford.org,jykes@portofsanford.org,(407) 322-4798,purpose=Port Facilities; dependent; lga=Seminole County
sd-seminole-improvement-district,Seminole Improvement District,special_district,Palm Beach,https://seminoleimprovementdistrict.com,sbehn@llw-law.com,(561) 640-0820,"purpose=Drainage and/or Water Control, Municipal-Type Services and Improvements; independent; lga=Palm Beach County"
sd-seminole-palms-community-development-district,Seminole Palms Community Development District,special_district,Flagler,https://www.seminolepalmscdd.com,jere.earlywine@kutakrock.com,(850) 528-6152,purpose=Community Development; independent; lga=City of Palm Coast
sd-seminole-soil-and-water-conservation-district,Seminole Soil and Water Conservation District,special_district,Seminole,https://www.seminolesoilandwater.org,sswcd@jenwebb.org,(407) 748-1069,purpose=Soil and Water Conservation; independent; lga=Seminole County
sd-serenoa-community-development-district,Serenoa Community Development District,special_district,St. Lucie,https://www.serenoacdd.org,mpawelczyk@billingcochran.com,(954) 764-7150,purpose=Community Development; independent; lga=St. Lucie County
sd-seven-oaks-community-development-district,Seven Oaks Community Development District,special_district,Pasco,https://sevenoakscdd.com,brizzetta@rizzetta.com,(813) 514-0400,purpose=Community Development; independent; lga=Pasco County
sd-shadowlawn-community-development-district,Shadowlawn Community Development District,special_district,Clay,https://shadowlawncdd.net,wrathellc@whhassociates.com,(561) 571-0010,purpose=Community Development; independent; lga=Clay County
sd-shawano-water-control-district,Shawano Water Control District,special_district,Palm Beach,https://floridawatercontroldistricts.org/Shawano.htm,schoech@caldwellpacetti.com,(561) 655-0620,purpose=Drainage and/or Water Control; independent; lga=Palm Beach County
sd-shell-point-community-development-district,Shell Point Community Development District,special_district,Hillsborough,https://shellpointcdd.com,brian.lamb@inframark.com,(813) 397-5120,purpose=Community Development; independent; lga=Hillsborough County
sd-sherwood-manor-community-development-district,Sherwood Manor Community Development District,special_district,Hillsborough,https://sherwoodmanorcdd.com,brian.lamb@inframark.com,(813) 397-5120,purpose=Community Development; independent; lga=Hillsborough County
sd-shingle-creek-at-bronson-community-development-district,Shingle Creek at Bronson Community Development District,special_district,Osceola,https://ShingleCreekAtBronsonCDD.com,jcarpenter@lathamluna.com,(407) 481-5800,purpose=Community Development; independent; lga=Osceola County
sd-shingle-creek-community-development-district,Shingle Creek Community Development District,special_district,Osceola,https://shinglecreekcdd.org,gflint@gmscfl.com,(407) 841-5524,purpose=Community Development; independent; lga=Osceola County
sd-shingle-creek-transit-and-utility-community-development-district,Shingle Creek Transit and Utility Community Development District,special_district,Orange,https://shinglecreektransitandutilitycdd.com,waldenj@pfm.com,(407) 723-5900,purpose=Community Development; independent; lga=Orange County
sd-shores-at-stillwater-community-development-district,Shores at Stillwater Community Development District,special_district,Sarasota,https://www.shoresatstillwatercdd.org,alyssa.willson@kutakrock.com,(850) 692-7300,purpose=Community Development; independent; lga=Sarasota County
sd-shotgun-road-community-development-district,Shotgun Road Community Development District,special_district,Broward,https://shotgunroadcdd.com,mpawelczyk@bclmr.com,(954) 764-7150,purpose=Community Development; independent; lga=Town of Davie
sd-siena-north-community-development-district,Siena North Community Development District,special_district,Miami-Dade,https://www.sienanorthcdd.com,mpawelczyk@bclmr.com,(954) 764-7150,purpose=Community Development; independent; lga=Miami-Dade County
sd-silver-oaks-community-development-district,Silver Oaks Community Development District,special_district,St. Lucie,https://silveroakscdd.net,wrathellc@whhassociates.com,(561) 571-0010,purpose=Community Development; independent; lga=St. Lucie County
sd-silver-palms-community-development-district,Silver Palms Community Development District,special_district,Miami-Dade,https://www.silverpalmscdd.org,mpawelczyk@bclmr.com,(954) 764-7150,purpose=Community Development; independent; lga=Miami-Dade County
sd-silver-palms-west-community-development-district,Silver Palms West Community Development District,special_district,Miami-Dade,https://SilverPalmsWestCDD.com,mpawelczyk@bclmr.com,(954) 764-7150,purpose=Community Development; independent; lga=Miami-Dade County
sd-silverado-community-development-district,Silverado Community Development District,special_district,Pasco,https://www.silveradocdd.org,wrathellc@whhassociates.com,(561) 571-0010,purpose=Community Development; independent; lga=City of Zephyrhills
sd-silverlake-community-development-district,Silverlake Community Development District,special_district,Polk,https://silverlakedd.net,wrathellc@whhassociates.com,(561) 571-0010,purpose=Community Development; independent; lga=City of Lake Alfred
sd-silverleaf-community-development-district,Silverleaf Community Development District,special_district,Manatee,https://silverleafcdd.com,lanea@pfm.com,(407) 723-5900,purpose=Community Development; independent; lga=Manatee County
sd-simmons-village-north-community-development-district,Simmons Village North Community Development District,special_district,Hillsborough,https://simmonsvillagenorthcdd.com,wrathellc@whhassociates.com,(561) 571-0010,purpose=Community Development; independent; lga=Hillsborough County
sd-six-mile-creek-community-development-district,Six Mile Creek Community Development District,special_district,St. Johns,https://www.sixmilecreekcdd.com,wesley.haber@kutakrock.com,(850) 692-7300,purpose=Community Development; independent; lga=St. Johns County
sd-solaeris-community-development-district,Solaeris Community Development District,special_district,St. Lucie,https://solaeriscdd.net,wrathellc@whhassociates.com,(561) 571-0010,purpose=Community Development; independent; lga=St. Lucie County
sd-solid-waste-authority-of-palm-beach-county,Solid Waste Authority of Palm Beach County,special_district,Palm Beach,https://www.swa.org,dpellowitz@swa.org,(561) 640-4000,purpose=Solid Waste Disposal; dependent; lga=Palm Beach County
sd-solid-waste-disposal-district,Solid Waste Disposal District,special_district,Indian River,https://www.ircrecycles.com,jtitkanich@indianriver.gov,(772) 226-1408,purpose=Solid Waste Disposal; dependent; lga=Indian River County
sd-solterra-community-development-district,Solterra Community Development District,special_district,Broward,https://SolterraCDD.com,mpawelczyk@bclmr.com,(954) 764-7150,purpose=Community Development; independent; lga=City of Sunrise
sd-solterra-resort-community-development-district,Solterra Resort Community Development District,special_district,Polk,https://www.solterraresortcdd.org,brizzetta@rizzetta.com,(813) 514-0400,purpose=Community Development; independent; lga=Polk County
sd-somerset-bay-community-development-district,Somerset Bay Community Development District,special_district,Hernando,https://somersetbaycdd.org,brizzetta@rizzetta.com,(813) 514-0400,purpose=Community Development; independent; lga=Hernando County
sd-somerset-community-development-district,Somerset Community Development District,special_district,Walton,https://somersetcdd.org,tucker.mackie@kutakrock.com,(850) 692-7300,purpose=Community Development; independent; lga=Walton County
sd-sonoma-bay-community-development-district,Sonoma Bay Community Development District,special_district,Palm Beach,https://www.sonomabaycdd.org,mpawelczyk@bclmr.com,(954) 764-7150,purpose=Community Development; independent; lga=City of Riviera Beach
sd-sorrento-pines-community-development-district,Sorrento Pines Community Development District,special_district,Lake,https://sorrentopinescdd.net,wrathellc@whhassociates.com,(561) 571-0010,purpose=Community Development; independent; lga=Lake County
sd-south-bay-community-development-district-hillsborough-county,South Bay Community Development District (Hillsborough County),special_district,Hillsborough,https://www.sbaycdd.org,david.smith@gray-robinson.com,(813) 273-5000,purpose=Community Development; independent; lga=Hillsborough County
sd-south-brevard-recreation-special-district,South Brevard Recreation Special District,special_district,Brevard,https://www.brevardfl.gov/specialdistricts/srecspecialdistrict,ian.golden@brevardfl.gov,(321) 633-2046,purpose=Recreational Facilities / Programs; dependent; lga=Brevard County
sd-south-broward-drainage-district,South Broward Drainage District,special_district,Broward,https://www.sbdd.org,luis@sbdd.org,(954) 680-3337,purpose=Drainage and/or Water Control; independent; lga=Broward County
sd-south-broward-hospital-district,South Broward Hospital District,special_district,Broward,https://www.mhs.net,sagriffith@mhs.net,(954) 265-6082,purpose=Hospital; independent; lga=Broward County
sd-south-central-regional-wastewater-treatment-and-disposal-board,South Central Regional Wastewater Treatment and Disposal Board,special_district,Palm Beach,https://www.scrwwtp.org,sbehn@llw-law.com,(561) 640-0820,purpose=Water and/or Wastewater Systems; independent; lga=City of Boynton Beach and City of Delray Beach
sd-south-creek-community-development-district,South Creek Community Development District,special_district,Hillsborough,https://SouthCreekCDD.com,brian.lamb@inframark.com,(813) 873-7300,purpose=Community Development; independent; lga=Hillsborough County
sd-south-dade-venture-community-development-district,South Dade Venture Community Development District,special_district,Miami-Dade,https://www.southdadecdd.com,mpawelczyk@bclmr.com,(954) 764-7150,purpose=Community Development; independent; lga=Miami-Dade County
sd-south-florida-conservancy-district,South Florida Conservancy District,special_district,"Hendry, Palm Beach",https://floridawatercontroldistricts.org/So_Florida.htm,districtmanager@sflcd.com,(561) 996-2940,purpose=Drainage and/or Water Control; independent; lga=Multi
sd-south-florida-regional-transportation-authority,South Florida Regional Transportation Authority,special_district,"Broward, Miami-Dade, Palm Beach",https://www.tri-rail.com,dechd@sfrta.fl.gov,(954) 788-7926,purpose=Regional Transportation; independent; lga=Multi
sd-south-florida-water-management-district,South Florida Water Management District,special_district,"Hendry, Highlands, Lee, Martin, Miami-Dade, Monroe, Okeechobee, Orange, Osceola, Palm Beach, Polk, St. Lucie, Glades, Charlotte, Collier, Broward",https://www.sfwmd.gov,mobrown@sfwmd.gov,(561) 682-6805,purpose=Water Management; independent; lga=Multi | MFMP-registered (VIP org id 40000057)
sd-south-fork-community-development-district,South Fork Community Development District,special_district,Hillsborough,https://southfork.us,jvericker@srvlegal.com,(813) 223-9400,purpose=Community Development; independent; lga=Hillsborough County
sd-south-fork-east-community-development-district,South Fork East Community Development District,special_district,Hillsborough,https://Southforkeastcdd.com,vbabbar@srvlegal.com,(813) 223-9400,purpose=Community Development; independent; lga=Hillsborough County
sd-south-fork-iii-community-development-district,South Fork III Community Development District,special_district,Hillsborough,https://www.southfork3cdd.org,brian.lamb@inframark.com,(813) 397-5121,purpose=Community Development; independent; lga=Hillsborough County
sd-south-indian-river-water-control-district,South Indian River Water Control District,special_district,Palm Beach,https://sirwcd.org,sirwcd@sirwcd.org,(561) 747-0550,purpose=Drainage and/or Water Control; independent; lga=Palm Beach County
sd-south-kendall-community-development-district,South Kendall Community Development District,special_district,Miami-Dade,https://www.skendall.com,mpawelczyk@bclmr.com,(954) 764-7150,purpose=Community Development; independent; lga=Miami-Dade County
sd-south-lake-toho-community-development-district,South Lake Toho Community Development District,special_district,Osceola,http://Duebytheendofthefirstfullfiscalyearaftercreation.,michael.eckert@kutakrock.com,(850) 692-7300,purpose=Community Development; independent; lga=Osceola County
sd-south-pointe-special-dependent-tax-district,South Pointe Special Dependent Tax District,special_district,Hillsborough,https://SouthPointe.mydistrictwebsite.com,carteda52@gmail.com,(813) 361-4494,purpose=Neighborhood Enhancement; dependent; lga=Hillsborough County
sd-south-seminole-and-north-orange-county-wastewater-transmission-authority,South Seminole and North Orange County Wastewater Transmission Authority,special_district,"Orange, Seminole",https://www.ssnocwta.net,director@ssnocwta.com,(407) 628-3419,purpose=Water and/or Wastewater Systems; independent; lga=Multi
sd-south-shore-corporate-park-industrial-community-development-district,South Shore Corporate Park Industrial Community Development District,special_district,Hillsborough,https://southshorecdd.org,brizzetta@rizzetta.com,(813) 514-0400,purpose=Community Development; independent; lga=Hillsborough County
sd-south-shore-drainage-district,South Shore Drainage District,special_district,Palm Beach,https://floridawatercontroldistricts.org/South_Shore.htm,districtmanager@sflcd.com,(561) 996-2940,purpose=Drainage and/or Water Control; independent; lga=Palm Beach County
sd-south-trail-fire-protection-and-rescue-service-district,South Trail Fire Protection and Rescue Service District,special_district,Lee,https://www.southtrailfire.org,grogers@southtrailfire.org,(239) 433-0080,purpose=Fire Control and Rescue; independent; lga=Lee County
sd-south-village-community-development-district,South Village Community Development District,special_district,Clay,https://www.southvillagecdd.com,katie.buchanan@kutakrock.com,(850) 692-7300,purpose=Community Development; independent; lga=Clay County
sd-south-walton-county-mosquito-control-district,South Walton County Mosquito Control District,special_district,Walton,https://southwaltonmosquitocontrol.org,ddunwald@swcmcd.org,(850) 267-2112,purpose=Mosquito Control; independent; lga=Walton County
sd-south-walton-fire-district,South Walton Fire District,special_district,Walton,https://www.swfd.org,info@swfd.org,(850) 267-1298,purpose=Fire Control and Rescue; independent; lga=Walton County
sd-southaven-community-development-district,Southaven Community Development District,special_district,St. Johns,https://southavencdd.org,brizzetta@rizzetta.com,(813) 514-0400,purpose=Community Development; independent; lga=St. Johns County
sd-southeast-overtown-park-west-community-redevelopment-agency,Southeast Overtown / Park West Community Redevelopment Agency,special_district,Miami-Dade,https://www.miamicra.com/seopwcra,smanrique@miamigov.com,(305) 679-6800,purpose=Community Redevelopment; dependent; lga=City of Miami
sd-southeast-volusia-hospital-district,Southeast Volusia Hospital District,special_district,Volusia,https://www.sevhd.com,jeff.davidson@sevhd.com,(386) 423-0001,purpose=Hospital; independent; lga=Volusia County
sd-southern-grove-community-development-district-no-1,Southern Grove Community Development District No. 1,special_district,St. Lucie,https://southerngrovecdd1.org,lindsay.whelan@kutakrock.com,(850) 692-7300,purpose=Community Development; independent; lga=City of Port St. Lucie
sd-southern-grove-community-development-district-no-10,Southern Grove Community Development District No. 10,special_district,St. Lucie,https://www.SouthernGroveCDD10.org,lindsay.whelan@kutakrock.com,(850) 692-7300,purpose=Community Development; independent; lga=City of Port St. Lucie
sd-southern-grove-community-development-district-no-2,Southern Grove Community Development District No. 2,special_district,St. Lucie,https://southerngrovecdd2.org,lindsay.whelan@kutakrock.com,(850) 692-7300,purpose=Community Development; independent; lga=City of Port St. Lucie
sd-southern-grove-community-development-district-no-3,Southern Grove Community Development District No. 3,special_district,St. Lucie,https://southerngrovecdd3.org,lindsay.whelan@kutakrock.com,(850) 692-7300,purpose=Community Development; independent; lga=City of Port St. Lucie
sd-southern-grove-community-development-district-no-4,Southern Grove Community Development District No. 4,special_district,St. Lucie,https://southerngrovecdd4.org,lindsay.whelan@kutakrock.com,(850) 692-7300,purpose=Community Development; independent; lga=City of Port St. Lucie
sd-southern-grove-community-development-district-no-5,Southern Grove Community Development District No. 5,special_district,St. Lucie,https://southerngrovecdd5.org,lindsay.whelan@kutakrock.com,(850) 692-7300,purpose=Community Development; independent; lga=City of Port St. Lucie
sd-southern-grove-community-development-district-no-6,Southern Grove Community Development District No. 6,special_district,St. Lucie,https://southerngrovecdd6.org,lindsay.whelan@kutakrock.com,(850) 692-7300,purpose=Community Development; independent; lga=City of Port St. Lucie
sd-southern-grove-community-development-district-no-7,Southern Grove Community Development District No. 7,special_district,St. Lucie,https://www.SouthernGroveCDD7.org,lindsay.whelan@kutakrock.com,(850) 692-7300,purpose=Community Development; independent; lga=City of Port St. Lucie
sd-southern-grove-community-development-district-no-8,Southern Grove Community Development District No. 8,special_district,St. Lucie,https://www.SouthernGroveCDD8.org,lindsay.whelan@kutakrock.com,(850) 692-7300,purpose=Community Development; independent; lga=City of Port St. Lucie
sd-southern-grove-community-development-district-no-9,Southern Grove Community Development District No. 9,special_district,St. Lucie,https://www.SouthernGroveCDD9.org,lindsay.whelan@kutakrock.com,(850) 692-7300,purpose=Community Development; independent; lga=City of Port St. Lucie
sd-southern-hills-plantation-i-community-development-district,Southern Hills Plantation I Community Development District,special_district,Hernando,https://www.southernhillsplantation1cdd.net,wrathellc@whhassociates.com,(561) 571-0010,purpose=Community Development; independent; lga=City of Brooksville
sd-southern-hills-plantation-ii-community-development-district,Southern Hills Plantation II Community Development District,special_district,Hernando,https://www.shplantation2cdd.org,deborah.wallace@inframark.com,(813) 873-7300,purpose=Community Development; independent; lga=City of Brooksville
sd-southern-hills-plantation-iii-community-development-district,Southern Hills Plantation III Community Development District,special_district,Hernando,https://www.southernhillsplantation3cdd.net,wrathellc@whhassociates.com,(561) 571-0010,purpose=Community Development; independent; lga=City of Brooksville
sd-southern-manatee-fire-and-rescue-district,Southern Manatee Fire and Rescue District,special_district,Manatee,https://www.smfr.com,jfergerson@smfr.com,(941) 751-7675,purpose=Fire Control and Rescue; independent; lga=Manatee County
sd-southpointe-of-manatee-county-community-development-district,Southpointe of Manatee County Community Development District,special_district,Manatee,http://Duebytheendofthefirstfullfiscalyearaftercreation.,wrathellc@whhassociates.com,(561) 571-0010,purpose=Community Development; independent; lga=Manatee County
sd-southshore-bay-community-development-district,Southshore Bay Community Development District,special_district,Hillsborough,https://www.southshorebaycdd.org,jvericker@srvlegal.com,(813) 223-9400,purpose=Community Development; independent; lga=Hillsborough County
sd-southwest-county-improvement-district,Southwest County Improvement District,special_district,Manatee,https://https://mymanatee.org/connect/news-and-information/news-and-information/article-detail/government-relations---economic-development/2024/12/18/tif-funding-and-resource-allocation,george.kruse@mymanatee.org,(941) 745-3713,"purpose=Economic Development, Capital Improvements; dependent; lga=Manatee County"
sd-southwest-deltona-community-redevelopment-agency,Southwest Deltona Community Redevelopment Agency,special_district,Volusia,https://www.deltonafl.gov,jcox@deltonafl.gov,(386) 878-8619,purpose=Community Redevelopment; dependent; lga=City of Deltona
sd-southwest-florida-water-management-district,Southwest Florida Water Management District,special_district,"DeSoto, Charlotte, Citrus, Hardee, Hernando, Highlands, Hillsborough, Lake, Levy, Manatee, Marion, Pasco, Pinellas, Polk, Sarasota, Sumter",https://www.watermatters.org,brian.armstrong@watermatters.org,(352) 796-7211,purpose=Water Management; independent; lga=Multi | MFMP-registered (VIP org id 40000056)
sd-space-florida,Space Florida,special_district,"Walton, Brevard, Duval, Okaloosa, Gulf, Santa Rosa",https://www.SpaceFlorida.gov,rlong@spaceflorida.gov,(321) 730-5301,purpose=Economic Development; independent; lga=Multi
sd-spencer-creek-community-development-district,Spencer Creek Community Development District,special_district,Hillsborough,https://spencercreekcdd.com,brian.lamb@inframark.com,(813) 397-5120,purpose=Community Development; independent; lga=Hillsborough County
sd-spicewood-community-development-district,Spicewood Community Development District,special_district,Miami-Dade,https://Spicewoodcdd.com,mpawelczyk@bclmr.com,(954) 764-7150,purpose=Community Development; independent; lga=Miami-Dade County
sd-spring-hill-community-redevelopment-agency,Spring Hill Community Redevelopment Agency,special_district,Volusia,https://www.deland.org/506/Spring-Hill-Community-Redevelopment-Agency,staufferd@deland.org,(386) 626-7109,purpose=Community Redevelopment; dependent; lga=Volusia County and City of DeLand
sd-spring-lake-community-development-district,Spring Lake Community Development District,special_district,Hillsborough,https://springlakecdd.org,edailey@halifax-solutions.com,(813) 575-1955,purpose=Community Development; independent; lga=Hillsborough County
sd-spring-lake-improvement-district,Spring Lake Improvement District,special_district,Highlands,https://www.springlakefl.com,dangell@springlakefl.com,(863) 655-1715,purpose=Drainage and/or Water Control; independent; lga=Highlands County
sd-spring-ridge-community-development-district,Spring Ridge Community Development District,special_district,Hernando,https://springridgebrooksville.com,vbabbar@srvlegal.com,(813) 223-9400,purpose=Community Development; independent; lga=Hernando County
sd-springfield-community-redevelopment-agency,Springfield Community Redevelopment Agency,special_district,Bay,https://www.springfieldfl.net,bstrobel@springfield.fl.gov,(850) 358-2383,purpose=Community Redevelopment; dependent; lga=City of Springfield
sd-springs-at-lake-alfred-community-development-district,Springs at Lake Alfred Community Development District,special_district,Polk,https://springsatlakealfredcdd.net,wrathellc@whhassociates.com,(561) 571-0010,purpose=Community Development; independent; lga=City of Lake Alfred
sd-springside-community-development-district,Springside Community Development District,special_district,Hernando,http://Duebytheendofthefirstfullfiscalyearaftercreation.,wrathellc@whhassociates.com,(561) 571-0010,purpose=Community Development; independent; lga=Hernando County
sd-st-augustine-community-redevelopment-agency,St. Augustine Community Redevelopment Agency,special_district,St. Johns,https://www.CityStAugCRA.com,jperkins@citystaug.com,(904) 825-1040,purpose=Community Redevelopment; dependent; lga=City of St. Augustine
sd-st-augustine-lakes-community-development-district,St. Augustine Lakes Community Development District,special_district,St. Johns,https://StAugustineLakesCDD.com,wesley.haber@kutakrock.com,(850) 692-7300,purpose=Community Development; independent; lga=St. Johns County
sd-st-augustine-port-waterway-and-beach-district,"St. Augustine Port, Waterway and Beach District",special_district,St. Johns,https://staugustineport.com,elyse@bellsouth.net,(904) 501-3112,"purpose=Inland Navigation and Waterways, Port Facilities; independent; lga=St. Johns County"
sd-st-johns-county-airport-authority,St. Johns County Airport Authority,special_district,St. Johns,https://www.flynf.com,ckp@sgj-airport.com,(904) 423-6141,purpose=Airports / Air Navigation Facilities; independent; lga=St. Johns County
sd-st-johns-county-community-redevelopment-agency,St. Johns County Community Redevelopment Agency,special_district,St. Johns,https://www.sjcfl.us,jharvey@sjcfl.us,(904) 827-6894,purpose=Community Redevelopment; dependent; lga=St. Johns County
sd-st-johns-county-industrial-development-authority,St. Johns County Industrial Development Authority,special_district,St. Johns,https://www.sjcfl.us,cvvalliere@sjcfl.us,(904) 209-0541,purpose=Industrial Development; dependent; lga=St. Johns County
sd-st-johns-forest-community-development-district,St. Johns Forest Community Development District,special_district,St. Johns,https://stjohnsforestcdd.com,wesley.haber@kutakrock.com,(850) 692-7300,purpose=Community Development; independent; lga=St. Johns County
sd-st-johns-improvement-district,St. Johns Improvement District,special_district,Indian River,https://www.STJID-FL.com,admin@stjid-fl.com,(772) 564-2797,"purpose=Drainage and/or Water Control, Road Maintenance; independent; lga=Indian River County"
sd-st-johns-river-water-management-district,St. Johns River Water Management District,special_district,"Osceola, Nassau, Okeechobee, Orange, Lake, Marion, St. Johns, Volusia, Putnam, Seminole, Flagler, Duval, Indian River, Brevard, Clay, Alachua, Baker, Bradford",https://sjrwmd.com,mregiste@sjrwmd.com,(386) 329-4212,purpose=Water Management; independent; lga=Multi | MFMP-registered (VIP org id 40000055)
sd-st-joseph-fire-control-district,St. Joseph Fire Control District,special_district,Gulf,https://www.gulfcounty-fl.gov,mhammond@gulfcounty-fl.gov,(850) 229-6106,purpose=Fire Control and Rescue; dependent; lga=Gulf County
sd-st-lucie-county-erosion-district,St. Lucie County Erosion District,special_district,St. Lucie,https://www.stlucieco.gov/departments-and-services/management-and-budget/special-taxing-districts,landryg@stlucieco.org,(772) 462-1156,purpose=Erosion Control; dependent; lga=St. Lucie County
sd-st-lucie-county-fire-district,St. Lucie County Fire District,special_district,St. Lucie,https://www.slcfd.com,tbargeron1271@slcfd.org,(772) 621-3342,purpose=Fire Control and Rescue; independent; lga=St. Lucie County
sd-st-lucie-county-housing-finance-authority,St. Lucie County Housing Finance Authority,special_district,St. Lucie,https://www.stlucieco.gov/departments-and-services/community-services/housing/housing-finance-authority,jennifer.hance@stlucieco.gov,(772) 462-2376,purpose=Housing Finance; dependent; lga=St. Lucie County
sd-st-lucie-county-mosquito-control-district,St. Lucie County Mosquito Control District,special_district,St. Lucie,https://stlucieco.gov,jacobsenr@stlucieco.org,(772) 462-1156,purpose=Mosquito Control; dependent; lga=St. Lucie County
sd-st-lucie-county-sustainability-district,St. Lucie County Sustainability District,special_district,St. Lucie,https://www.stlucieco.gov/departments-services/a-z/management-and-budget/special-taxing-districts/st-lucie-county-sustainability-district,griffina@stlucieco.org,(772) 462-2526,purpose=Qualifying Improvements to Real Property; dependent; lga=St. Lucie County
sd-st-lucie-county-water-and-sewer-district,St. Lucie County Water and Sewer District,special_district,St. Lucie,https://www.stlucieco.org/departments-services/a-z/utilities,ventrellar@stlucieco.org,(772) 462-1150,purpose=County Water and Sewer; dependent; lga=St. Lucie County
sd-st-lucie-soil-and-water-conservation-district,St. Lucie Soil and Water Conservation District,special_district,St. Lucie,http://Duebytheendofthefirstfullfiscalyearaftercreation.,clarkg@stlucieco.org,(772) 461-4546,purpose=Soil and Water Conservation; independent; lga=St. Lucie County
sd-st-lucie-west-services-district,St. Lucie West Services District,special_district,St. Lucie,https://www.slwsd.org,nnason@nasonyeager.com,(561) 227-4592,purpose=Community Development; independent; lga=St. Lucie County
sd-st-petersburg-community-redevelopment-agency,St. Petersburg Community Redevelopment Agency,special_district,Pinellas,https://www.stpete.org/business/economic_development/community_redevelopment_areas.php,lori.guerra@stpete.org,(727) 893-7979,purpose=Community Redevelopment; dependent; lga=City of St. Petersburg
sd-st-petersburg-housing-authority,St. Petersburg Housing Authority,special_district,Pinellas,https://www.stpeteha.org,mlundy@stpeteha.org,(727) 323-3171,purpose=Housing Authority; dependent; lga=City of St. Petersburg
sd-star-farms-village-at-north-port-stewardship-district,Star Farms Village at North Port Stewardship District,special_district,Sarasota,http://Duebytheendofthefirstfullfiscalyearaftercreation.,jonathan.johnson@kutakrock.com,(850) 692-7300,purpose=Infrastructure Development; independent; lga=City of North Port
sd-starling-community-development-district,Starling Community Development District,special_district,Charlotte,https://www.starlingcdd.net,wrathellc@whhassociates.com,(561) 571-0010,purpose=Community Development; independent; lga=Charlotte County
sd-state-road-100-corridor-community-redevelopment-agency,State Road 100 Corridor Community Redevelopment Agency,special_district,Flagler,https://www.palmcoastgov.com,ljohnston@palmcoastgov.com,(386) 986-3702,purpose=Community Redevelopment; dependent; lga=City of Palm Coast
sd-state-road-community-development-district,State Road Community Development District,special_district,Hillsborough,http://Duebytheendofthefirstfullfiscalyearaftercreation.,brizzetta@rizzetta.com,(813) 514-0400,purpose=Community Development; independent; lga=Hillsborough County
sd-steeplechase-neighborhood-improvement-district,Steeplechase Neighborhood Improvement District,special_district,Palm Beach,http://Duebytheendofthefirstfullfiscalyearaftercreation.,evan@fbhoalaw.com,(561) 625-1200,purpose=Neighborhood Improvement - Property Own.; dependent; lga=City Palm Beach Gardens
sd-stellar-north-community-development-district,Stellar North Community Development District,special_district,Miami-Dade,https://www.stellarnorthcdd.org,wrathellc@whhassociates.com,(561) 571-0010,purpose=Community Development; independent; lga=Miami-Dade County
sd-sterling-hill-community-development-district,Sterling Hill Community Development District,special_district,Hernando,https://sterlinghillcdd.org,brizzetta@rizzetta.com,(813) 514-0400,purpose=Community Development; independent; lga=Hernando County
sd-stevens-plantation-community-development-district,Stevens Plantation Community Development District,special_district,Osceola,https://stevensplantationcdd.org,jcarpenter@lathamluna.com,(407) 481-5800,purpose=Community Development; independent; lga=City of St. Cloud
sd-stevens-plantation-improvement-project-dependent-special-district,Stevens Plantation Improvement Project Dependent Special District,special_district,Osceola,http://Duebytheendofthefirstfullfiscalyearaftercreation.,veronica.miller@stcloudfl.gov,(407) 957-7301,purpose=Economic Development; dependent; lga=City of St. Cloud
sd-stillwater-community-development-district,Stillwater Community Development District,special_district,St. Johns,https://stillwatercdd.net,wesley.haber@kutakrock.com,(850) 692-7300,purpose=Community Development; independent; lga=St. Johns County
sd-stonebrier-community-development-district,Stonebrier Community Development District,special_district,Hillsborough,https://stonebriercdd.org,tucker.mackie@kutakrock.com,(850) 692-7300,purpose=Community Development; independent; lga=Hillsborough County
sd-stonegate-community-development-district,Stonegate Community Development District,special_district,Miami-Dade,https://www.StonegateCDD.net,mpawelczyk@bclmr.com,(954) 764-7150,purpose=Community Development; independent; lga=Miami-Dade County
sd-stonegate-preserve-community-development-district,Stonegate Preserve Community Development District,special_district,Manatee,https://stonegatepreservecdd.net,brizzetta@rizzetta.com,(813) 514-0400,purpose=Community Development; independent; lga=Manatee County
sd-stonelake-ranch-community-development-district,StoneLake Ranch Community Development District,special_district,Hillsborough,https://stonelakeranchcdd.org,wardj@pfm.com,(407) 723-5900,purpose=Community Development; independent; lga=Hillsborough County
sd-stonewater-community-development-district,Stonewater Community Development District,special_district,Lee,https://StonewaterCDD.net,jere.earlywine@kutakrock.com,(850) 528-6152,purpose=Community Development; independent; lga=City of Cape Coral
sd-stoneybrook-at-venice-community-development-district,Stoneybrook at Venice Community Development District,special_district,Sarasota,https://www.stoneybrookatvenicecdd.org,acohen@swflgovlaw.com,(941) 306-4730,purpose=Community Development; independent; lga=Sarasota County
sd-stoneybrook-community-development-district,Stoneybrook Community Development District,special_district,Lee,https://www.stoneybrookesterocdd.com,wrathellc@whhassociates.com,(561) 571-0010,purpose=Community Development; independent; lga=Lee County
sd-stoneybrook-north-community-development-district,Stoneybrook North Community Development District,special_district,Lee,https://www.stoneybrooknorthcdd.org,jvericker@srvlegal.com,(813) 223-9400,purpose=Community Development; independent; lga=Lee County
sd-stoneybrook-south-at-championsgate-community-development-district,Stoneybrook South at ChampionsGate Community Development District,special_district,Osceola,https://www.stoneybrooksouthatchampionsgatecdd.com,jcarpenter@lathamluna.com,(407) 481-5800,purpose=Community Development; independent; lga=Osceola County
sd-stoneybrook-south-community-development-district,Stoneybrook South Community Development District,special_district,Osceola,https://stoneybrooksouthcdd.org,gflint@gmscfl.com,(407) 841-5524,purpose=Community Development; independent; lga=Osceola County
sd-stoneybrook-west-community-development-district,Stoneybrook West Community Development District,special_district,Orange,https://stoneybrookwestcdd.org,sclark@winterparklawyers.com,(407) 647-7600,purpose=Community Development; independent; lga=City of Winter Garden
sd-storey-creek-community-development-district,Storey Creek Community Development District,special_district,Osceola,https://www.storeycreekcdd.com,jcarpenter@lathamluna.com,(407) 481-5800,purpose=Community Development; independent; lga=Osceola County
sd-storey-drive-community-development-district,Storey Drive Community Development District,special_district,Orange,https://www.StoreyDriveCDD.com,jcarpenter@lathamluna.com,(407) 481-5800,purpose=Community Development; independent; lga=City of Orlando
sd-storey-park-community-development-district,Storey Park Community Development District,special_district,Orange,https://www.storeyparkcdd.com,jcarpenter@lathamluna.com,(407) 481-5800,purpose=Community Development; independent; lga=City of Orlando
sd-stuart-crossing-community-development-district,Stuart Crossing Community Development District,special_district,Polk,https://stuartcrossingcdd.net,wrathellc@whhassociates.com,(561) 571-0010,purpose=Community Development; independent; lga=City of Bartow
sd-sugarfoot-oaks-cedar-ridge-preservation-and-enhancement-district,Sugarfoot Oaks / Cedar Ridge Preservation and Enhancement District,special_district,Alachua,https://www.alachuacounty.us/depts/css/specialdistrict/pages/home.aspx,sdays@alachuacounty.us,(352) 264-6745,purpose=Neighborhood Improvement - Preserve/Enh; dependent; lga=Alachua County
sd-sugarland-drainage-district,Sugarland Drainage District,special_district,"Glades, Hendry",https://www.sugarlanddd.com,meadows@gate.net,(863) 983-5111,purpose=Drainage and/or Water Control; independent; lga=Multi
sd-sugarloaf-community-development-district,Sugarloaf Community Development District,special_district,Lake,https://sugarloafcdd.net,tucker.mackie@kutakrock.com,(850) 692-7300,purpose=Community Development; independent; lga=City of Minneola
sd-sugarwood-groves-special-district,Sugarwood Groves Special District,special_district,Hillsborough,https://SugarwoodGrove.mydistrictwebsite.com,svschmidt4@aol.com,(813) 842-0136,purpose=Neighborhood Enhancement; dependent; lga=Hillsborough County
sd-summer-woods-community-development-district,Summer Woods Community Development District,special_district,Manatee,https://summerwoodscdd.org,brizzetta@rizzetta.com,(813) 514-0400,purpose=Community Development; independent; lga=Manatee County
sd-summerstone-community-development-district,Summerstone Community Development District,special_district,Pasco,https://summerstonecdd.net,jere.earlywine@kutakrock.com,(850) 528-6152,purpose=Community Development; independent; lga=Pasco County
sd-summerville-community-development-district,Summerville Community Development District,special_district,Miami-Dade,https://www.summervillecdd.org,mpawelczyk@bclmr.com,(954) 764-7150,purpose=Community Development; independent; lga=Miami-Dade County
sd-summit-at-fern-hill-community-development-district,Summit at Fern Hill Community Development District,special_district,Hillsborough,https://www.summitfernhillcdd.com,brian.lamb@inframark.com,(813) 873-7300,purpose=Community Development; independent; lga=Hillsborough County
sd-summit-view-community-development-district,Summit View Community Development District,special_district,Pasco,https://summitviewcdd.org,jgreenwood@gms-tampa.com,(813) 344-4844,purpose=Community Development; independent; lga=City of Dade City
sd-summit-view-ii-community-development-district,Summit View II Community Development District,special_district,Pasco,https://www.summitview2cdd.org,jgreenwood@gms-tampa.com,,purpose=Community Development; independent; lga=City of Dade City
sd-sumter-county-industrial-development-authority,Sumter County Industrial Development Authority,special_district,Sumter,https://www.sumtercountyfl.gov,bradley.arnold@sumtercountyfl.gov,(352) 689-4400,purpose=Industrial Development; dependent; lga=Sumter County
sd-sumter-landing-community-development-district,Sumter Landing Community Development District,special_district,Sumter,https://districtgov.org/yourdistrict/front.aspx?district=sl,kenneth.blocker@districtgov.org,(352) 751-3939,purpose=Community Development; independent; lga=Sumter County
sd-sun-terra-lakes-community-development-district,Sun Terra Lakes Community Development District,special_district,Brevard,http://Duebytheendofthefirstfullfiscalyearaftercreation.,wrathellc@whhassociates.com,(561) 571-0010,purpose=Community Development; independent; lga=Brevard County
sd-sunbridge-stewardship-district,Sunbridge Stewardship District,special_district,"Osceola, Orange",https://sunbridgesd.com,mullinsl@pfm.com,(407) 723-5900,purpose=Infrastructure Development; independent; lga=Osceola County and City of Orlando
sd-suncoast-community-development-district,Suncoast Community Development District,special_district,Pasco,https://suncoastcdd.org,brian.lamb@inframark.com,(813) 397-5121,purpose=Community Development; independent; lga=Pasco County
sd-sundance-community-development-district,Sundance Community Development District,special_district,St. Lucie,https://sundancecdd.org,twodraska@sdsinc.org,(877) 737-4922,purpose=Community Development; independent; lga=City of Port St. Lucie
sd-sungate-community-development-district,Sungate Community Development District,special_district,Volusia,https://sungatecdd.net,wrathellc@whhassociates.com,(561) 571-0010,purpose=Community Development; independent; lga=City of Daytona Beach
sd-sun-n-lake-of-sebring-improvement-district,Sun'n Lake of Sebring Improvement District,special_district,Highlands,https://www.snldistrict.org,rbossert@snldistrict.org,,purpose=Municipal-Type Services and Improvements; independent; lga=Highlands County
sd-sunny-hills-units-12-15-dependent-district,Sunny Hills Units 12-15 Dependent District,special_district,Washington,https://sunnyhillsunits12to15dd.com,tucker.mackie@kutakrock.com,(850) 692-7300,purpose=Municipal-Type Services and Improvements; dependent; lga=Washington County
sd-sunnyland-farms-community-development-district,Sunnyland Farms Community Development District,special_district,St. Lucie,https://www.sunnylandfarmscdd.org,wcapko@llw-law.com,(561) 640-0820,purpose=Community Development; independent; lga=St. Lucie County
sd-sunrise-community-development-district,Sunrise Community Development District,special_district,St. Lucie,https://www.sunrisecdd.net,wrathellc@whhassociates.com,(561) 571-0010,purpose=Community Development; independent; lga=City of Fort Pierce
sd-sunrise-community-development-district-hernando-county,Sunrise Community Development District (Hernando County),special_district,Hernando,https://www.sunrisecdd.org,vbabbar@srvlegal.com,(813) 223-9400,purpose=Community Development; independent; lga=Hernando County
sd-sunrise-key-neighborhood-improvement-district,Sunrise Key Neighborhood Improvement District,special_district,Broward,https://www.fortlauderdale.gov/departments/city-manager-s-office/budget-cip-and-grants-division/dependent-special-districts/sunrise-key-neighborhood-improvement-district,mark.grant@gmlaw.com,(954) 527-2404,purpose=Neighborhood Improvement - Local Gov.; dependent; lga=City of Fort Lauderdale
sd-sunrise-lakes-phase-iv-recreation-district,Sunrise Lakes Phase IV Recreation District,special_district,Broward,https://www.sl4recdistrict.com,dm@sl4recdistrict.com,(954) 748-3230,purpose=Recreational Facilities / Programs; independent; lga=City of Sunrise
sd-sunshine-water-control-district,Sunshine Water Control District,special_district,Broward,https://www.sunshinewcd.net,wrathellc@whhassociates.com,(561) 571-0010,purpose=Drainage and/or Water Control; independent; lga=Broward County
sd-sunstone-community-development-district,Sunstone Community Development District,special_district,Lake,https://sunstonecdd.com,brian.lamb@inframark.com,(813) 873-7300,purpose=Community Development; independent; lga=City of Groveland
sd-suwannee-county-conservation-district,Suwannee County Conservation District,special_district,Suwannee,https://www.suwanneeconservation.org,joni.sapp@fl.nacdnet.net,(386) 362-2622,purpose=Soil and Water Conservation; independent; lga=Suwannee County
sd-suwannee-county-development-authority,Suwannee County Development Authority,special_district,Suwannee,http://Duebytheendofthefirstfullfiscalyearaftercreation.,staff@suwanneechamber.com,(386) 362-3071,purpose=County Development; dependent; lga=Suwannee County
sd-suwannee-river-water-management-district,Suwannee River Water Management District,special_district,"Baker, Bradford, Columbia, Alachua, Dixie, Gilchrist, Hamilton, Jefferson, Lafayette, Levy, Madison, Putnam, Suwannee, Taylor, Union",https://www.srwmd.org,hlt@srwmd.org,(386) 362-1001,purpose=Water Management; independent; lga=Multi | MFMP-registered (VIP org id 40000058)
sd-suwannee-valley-transit-authority,Suwannee Valley Transit Authority,special_district,"Columbia, Hamilton, Suwannee",https://www.ridesvta.com,candice.kennon@ridesvta.com,(386) 362-5332,purpose=Transportation Systems / Services; independent; lga=Multi
sd-suwannee-water-and-sewer-district,Suwannee Water and Sewer District,special_district,Dixie,https://www.dixiecounty.us/swsd,llanderlaw@gmail.com,(352) 463-1025,purpose=County Water and Sewer; dependent; lga=Dixie County
sd-sweetbay-commercial-community-development-district-1,SweetBay Commercial Community Development District 1,special_district,Bay,https://www.sweetbaycommcdd1.com,wesley.haber@kutakrock.com,(850) 692-7305,purpose=Community Development; independent; lga=City of Panama City
sd-sweetbay-commercial-community-development-district-2,SweetBay Commercial Community Development District 2,special_district,Bay,https://www.sweetbaycommcdd2.com,wesley.haber@kutakrock.com,(850) 692-7305,purpose=Community Development; independent; lga=City of Panama City
sd-sweetbay-residential-community-development-district-1,SweetBay Residential Community Development District 1,special_district,Bay,https://www.sweetbayrescdd1.com,wesley.haber@kutakrock.com,(850) 692-7305,purpose=Community Development; independent; lga=City of Panama City
sd-sweetbay-residential-community-development-district-2,SweetBay Residential Community Development District 2,special_district,Bay,https://www.sweetbayrescdd2.com,wesley.haber@kutakrock.com,(850) 692-7305,purpose=Community Development; independent; lga=City of Panama City
sd-sweetbay-residential-community-development-district-3,SweetBay Residential Community Development District 3,special_district,Bay,https://www.sweetbayrescdd3.com,wesley.haber@kutakrock.com,(850) 692-7305,purpose=Community Development; independent; lga=City of Panama City
sd-sweetbay-residential-community-development-district-4,SweetBay Residential Community Development District 4,special_district,Bay,https://www.sweetbayrescdd4.com,wesley.haber@kutakrock.com,(850) 692-7305,purpose=Community Development; independent; lga=City of Panama City
sd-sweetbay-residential-community-development-district-5,SweetBay Residential Community Development District 5,special_district,Bay,https://www.sweetbayrescdd5.com,wesley.haber@kutakrock.com,(850) 692-7305,purpose=Community Development; independent; lga=City of Panama City
sd-sweetbay-residential-community-development-district-6,SweetBay Residential Community Development District 6,special_district,Bay,https://www.sweetbayrescdd6.com,wesley.haber@kutakrock.com,(850) 692-7305,purpose=Community Development; independent; lga=City of Panama City
sd-sweetbay-residential-community-development-district-7,SweetBay Residential Community Development District 7,special_district,Bay,https://www.sweetbayrescdd7.com,wesley.haber@kutakrock.com,(850) 692-7305,purpose=Community Development; independent; lga=City of Panama City
sd-sweetwater-creek-community-development-district,Sweetwater Creek Community Development District,special_district,St. Johns,https://sweetwatercreekcdd.com,howard@fcsmanagementgroup.com,(904) 386-0186,purpose=Community Development; independent; lga=St. Johns County
sd-swi-community-development-district,SWI Community Development District,special_district,Volusia,https://swicdd.com,mark.watts@cobbcole.com,(386) 736-7700,purpose=Community Development; independent; lga=City of Port Orange
sd-symphony-lakes-community-development-district,Symphony Lakes Community Development District,special_district,St. Lucie,https://symphonylakescdd.org,jere.earlywine@kutakrock.com,(850) 528-6152,purpose=Community Development; independent; lga=City of Fort Pierce
sd-talavera-community-development-district,Talavera Community Development District,special_district,Pasco,https://talaveracdd.org,brizzetta@rizzetta.com,(813) 514-0400,purpose=Community Development; independent; lga=Pasco County
sd-talis-park-community-development-district,Talis Park Community Development District,special_district,Collier,https://www.talisparkcdd.com,alyssa.willson@kutakrock.com,(850) 692-7300,purpose=Community Development; independent; lga=Collier County
sd-tallahassee-downtown-improvement-authority,Tallahassee Downtown Improvement Authority,special_district,Leon,https://www.tlhdowntown.com,elias.mathes@talgov.com,(850) 631-9993,purpose=Downtown Development / Improvement; dependent; lga=City of Tallahassee
sd-tallahassee-housing-authority,Tallahassee Housing Authority,special_district,Leon,https://tallha.org,brendawilliams@tallha.org,(850) 385-6126,purpose=Housing Authority; dependent; lga=City of Tallahassee
sd-tamarindo-community-development-district,Tamarindo Community Development District,special_district,Collier,https://tamarindocdd.net,jere.earlywine@kutakrock.com,(850) 528-6152,purpose=Community Development; independent; lga=Collier County
sd-tampa-bay-estuary-program,Tampa Bay Estuary Program,special_district,"Hillsborough, Manatee, Pasco, Pinellas",https://tbep.org/uniform-special-district-accountability-act,esherwood@tbep.org,(727) 893-2765,purpose=Environmental Protection / Management; independent; lga=Multi
sd-tampa-bay-water-a-regional-water-supply-authority,"Tampa Bay Water, A Regional Water Supply Authority",special_district,"Hillsborough, Pasco, Pinellas",https://www.tampabaywater.org,ccarden@tampabaywater.org,(727) 796-2355,purpose=Regional Water; independent; lga=Multi
sd-tampa-palms-community-development-district,Tampa Palms Community Development District,special_district,Hillsborough,https://www.tpoa.net,jvericker@srvlegal.com,(813) 223-9400,purpose=Community Development; independent; lga=City of Tampa
sd-tampa-palms-open-space-and-transportation-cdd,Tampa Palms Open Space and Transportation CDD,special_district,Hillsborough,https://tpostcdd.com,vbabbar@srvlegal.com,(813) 223-9400,purpose=Community Development; independent; lga=City of Tampa
sd-tampa-port-authority,Tampa Port Authority,special_district,Hillsborough,https://www.porttb.com,info@tampaport.com,(813) 905-7678,purpose=Port Facilities; independent; lga=Hillsborough County and City of Tampa
sd-tampa-shores-special-dependent-district,Tampa Shores Special Dependent District,special_district,Hillsborough,https://www.tssdd.org,bware1@tampabay.rr.com,(813) 391-5540,purpose=Neighborhood Enhancement; dependent; lga=Hillsborough County
sd-tampa-sports-authority,Tampa Sports Authority,special_district,Hillsborough,https://www.TampaSportsAuthority.com,dbyrne@tampasportsauthority.com,(813) 350-6517,purpose=Recreational Facilities / Programs; independent; lga=Hillsborough County
sd-tampa-hillsborough-county-expressway-authority,Tampa-Hillsborough County Expressway Authority,special_district,Hillsborough,https://www.tampa-xway.com,greg.slater@tampa-xway.com,(813) 272-6740,purpose=Expressway and Bridge; independent; lga=Hillsborough County and City of Tampa
sd-tapestry-community-development-district-new,Tapestry Community Development District (New),special_district,Osceola,https://www.tapestrycdd.com,lindsay.whelan@kutakrock.com,(850) 692-7300,purpose=Community Development; independent; lga=City of Kissimmee
sd-tara-community-development-district,Tara Community Development District,special_district,Manatee,https://taracdd.org,djackson@flgovlaw.com,(941) 306-4730,purpose=Community Development; independent; lga=Manatee County
sd-tarawood-special-dependent-tax-district,Tarawood Special Dependent Tax District,special_district,Hillsborough,https://tarawoodtaxingdistrict.com,bobjterri@gmail.com,(813) 416-1844,purpose=Neighborhood Enhancement; dependent; lga=Hillsborough County
sd-tarpon-cove-dependent-special-district,Tarpon Cove Dependent Special District,special_district,Duval,http://Duebytheendofthefirstfullfiscalyearaftercreation.,coreymaire@allstate.com,(904) 642-8600,purpose=Inland Navigation and Waterways; dependent; lga=City of Jacksonville
sd-tavares-greater-downtown-tif-district,Tavares Greater Downtown TIF District,special_district,Lake,https://www.tavares.org,btweedie@tavares.org,(352) 742-6402,purpose=Community Redevelopment; dependent; lga=City of Tavares
sd-taylor-coastal-water-and-sewer-district,Taylor Coastal Water and Sewer District,special_district,Taylor,https://www.tcwsd.org,staff@tcwsd.org,(850) 295-2950,purpose=County Water and Sewer; dependent; lga=Taylor County
sd-taylor-county-development-authority,Taylor County Development Authority,special_district,Taylor,https://www.tcdaperry.com,ray@thecurtislawfirm.com,(850) 584-5299,purpose=County Development; independent; lga=Taylor County
sd-tern-bay-community-development-district,Tern Bay Community Development District,special_district,Charlotte,https://www.ternbaycdd.org,wardj@pfm.com,(407) 723-5900,purpose=Community Development; independent; lga=Charlotte County
sd-terra-bella-community-development-district,Terra Bella Community Development District,special_district,Pasco,https://Terrabellacdd.com,vbabbar@srvlegal.com,(813) 223-9400,purpose=Community Development; independent; lga=Pasco County
sd-terra-lago-community-development-district,Terra Lago Community Development District,special_district,Martin,https://terralagocdd.net,wrathellc@whhassociates.com,(561) 571-0010,purpose=Community Development; independent; lga=Village of Indiantown
sd-terracina-community-development-district,Terracina Community Development District,special_district,Palm Beach,https://www.terracinacdd.org,sbethel@sdsinc.org,(561) 630-4922,purpose=Community Development; independent; lga=Palm Beach County
sd-terreno-community-development-district,Terreno Community Development District,special_district,Collier,https://terrenocdd.org,twodraska@sdsinc.org,(561) 630-4922,purpose=Community Development; independent; lga=Collier County
sd-tesoro-community-development-district,Tesoro Community Development District,special_district,St. Lucie,https://www.tesorocdd.com,jennifer@cddlawyers.com,(877) 350-0372,purpose=Community Development; independent; lga=St. Lucie County
sd-the-41st-street-business-improvement-district,The 41st Street Business Improvement District,special_district,Miami-Dade,http://Duebytheendofthefirstfullfiscalyearaftercreation.,bidon41st@gmail.com,(786) 699-1025,purpose=Business Improvement; independent; lga=City of Miami Beach
sd-the-children-s-trust,The Children's Trust,special_district,Miami-Dade,https://www.thechildrenstrust.org,jhaj@thechildrenstrust.org,(305) 571-5700,purpose=Children's Services; independent; lga=Miami-Dade County
sd-the-gardner-trails-community-development-district,The Gardner Trails Community Development District,special_district,Polk,http://Duebytheendofthefirstfullfiscalyearaftercreation.,jgreenwood@gms-tampa.com,(813) 344-4844,purpose=Community Development; independent; lga=Polk County
sd-the-groves-of-st-lucie-county-community-development-district,The Groves of St. Lucie County Community Development District,special_district,St. Lucie,https://TheGrovesofStLucieCountyCDD.net,wrathellc@whhassociates.com,(561) 571-0010,purpose=Community Development; independent; lga=St. Lucie County
sd-the-ranch-community-development-district,The Ranch Community Development District,special_district,Alachua,http://Duebytheendofthefirstfullfiscalyearaftercreation.,wrathellc@whhassociates.com,(561) 571-0010,purpose=Community Development; independent; lga=City of Newberry
sd-the-villages-public-safety-department-dependent-district,The Villages Public Safety Department Dependent District,special_district,Sumter,https://www.districtgov.org/districts/dependent/villages-public-safety,kenneth.blocker@districtgov.org,(352) 751-3939,"purpose=Emergency Medical Services, Fire Control and Rescue; dependent; lga=Sumter County"
sd-the-winston-community-development-district,The Winston Community Development District,special_district,Sumter,http://Duebytheendofthefirstfullfiscalyearaftercreation.,wrathellc@whhassociates.com,(561) 571-0010,purpose=Community Development; independent; lga=City of Wildwood
sd-thousand-oaks-community-development-district,Thousand Oaks Community Development District,special_district,Palm Beach,https://www.thousandoakscdd.org,sbethel@sdsinc.org,(561) 630-4922,purpose=Community Development; independent; lga=City of Riviera Beach
sd-three-islands-safe-neighborhood-district,Three Islands Safe Neighborhood District,special_district,Broward,https://www.hallandalebeachfl.gov,jearle@cohb.org,(954) 457-1300,purpose=Neighborhood Improvement - Local Gov.; dependent; lga=City of Hallandale Beach
sd-three-rivers-community-development-district,Three Rivers Community Development District,special_district,Nassau,https://threeriverscdd.com,wesley.haber@kutakrock.com,(850) 692-7300,purpose=Community Development; independent; lga=Nassau County
sd-three-rivers-regional-library-system,Three Rivers Regional Library System,special_district,"Taylor, Lafayette, Dixie, Gilchrist",https://www.3riverslibrary.com,cpulliam@3riverslibrary.com,(386) 294-3858,purpose=Library - Regional; independent; lga=Multi
sd-three-rivers-stewardship-district,Three Rivers Stewardship District,special_district,Sarasota,https://threeriverssd.net,wrathellc@whhassociates.com,(561) 571-0010,purpose=Infrastructure Development; independent; lga=Sarasota County
sd-tice-fire-protection-and-rescue-service-district,Tice Fire Protection and Rescue Service District,special_district,Lee,https://www.TiceFire.com,runk@ticefire.com,(239) 694-2380,purpose=Fire Control and Rescue; independent; lga=Lee County
sd-timber-creek-community-development-district,Timber Creek Community Development District,special_district,Hillsborough,https://timbercreekcdd.com,brian.lamb@inframark.com,(813) 397-5120,purpose=Community Development; independent; lga=Hillsborough County
sd-timber-creek-southwest-community-development-district,Timber Creek Southwest Community Development District,special_district,Lee,https://Timbercreeksouthwestcdd.org,wardj@pfm.com,(407) 723-5900,purpose=Community Development; independent; lga=Lee County
sd-tindall-hammock-irrigation-and-soil-conservation-district,Tindall Hammock Irrigation and Soil Conservation District,special_district,Broward,https://tindallhammock.com,pmahaney@everhartmgtgroup.com,(954) 332-7778,"purpose=Conservation, Drainage and/or Water Control, Water and/or Wastewater Systems; independent; lga=Broward County"
sd-tison-s-landing-community-development-district,Tison's Landing Community Development District,special_district,Duval,https://tisonslandingcdd.com,mpawelczyk@bclmr.com,(954) 764-7150,purpose=Community Development; independent; lga=City of Jacksonville
sd-titusville-community-redevelopment-agency,Titusville Community Redevelopment Agency,special_district,Brevard,https://www.titusville.com,thomas.abbate@titusville.com,(321) 567-3702,purpose=Community Redevelopment; dependent; lga=City of Titusville
sd-titusville-cocoa-airport-district,Titusville-Cocoa Airport District,special_district,Brevard,https://flyspacecoast.org,kdaugherty@flyspacecoast.org,(321) 267-8780,purpose=Airports / Air Navigation Facilities; dependent; lga=Brevard County
sd-tohopekaliga-water-authority,Tohopekaliga Water Authority,special_district,Osceola,https://www.tohowater.com,tswingle@tohowater.com,(407) 944-5130,purpose=Water and/or Wastewater Systems; independent; lga=Osceola County and City of Kissimmee
sd-tohoqua-community-development-district,Tohoqua Community Development District,special_district,Osceola,https://www.tohoquacdd.com,jcarpenter@lathamluna.com,(407) 481-5800,purpose=Community Development; independent; lga=Osceola County
sd-tolomato-community-development-district,Tolomato Community Development District,special_district,"Duval, St. Johns",https://mytcdd.com,katie.buchanan@kutakrock.com,(850) 692-7300,purpose=Community Development; independent; lga=Duval and St. Johns Counties
sd-tomoka-community-development-district,Tomoka Community Development District,special_district,Flagler,https://tomokacdd.com,katie.buchanan@kutakrock.com,(850) 692-7300,purpose=Community Development; independent; lga=Flagler County
sd-tomoka-north-community-development-district,Tomoka North Community Development District,special_district,Volusia,https://TomokaNorthCDD.net,wrathellc@whhassociates.com,(561) 571-0010,purpose=Community Development; independent; lga=City of Daytona Beach
sd-toscana-isles-community-development-district,Toscana Isles Community Development District,special_district,Sarasota,https://www.toscanaislescdd.net,wrathellc@whhassociates.com,(561) 571-0010,purpose=Community Development; independent; lga=City of Venice
sd-touchstone-community-development-district,Touchstone Community Development District,special_district,Hillsborough,https://www.touchstonecdd.com,brian.lamb@inframark.com,(813) 397-5121,purpose=Community Development; independent; lga=Hillsborough County
sd-town-center-at-palm-coast-community-development-district,Town Center at Palm Coast Community Development District,special_district,Flagler,https://towncenteratpalmcoast.org,michael3@legalteamforlife.com,(386) 445-8900,purpose=Community Development; independent; lga=Town of Palm Coast
sd-town-of-davie-neighborhood-improvement-district,Town of Davie Neighborhood Improvement District,special_district,Broward,https://www.davie-fl.gov/1632/Town-of-Davie-Neighborhood-Improvement-D,richard_lemack@davie-fl.gov,(954) 797-1030,purpose=Neighborhood Improvement - Local Gov.; dependent; lga=Town of Davie
sd-town-of-eatonville-community-redevelopment-agency,Town of Eatonville Community Redevelopment Agency,special_district,Orange,https://www.eatonvillecra.org,cra@townofeatonville.org,(407) 623-8916,purpose=Community Redevelopment; dependent; lga=Town of Eatonville
sd-town-of-jupiter-community-redevelopment-agency,Town of Jupiter Community Redevelopment Agency,special_district,Palm Beach,https://www.jupiter.fl.us/120/Community-Redevelopment-Agency,tm@jupiter.fl.us,(561) 746-5134,purpose=Community Redevelopment; dependent; lga=Town of Jupiter
sd-town-of-kindred-community-development-district,Town of Kindred Community Development District,special_district,Osceola,https://townofkindredcdd.org,jere.earlywine@kutakrock.com,(850) 692-7300,purpose=Community Development; independent; lga=Osceola County
sd-town-of-kindred-community-development-district-ii,Town of Kindred Community Development District II,special_district,Osceola,https://TownOfKindredCDD.org,jere.earlywine@kutakrock.com,(850) 692-7300,purpose=Community Development; independent; lga=Osceola County
sd-town-of-lake-placid-community-redevelopment-agency,Town of Lake Placid Community Redevelopment Agency,special_district,Highlands,https://www.lakeplacidfl.net/CRA/COMMUNITY%20REDEVELOPMENT.html,clerk@mylakeplacid.org,(863) 699-3747,purpose=Community Redevelopment; dependent; lga=Town of Lake Placid
sd-town-of-marineland-community-redevelopment-agency,Town of Marineland Community Redevelopment Agency,special_district,Flagler,https://townofmarineland.org,angela@townofmarineland.org,(386) 232-8060,purpose=Community Redevelopment; dependent; lga=Town of Marineland
sd-towne-of-seahaven-community-development-district,Towne of Seahaven Community Development District,special_district,Bay,http://Duebytheendofthefirstfullfiscalyearaftercreation.,brizzetta@rizzetta.com,(813) 514-0400,purpose=Community Development; independent; lga=City of Panama City Beach
sd-towne-park-community-development-district,Towne Park Community Development District,special_district,Polk,https://towneparkcdd.com,jburns@gmscfl.com,(407) 841-5524,purpose=Community Development; independent; lga=City of Lakeland
sd-towns-at-woodsdale-community-development-district,Towns at Woodsdale Community Development District,special_district,Pasco,https://townsatwoodsdalecdd.net,wrathellc@whhassociates.com,(561) 571-0010,purpose=Community Development; independent; lga=Pasco County
sd-tradition-community-development-district-no-1,Tradition Community Development District No. 1,special_district,St. Lucie,https://traditioncdd1.org,lindsay.whelan@kutakrock.com,(850) 692-7300,purpose=Community Development; independent; lga=St. Lucie County
sd-tradition-community-development-district-no-10,Tradition Community Development District No. 10,special_district,St. Lucie,https://traditioncdd10.org,lindsay.whelan@kutakrock.com,(850) 692-7300,purpose=Community Development; independent; lga=City of Port St. Lucie
sd-tradition-community-development-district-no-11,Tradition Community Development District No. 11,special_district,St. Lucie,https://www.TraditionCDD11.org,lindsay.whelan@kutakrock.com,(850) 692-7300,purpose=Community Development; independent; lga=City of Port St. Lucie
sd-tradition-community-development-district-no-2,Tradition Community Development District No. 2,special_district,St. Lucie,https://traditioncdd2.org,lindsay.whelan@kutakrock.com,(850) 692-7300,purpose=Community Development; independent; lga=St. Lucie County
sd-tradition-community-development-district-no-3,Tradition Community Development District No. 3,special_district,St. Lucie,https://traditioncdd3.org,lindsay.whelan@kutakrock.com,(850) 692-7300,purpose=Community Development; independent; lga=St. Lucie County
sd-tradition-community-development-district-no-4,Tradition Community Development District No. 4,special_district,St. Lucie,https://traditioncdd4.org,lindsay.whelan@kutakrock.com,(850) 692-7300,purpose=Community Development; independent; lga=St. Lucie County
sd-tradition-community-development-district-no-5,Tradition Community Development District No. 5,special_district,St. Lucie,https://traditioncdd5.org,lindsay.whelan@kutakrock.com,(850) 692-7300,purpose=Community Development; independent; lga=City of Port St. Lucie
sd-tradition-community-development-district-no-6,Tradition Community Development District No. 6,special_district,St. Lucie,https://traditioncdd6.org,lindsay.whelan@kutakrock.com,(850) 692-7300,purpose=Community Development; independent; lga=St. Lucie County
sd-tradition-community-development-district-no-7,Tradition Community Development District No. 7,special_district,St. Lucie,https://traditioncdd7.org,lindsay.whelan@kutakrock.com,(850) 692-7300,purpose=Community Development; independent; lga=City of Port St. Lucie
sd-tradition-community-development-district-no-8,Tradition Community Development District No. 8,special_district,St. Lucie,https://traditioncdd8.org,lindsay.whelan@kutakrock.com,(850) 692-7300,purpose=Community Development; independent; lga=City of Port St. Lucie
sd-tradition-community-development-district-no-9,Tradition Community Development District No. 9,special_district,St. Lucie,https://traditioncdd9.org,lindsay.whelan@kutakrock.com,(850) 692-7300,purpose=Community Development; independent; lga=City of Port St. Lucie
sd-trailer-estates-park-and-recreation-district,Trailer Estates Park and Recreation District,special_district,Manatee,https://www.trailerestates.com,tlombardi@trailerestates.com,,purpose=Recreational Facilities / Programs; independent; lga=Manatee County
sd-trails-at-monterey-community-development-district,Trails at Monterey Community Development District,special_district,Miami-Dade,https://www.trailsatmontereycdd.org,mpawelczyk@bclmr.com,(954) 764-7150,purpose=Community Development; independent; lga=Miami-Dade County
sd-trails-community-development-district,Trails Community Development District,special_district,Duval,https://trailscdd.org,howard@fcsmanagementgroup.com,(904) 386-0186,purpose=Community Development; independent; lga=City of Jacksonville
sd-tranquility-community-development-district,Tranquility Community Development District,special_district,Brevard,https://www.tranquilitycdd.com,mark.watts@cobbcole.com,(386) 736-7700,purpose=Community Development; independent; lga=City of Titusville
sd-treasure-coast-education-research-and-development-authority,"Treasure Coast Education, Research and Development Authority",special_district,St. Lucie,https://www.treasurecoastresearchpark.com,mccantsre@stlucieco.org,(772) 467-3107,purpose=Research and Development; dependent; lga=St. Lucie County
sd-tree-island-estates-community-development-district,Tree Island Estates Community Development District,special_district,Miami-Dade,https://www.treeislandestatescdd.org,mpawelczyk@bclmr.com,(954) 764-7150,purpose=Community Development; independent; lga=Miami-Dade County
sd-trevesta-community-development-district,Trevesta Community Development District,special_district,Manatee,https://trevestacdd.org,brizzetta@rizzetta.com,(813) 514-0400,purpose=Community Development; independent; lga=Manatee County
sd-tri-county-airport-authority,Tri-County Airport Authority,special_district,"Holmes, Jackson, Washington",https://kbcr.gov,hjackl64@gmail.com,(850) 703-6808,purpose=Airports / Air Navigation Facilities; independent; lga=Multi
sd-tri-par-estates-park-and-recreation-district,Tri-Par Estates Park and Recreation District,special_district,Sarasota,https://www.TriParEstates.com,general@triparestates.com,(941) 355-8747,purpose=Recreational Facilities / Programs; independent; lga=Sarasota County
sd-triple-creek-community-development-district,Triple Creek Community Development District,special_district,Hillsborough,https://www.triplecreekcdd.com,brizzetta@rizzetta.com,(813) 514-0400,purpose=Community Development; independent; lga=Hillsborough County
sd-troup-indiantown-water-control-district,Troup-Indiantown Water Control District,special_district,Martin,https://floridawatercontroldistricts.org/Troup.htm,schoech@caldwellpacetti.com,(561) 655-0620,purpose=Drainage and/or Water Control; independent; lga=Martin County
sd-trout-creek-community-development-district,Trout Creek Community Development District,special_district,St. Johns,https://troutcreekcdd.org,brizzetta@rizzetta.com,(813) 514-0400,purpose=Community Development; independent; lga=St. Johns County
sd-tsr-community-development-district,TSR Community Development District,special_district,Pasco,https://www.tsrcdd.com,alyssa.willson@kutakrock.com,(850) 692-7300,purpose=Community Development; independent; lga=Pasco County
sd-tuckers-pointe-community-development-district,Tuckers Pointe Community Development District,special_district,Charlotte,https://TuckersPointeCDD.net,gurbancic@cyklawfirm.com,(239) 435-3535,purpose=Community Development; independent; lga=Charlotte County
sd-tupelo-fire-control-district,Tupelo Fire Control District,special_district,Gulf,https://www.gulfcounty-fl.gov/Tupelo-Fire-Control-District.cfm,mhammond@gulfcounty-fl.gov,(850) 229-6106,purpose=Fire Control and Rescue; dependent; lga=Gulf County
sd-tupelo-soil-and-water-conservation-district,Tupelo Soil and Water Conservation District,special_district,Gulf,https://www.tupelosoilandwater.specialdistrict.org,cathy.davis@fl.nacdnet.net,(850) 674-8271,purpose=Soil and Water Conservation; independent; lga=Gulf County
sd-turnbull-creek-community-development-district,Turnbull Creek Community Development District,special_district,St. Johns,https://www.turnbullcreekcdd.com,brizzetta@rizzetta.com,(813) 514-0400,purpose=Community Development; independent; lga=St. Johns County
sd-turtle-run-community-development-district,Turtle Run Community Development District,special_district,Broward,https://www.turtleruncdd.com,mpawelczyk@bclmr.com,(954) 764-7150,purpose=Community Development; independent; lga=City of Coral Springs
sd-twelve-oaks-special-district,Twelve Oaks Special District,special_district,Hillsborough,https://www.twelveoaksonline.com,vnmramos@netzero.com,(813) 810-5284,"purpose=Municipal-Type Services and Improvements, Recreational Facilities / Programs; independent; lga=Hillsborough County"
sd-twin-creeks-north-community-development-district,Twin Creeks North Community Development District,special_district,St. Johns,https://twincreeksnorthcdd.net,wrathellc@whhassociates.com,(561) 571-0010,purpose=Community Development; independent; lga=St. Johns County
sd-twin-lakes-water-control-district,Twin Lakes Water Control District,special_district,Broward,http://Duebytheendofthefirstfullfiscalyearaftercreation.,abalogun@cityofwestpark.org,,purpose=Drainage and/or Water Control; dependent; lga=City of West Park
sd-twisted-oaks-pointe-community-development-district,Twisted Oaks Pointe Community Development District,special_district,Sumter,https://twistedoakspointecdd.net,wrathellc@whhassociates.com,(561) 571-0010,purpose=Community Development; independent; lga=City of Wildwood
sd-two-creeks-community-development-district,Two Creeks Community Development District,special_district,Clay,https://twocreekscdd.org,brizzetta@rizzetta.com,(813) 514-0400,purpose=Community Development; independent; lga=Clay County
sd-two-lakes-community-development-district,Two Lakes Community Development District,special_district,Miami-Dade,https://www.twolakescdd.org,mpawelczyk@bclmr.com,(954) 764-7150,purpose=Community Development; independent; lga=Miami-Dade County
sd-two-ridges-community-development-district,Two Ridges Community Development District,special_district,Pasco,https://TwoRidgesCDD.org,jonathan.johnson@kutakrock.com,(850) 692-7300,purpose=Community Development; independent; lga=Pasco County
sd-two-rivers-east-community-development-district,Two Rivers East Community Development District,special_district,Pasco,https://tworiverseastcdd.com,brian.lamb@inframark.com,(813) 873-7300,purpose=Community Development; independent; lga=Pasco County
sd-two-rivers-north-community-development-district,Two Rivers North Community Development District,special_district,Pasco,https://tworiversnorthcdd.com,brian.lamb@inframark.com,(813) 873-7300,purpose=Community Development; independent; lga=Pasco County
sd-two-rivers-south-community-development-district,Two Rivers South Community Development District,special_district,Hillsborough,https://tworiverssouthcdd.com,brian.lamb@inframark.com,(813) 873-7300,purpose=Community Development; independent; lga=Hillsborough County
sd-two-rivers-west-community-development-district,Two Rivers West Community Development District,special_district,Pasco,https://tworiverswestcdd.com,brian.lamb@inframark.com,(813) 397-5121,purpose=Community Development; independent; lga=Pasco County
sd-u-s-highway-441-27-community-redevelopment-agency,U.S. Highway 441 / 27 Community Redevelopment Agency,special_district,Lake,https://leesburgflorida.gov/my_city/departments/housing/uscra.php,citymanager@leesburgflorida.gov,(352) 728-9704,purpose=Community Redevelopment; dependent; lga=City of Leesburg
sd-union-county-housing-authority,Union County Housing Authority,special_district,Union,https://www.uchafl.com,housing@uchafl.com,(386) 496-2047,purpose=Housing Authority; independent; lga=Union County
sd-union-county-special-library-district,Union County Special Library District,special_district,Union,https://www.unioncountypubliclibrary.org,priti@neflin.org,(386) 496-3432,purpose=Library - Local; dependent; lga=Union County
sd-union-park-community-development-district,Union Park Community Development District,special_district,Pasco,https://www.unionparkcdd.org,vbabbar@srvlegal.com,(813) 223-9400,purpose=Community Development; independent; lga=Pasco County
sd-union-park-east-community-development-district,Union Park East Community Development District,special_district,Pasco,https://www.unionparkeastcdd.org,hbeckett@vestapropertyservices.com,,purpose=Community Development; independent; lga=Pasco County
sd-university-park-recreation-district,University Park Recreation District,special_district,Manatee,https://UniversityParkRD.com,carvalhov@pfm.com,(407) 723-5900,purpose=Recreational Facilities / Programs; independent; lga=Manatee County
sd-university-place-community-development-district,University Place Community Development District,special_district,Manatee,https://universityplacecdd.org,acohen@swflgovlaw.com,(941) 306-4730,purpose=Community Development; independent; lga=Manatee County
sd-university-square-community-development-district,University Square Community Development District,special_district,Lee,https://universitysquarecdd.net,gurbancic@cyklawfirm.com,(239) 435-3535,purpose=Community Development; independent; lga=Lee County
sd-university-village-community-development-district,University Village Community Development District,special_district,Lee,https://UniversityVillageCDD.net,gurbancic@cyklawfirm.com,(239) 435-3535,purpose=Community Development; independent; lga=Lee County
sd-upper-captiva-fire-protection-and-rescue-service-district,Upper Captiva Fire Protection and Rescue Service District,special_district,Lee,https://www.uppercaptivafire.org,accounting@uppercaptivafire.org,(239) 872-2263,purpose=Fire Control and Rescue; independent; lga=Lee County
sd-urban-orlando-community-development-district,Urban Orlando Community Development District,special_district,Orange,https://UrbanOrlandoCDD.org,tucker.mackie@kutakrock.com,(850) 692-7300,purpose=Community Development; independent; lga=City of Orlando
sd-utopia-of-marion-community-development-district,Utopia of Marion Community Development District,special_district,Marion,https://utopiaofmarion.com,deborah@danielhickspa.com,(352) 351-3353,purpose=Community Development; independent; lga=Marion County
sd-valencia-acres-community-development-district,Valencia Acres Community Development District,special_district,Miami-Dade,https://www.valenciaacrescdd.org,mpawelczyk@bclmr.com,(954) 764-7150,purpose=Community Development; independent; lga=Miami-Dade County
sd-valencia-water-control-district,Valencia Water Control District,special_district,Orange,https://www.vwcdfl.com,gflint@gmscfl.com,(407) 841-5524,purpose=Drainage and/or Water Control; independent; lga=Orange County
sd-valparaiso-cable-authority,Valparaiso Cable Authority,special_district,Okaloosa,https://www.valp.org,cityclerk@valp.org,(850) 729-5402,purpose=Utility Systems / Services; dependent; lga=City of Valparaiso
sd-valrico-manor-special-dependent-tax-district,Valrico Manor Special Dependent Tax District,special_district,Hillsborough,https://ValricoManor.mydistrictwebsite.com,valricomanor@gmail.com,(813) 703-2375,purpose=Neighborhood Enhancement; dependent; lga=Hillsborough County
sd-varrea-north-community-development-district,Varrea North Community Development District,special_district,Hillsborough,https://www.varreanorthcdd.net,wrathellc@whhassociates.com,(561) 571-0010,purpose=Community Development; independent; lga=City of Plant City
sd-varrea-south-community-development-district,Varrea South Community Development District,special_district,Hillsborough,https://varreasouthcdd.net,wrathellc@whhassociates.com,(561) 571-0010,purpose=Community Development; independent; lga=City of Plant City
sd-vasari-community-development-district,Vasari Community Development District,special_district,Lee,https://vasaricdd.com,gurbancic@cyklawfirm.com,(239) 435-3535,purpose=Community Development; independent; lga=City of Bonita Springs
sd-v-dana-community-development-district,V-Dana Community Development District,special_district,Lee,https://vdanacdd.com,brian.lamb@inframark.com,(813) 873-7300,purpose=Community Development; independent; lga=Lee County
sd-venetian-community-development-district,Venetian Community Development District,special_district,Sarasota,https://www.venetiancdd.org,acohen@swflgovlaw.com,(941) 306-4730,purpose=Community Development; independent; lga=City of Venice
sd-venetian-isles-community-development-district,Venetian Isles Community Development District,special_district,Miami-Dade,https://www.venetianislescdd.org,mpawelczyk@bclmr.com,(954) 764-7150,purpose=Community Development; independent; lga=Miami-Dade County
sd-venetian-parc-community-development-district,Venetian Parc Community Development District,special_district,Miami-Dade,https://www.venetianparccdd.org,mpawelczyk@bclmr.com,(954) 764-7150,purpose=Community Development; independent; lga=Miami-Dade County
sd-venice-grand-oaks-community-development-district,Venice Grand Oaks Community Development District,special_district,Sarasota,https://www.venicegrandoakscdd.com,jburns@gmscfl.com,(407) 841-5524,purpose=Community Development; independent; lga=City of Venice
sd-venice-housing-authority,Venice Housing Authority,special_district,Sarasota,http://Duebytheendofthefirstfullfiscalyearaftercreation.,mthomas@venicehousing.org,(941) 488-3526,purpose=Housing Authority; dependent; lga=City of Venice
sd-ventana-community-development-district,Ventana Community Development District,special_district,Hillsborough,https://www.ventanacdd.com,brian.lamb@inframark.com,(813) 397-5120,purpose=Community Development; independent; lga=Hillsborough County
sd-veranda-community-development-district,Veranda Community Development District,special_district,St. Lucie,https://www.verandacdd.org,jpierman@sdsinc.org,(561) 630-4922,purpose=Community Development; independent; lga=City of Port St. Lucie
sd-veranda-community-development-district-ii,Veranda Community Development District II,special_district,St. Lucie,https://verandacdd2.org,brizzetta@rizzetta.com,(813) 514-0400,purpose=Community Development; independent; lga=City of Port St. Lucie
sd-veranda-landing-community-development-district,Veranda Landing Community Development District,special_district,St. Lucie,https://www.verandalandingcdd.com,mpawelczyk@bclmr.com,(954) 764-7150,purpose=Community Development; independent; lga=City of Port St. Lucie
sd-verandah-east-community-development-district,Verandah East Community Development District,special_district,Lee,https://www.verandahcdds.net,wrathellc@whhassociates.com,(561) 571-0010,purpose=Community Development; independent; lga=Lee County
sd-verandah-west-community-development-district,Verandah West Community Development District,special_district,Lee,https://www.verandahcdds.net,wrathellc@whhassociates.com,(561) 571-0010,purpose=Community Development; independent; lga=Lee County
sd-verandahs-community-development-district-the,"Verandahs Community Development District, The",special_district,Pasco,https://theverandahscdd.org,brizzetta@rizzetta.com,(813) 514-0400,purpose=Community Development; independent; lga=Pasco County
sd-verano-1-community-development-district,Verano #1 Community Development District,special_district,St. Lucie,https://www.Verano1cdd.com,jere.earlywine@kutakrock.com,(850) 528-6152,purpose=Community Development; independent; lga=City of Port St. Lucie
sd-verano-2-community-development-district,Verano #2 Community Development District,special_district,St. Lucie,https://www.Verano2cdd.com,jere.earlywine@kutakrock.com,(850) 528-6152,purpose=Community Development; independent; lga=City of Port St. Lucie
sd-verano-3-community-development-district,Verano #3 Community Development District,special_district,St. Lucie,https://www.Verano3cdd.com,jere.earlywine@kutakrock.com,(850) 528-6152,purpose=Community Development; independent; lga=City of Port St. Lucie
sd-verano-4-community-development-district,Verano #4 Community Development District,special_district,St. Lucie,https://www.Verano4cdd.com,jere.earlywine@kutakrock.com,(850) 528-6152,purpose=Community Development; independent; lga=City of Port St. Lucie
sd-verano-5-community-development-district,Verano #5 Community Development District,special_district,St. Lucie,https://www.Verano5cdd.com,jere.earlywine@kutakrock.com,(850) 528-6152,purpose=Community Development; independent; lga=City of Port St. Lucie
sd-verano-center-community-development-district,Verano Center Community Development District,special_district,St. Lucie,https://www.veranocentercdd.com,jere.earlywine@kutakrock.com,(850) 528-6152,purpose=Community Development; independent; lga=City of Port St. Lucie
sd-vero-lakes-water-control-district,Vero Lakes Water Control District,special_district,Indian River,https://www.vlwcd.com,cclem@chesterclem.com,(772) 978-7676,purpose=Drainage and/or Water Control; independent; lga=Indian River County
sd-verona-walk-community-development-district,Verona Walk Community Development District,special_district,Collier,https://www.veronawalkcdd.org,kdailey@sdsinc.org,(941) 786-3716,purpose=Community Development; independent; lga=Collier County
sd-victory-park-community-development-district,Victory Park Community Development District,special_district,Lee,https://victoryparkcdd.com,gurbancic@cyklawfirm.com,(239) 435-3535,purpose=Community Development; independent; lga=City of Cape Coral
sd-vida-s-way-community-development-district,Vida's Way Community Development District,special_district,Pasco,https://www.vidaswaycdd.net,wrathellc@whhassociates.com,(561) 571-0010,purpose=Community Development; independent; lga=Pasco County
sd-viera-east-community-development-district,Viera East Community Development District,special_district,Brevard,https://www.vieraeastcdd.com,bjones@shutts-law.com,(407) 423-3200,purpose=Community Development; independent; lga=Brevard County
sd-viera-stewardship-district,Viera Stewardship District,special_district,Brevard,https://www.vierastewardshipdistrict.org,wrathellc@whhassociates.com,(561) 571-0010,purpose=Infrastructure Development; independent; lga=Brevard County
sd-vilano-beach-street-lighting-district,Vilano Beach Street Lighting District,special_district,St. Johns,https://www.co.st-johns.fl.us/SpecialDistricts/Vilano.aspx,hmein@sjcfl.us,(904) 209-0173,purpose=Street Lighting; dependent; lga=St. Johns County
sd-villa-portofino-east-community-development-district,Villa Portofino East Community Development District,special_district,Miami-Dade,https://www.villaportofinoeastcdd.com,mpawelczyk@bclmr.com,(954) 764-7150,purpose=Community Development; independent; lga=City of Homestead
sd-villa-portofino-west-community-development-district,Villa Portofino West Community Development District,special_district,Miami-Dade,https://www.villaportofinowestcdd.com,mpawelczyk@billingcochran.com,(954) 764-7150,purpose=Community Development; independent; lga=Miami-Dade County
sd-village-at-gulfstream-park-community-development-district-the,"Village at Gulfstream Park Community Development District, The",special_district,Broward,https://thevillageatgulfstreamparkcdd.com,mpawelczyk@bclmr.com,(954) 764-7150,purpose=Community Development; independent; lga=City of Hallandale Beach
sd-village-center-community-development-district,Village Center Community Development District,special_district,Lake,https://districtgov.org/yourdistrict/front.aspx?district=vc,kenneth.blocker@districtgov.org,(352) 751-3939,purpose=Community Development; independent; lga=Town of Lady Lake
sd-village-community-development-district-no-1,Village Community Development District No. 1,special_district,Sumter,https://districtgov.org/yourdistrict/front.aspx?district=1,kenneth.blocker@districtgov.org,(352) 751-3939,purpose=Community Development; independent; lga=Sumter County
sd-village-community-development-district-no-10,Village Community Development District No. 10,special_district,Sumter,https://districtgov.org/yourdistrict/front.aspx?district=10,kenneth.blocker@districtgov.org,(352) 751-3939,purpose=Community Development; independent; lga=Sumter County
sd-village-community-development-district-no-11,Village Community Development District No. 11,special_district,Lake,https://districtgov.org/yourdistrict/front.aspx?district=11,kenneth.blocker@districtgov.org,(352) 751-3939,purpose=Community Development; independent; lga=City of Fruitland Park
sd-village-community-development-district-no-12,Village Community Development District No. 12,special_district,Sumter,https://districtgov.org/yourdistrict/front.aspx?district=12,kenneth.blocker@districtgov.org,(352) 751-3939,purpose=Community Development; independent; lga=City of Wildwood
sd-village-community-development-district-no-13,Village Community Development District No. 13,special_district,Sumter,https://districtgov.org/yourdistrict/front.aspx?district=13,kenneth.blocker@districtgov.org,(352) 751-3939,purpose=Community Development; independent; lga=City of Wildwood
sd-village-community-development-district-no-14,Village Community Development District No. 14,special_district,Lake,https://www.districtgov.org/yourdistrict/front.aspx?district=14,kenneth.blocker@districtgov.org,(352) 751-3939,purpose=Community Development; independent; lga=City of Leesburg
sd-village-community-development-district-no-15,Village Community Development District No. 15,special_district,Sumter,https://www.districtgov.org/yourdistrict/front.aspx?district=15,kenneth.blocker@districtgov.org,(352) 751-3939,purpose=Community Development; independent; lga=City of Wildwood
sd-village-community-development-district-no-16,Village Community Development District No. 16,special_district,Sumter,https://www.districtgov.org/districts/residential/sixteen,kenneth.blocker@districtgov.org,(352) 751-3939,purpose=Community Development; independent; lga=City of Wildwood
sd-village-community-development-district-no-2,Village Community Development District No. 2,special_district,Sumter,https://districtgov.org/yourdistrict/front.aspx?district=2,kenneth.blocker@districtgov.org,(352) 751-3939,purpose=Community Development; independent; lga=Sumter County
sd-village-community-development-district-no-3,Village Community Development District No. 3,special_district,Sumter,https://districtgov.org/yourdistrict/front.aspx?district=3,kenneth.blocker@districtgov.org,(352) 751-3939,purpose=Community Development; independent; lga=Sumter County
sd-village-community-development-district-no-4,Village Community Development District No. 4,special_district,Marion,https://districtgov.org/yourdistrict/front.aspx?district=4,kenneth.blocker@districtgov.org,(352) 751-3939,purpose=Community Development; independent; lga=Marion County
sd-village-community-development-district-no-5,Village Community Development District No. 5,special_district,Sumter,https://districtgov.org/yourdistrict/front.aspx?district=5,kenneth.blocker@districtgov.org,(352) 751-3939,purpose=Community Development; independent; lga=Sumter County
sd-village-community-development-district-no-6,Village Community Development District No. 6,special_district,Sumter,https://districtgov.org/yourdistrict/front.aspx?district=6,kenneth.blocker@districtgov.org,(352) 751-3939,purpose=Community Development; independent; lga=Sumter County
sd-village-community-development-district-no-7,Village Community Development District No. 7,special_district,Sumter,https://districtgov.org/yourdistrict/front.aspx?district=7,kenneth.blocker@districtgov.org,(352) 751-3939,purpose=Community Development; independent; lga=Sumter County
sd-village-community-development-district-no-8,Village Community Development District No. 8,special_district,Sumter,https://districtgov.org/yourdistrict/front.aspx?district=8,kenneth.blocker@districtgov.org,(352) 751-3939,purpose=Community Development; independent; lga=Sumter County
sd-village-community-development-district-no-9,Village Community Development District No. 9,special_district,Sumter,https://districtgov.org/yourdistrict/front.aspx?district=9,kenneth.blocker@districtgov.org,(352) 751-3939,purpose=Community Development; independent; lga=Sumter County
sd-village-estates-west-special-district,Village Estates West Special District,special_district,Hillsborough,https://www.villageestateswestwebsite.com,thebees7@sbcglobal.net,(325) 725-1157,purpose=Neighborhood Enhancement; dependent; lga=Hillsborough County
sd-villages-of-bloomingdale-community-development-district,Villages of Bloomingdale Community Development District,special_district,Hillsborough,https://www.villagesofbloomingdalecdd.com,michael.eckert@kutakrock.com,(850) 692-7300,purpose=Community Development; independent; lga=Hillsborough County
sd-villages-of-glen-creek-community-development-district,Villages of Glen Creek Community Development District,special_district,Manatee,https://www.villagesofglencreekcdd.org,jvericker@srvlegal.com,(813) 223-9400,purpose=Community Development; independent; lga=City of Bradenton
sd-villages-of-westport-community-development-district,Villages of Westport Community Development District,special_district,Duval,https://villagesofwestportcdd.com,dmossing@gmstnn.com,(904) 940-5850,purpose=Community Development; independent; lga=City of Jacksonville
sd-villagewalk-of-bonita-springs-community-development-district,Villagewalk of Bonita Springs Community Development District,special_district,Lee,https://www.villagewalkbonitaspringscdd.org,kmeneely@sdsinc.org,(941) 786-3716,purpose=Community Development; independent; lga=City of Bonita Springs
sd-villamar-community-development-district,VillaMar Community Development District,special_district,Polk,https://www.villamarcdd.com,jburns@gmscfl.com,(407) 841-5524,purpose=Community Development; independent; lga=City of Winter Haven
sd-villasol-community-development-district,VillaSol Community Development District,special_district,Osceola,https://Villasolcdd.org,brizzetta@rizzetta.com,(813) 514-0400,purpose=Community Development; independent; lga=Osceola County
sd-vine-street-community-redevelopment-agency,Vine Street Community Redevelopment Agency,special_district,Osceola,https://www.kissimmee.gov,samia.singleton@kissimmee.gov,(407) 518-2544,purpose=Community Redevelopment; dependent; lga=City of Kissimmee
sd-visions-at-orlando-west-community-development-district,Visions at Orlando West Community Development District,special_district,Osceola,https://visionsatorlandowestcdd.net,wrathellc@whhassociates.com,(561) 571-0010,purpose=Community Development; independent; lga=Osceola County
sd-vista-community-development-district,Vista Community Development District,special_district,Palm Beach,https://www.vistacdd.org,mpawelczyk@bclmr.com,(954) 764-7150,purpose=Community Development; independent; lga=Palm Beach County
sd-vista-diroma-community-development-district,Vista DiRoma Community Development District,special_district,Hillsborough,http://Duebytheendofthefirstfullfiscalyearaftercreation.,brian.lamb@inframark.com,(813) 873-7300,purpose=Community Development; independent; lga=Hillsborough County
sd-vista-lakes-community-development-district,Vista Lakes Community Development District,special_district,Orange,https://Vistalakescdd.org,sclark@winterparklawyers.com,(407) 472-0326,purpose=Community Development; independent; lga=City of Orlando
sd-vista-walk-community-development-district,Vista Walk Community Development District,special_district,Pasco,https://VistaWalkCDD.com,brian.lamb@inframark.com,(813) 873-7300,purpose=Community Development; independent; lga=City of Dade City
sd-vivid-shores-community-development-district,Vivid Shores Community Development District,special_district,Lee,https://vividshorescdd.org,alyssa.willson@kutakrock.com,(954) 764-7150,purpose=Community Development; independent; lga=City of Bonita Springs
sd-vizcaya-in-kendall-community-development-district,Vizcaya in Kendall Community Development District,special_district,Miami-Dade,https://www.vizcayakendallcdd.com,mpawelczyk@bclmr.com,(954) 764-7150,purpose=Community Development; independent; lga=Miami-Dade County
sd-volusia-county-educational-facilities-authority,Volusia County Educational Facilities Authority,special_district,Volusia,https://www.volusia.org/government/special-districts/vcefa.stml,office.vcefa@gmail.com,(386) 212-8279,purpose=Higher Educational Facilities Financing; dependent; lga=Volusia County
sd-volusia-county-industrial-development-authority,Volusia County Industrial Development Authority,special_district,Volusia,https://www.volusia.org/government/special-districts/vcida.stml,dennisstark17@gmail.com,(386) 248-8048,purpose=Industrial Development; dependent; lga=Volusia County
sd-volusia-county-unified-fire-district,Volusia County Unified Fire District,special_district,Volusia,https://www.volusia.org/government/special-districts/vcfd.stml,jwking@volusia.org,(386) 736-5940,purpose=Fire Control and Rescue; dependent; lga=Volusia County
sd-volusia-growth-management-commission,Volusia Growth Management Commission,special_district,Volusia,https://www.volusia.org/government/special-districts/vgmc.stml,vgmc@volusia.org,,purpose=Planning - Coordination; dependent; lga=Volusia County
sd-volusia-soil-and-water-conservation-district,Volusia Soil and Water Conservation District,special_district,Volusia,https://vcswcd.org,kris5soilandwater@gmail.com,(417) 353-0084,purpose=Soil and Water Conservation; independent; lga=Volusia County
sd-waccasassa-water-and-wastewater-cooperative,Waccasassa Water and Wastewater Cooperative,special_district,Levy,https://w3cfl.org,norm@normdfugatepa.com,(352) 528-0019,purpose=Water and/or Wastewater Systems; independent; lga=Towns of Bronson and Otter Creek
sd-wakulla-county-industrial-development-authority-2016,Wakulla County Industrial Development Authority (2016),special_district,Wakulla,https://www.mywakulla.com,bgeiger@mywakulla.com,(850) 926-0919,purpose=Industrial Development; dependent; lga=Wakulla County
sd-wakulla-soil-and-water-conservation-district,Wakulla Soil and Water Conservation District,special_district,Wakulla,https://wakullasoilandwater.org,caljamison@msn.com,(850) 509-4814,purpose=Soil and Water Conservation; independent; lga=Wakulla County
sd-walden-lake-community-association-local-government-nid,Walden Lake Community Association Local Government NID,special_district,Hillsborough,https://plantcitygov.com,accountspayable@plantcitygov.com,(813) 659-4200,purpose=Neighborhood Improvement - Local Gov.; dependent; lga=City of Plant City
sd-walkabout-community-development-district,Walkabout Community Development District,special_district,Brevard,http://Duebytheendofthefirstfullfiscalyearaftercreation.,iolenicoff@olenproperties.com,(949) 719-7257,purpose=Community Development; independent; lga=Brevard County
sd-walkers-green-community-development-district,Walkers Green Community Development District,special_district,Volusia,https://walkersgreencdd.com,mark.watts@cobbcole.com,(386) 736-7700,purpose=Community Development; independent; lga=City of Daytona Beach
sd-walnut-creek-community-development-district,Walnut Creek Community Development District,special_district,Broward,https://www.walnutcreekcdd.org,mpawelczyk@bclmr.com,(954) 764-7150,purpose=Community Development; independent; lga=City of Pembroke Pines
sd-walton-okaloosa-santa-rosa-regional-utility-authority,Walton / Okaloosa / Santa Rosa Regional Utility Authority,special_district,"Okaloosa, Santa Rosa, Walton",https://www.ecrc.org,austin.mount@ecrc.org,(850) 332-7976,purpose=Utility Systems / Services; independent; lga=Multi
sd-water-cooperative-of-central-florida,Water Cooperative of Central Florida,special_district,"Polk, Orange, Osceola",https://www.watercoopcf.com,tswingle@tohowater.com,(407) 944-5130,purpose=Water and/or Wastewater Systems; independent; lga=Multi
sd-water-street-tampa-improvement-district,Water Street Tampa Improvement District,special_district,Hillsborough,https://wstid.net,jonathan.johnson@kutakrock.com,(850) 692-7300,purpose=Municipal-Type Services and Improvements; independent; lga=Hillsborough County and City of Tampa
sd-water-tank-road-community-development-district,Water Tank Road Community Development District,special_district,Polk,http://Duebytheendofthefirstfullfiscalyearaftercreation.,jburns@gmscfl.com,(407) 841-5524,purpose=Community Development; independent; lga=Town of Lake Hamilton
sd-waterchase-community-development-district,Waterchase Community Development District,special_district,Hillsborough,https://www.waterchasecdd.org,vbabbar@srvlegal.com,(813) 223-9400,purpose=Community Development; independent; lga=Hillsborough County
sd-waterford-community-development-district,Waterford Community Development District,special_district,Hernando,https://waterfordcdd.org,brizzetta@rizzetta.com,(813) 514-0400,purpose=Community Development; independent; lga=Hernando County
sd-waterford-estates-community-development-district,Waterford Estates Community Development District,special_district,Charlotte,https://www.waterfordestatescdd.com,mpawelczyk@bclmr.com,(954) 764-7150,purpose=Community Development; independent; lga=Charlotte County
sd-waterford-landing-community-development-district,Waterford Landing Community Development District,special_district,Lee,https://www.waterfordlandingcdd.net,wrathellc@whhassociates.com,(561) 571-0010,purpose=Community Development; independent; lga=City of Fort Myers
sd-waterford-special-dependent-district,Waterford Special Dependent District,special_district,Hillsborough,https://www.waterford-run-poa.com,waterfordsdd@gmail.com,(831) 224-5305,purpose=Neighborhood Enhancement; dependent; lga=Hillsborough County
sd-watergrass-community-development-district-i,WaterGrass Community Development District I,special_district,Pasco,https://watergrasscdd.org,brian.lamb@inframark.com,(813) 397-5121,purpose=Community Development; independent; lga=Pasco County
sd-watergrass-community-development-district-ii,WaterGrass Community Development District II,special_district,Pasco,https://watergrass2cdd.com,jvericker@srvlegal.com,(813) 223-9400,purpose=Community Development; independent; lga=Pasco County
sd-waterleaf-community-development-district-hillsborough-county,Waterleaf Community Development District (Hillsborough County),special_district,Hillsborough,https://www.waterleafcdd.org,mcgrath@gms-tampa.com,(813) 344-4844,purpose=Community Development; independent; lga=Hillsborough County
sd-waterlefe-community-development-district-manatee-county,Waterlefe Community Development District (Manatee County),special_district,Manatee,https://waterlefecdd.org,brizzetta@rizzetta.com,(813) 514-0400,purpose=Community Development; independent; lga=Manatee County
sd-waterlin-stewardship-district,Waterlin Stewardship District,special_district,Osceola,https://waterlinsd.com,alyssa.willson@kutakrock.com,(954) 764-7150,purpose=Infrastructure Development; independent; lga=Osceola County
sd-water-s-edge-community-development-district-manatee-county,Water's Edge Community Development District (Manatee County),special_district,Manatee,https://watersedgecdd.org,wesley.haber@kutakrock.com,(850) 692-7300,purpose=Community Development; independent; lga=Manatee County
sd-waters-edge-community-development-district-pasco-county,Waters Edge Community Development District (Pasco County),special_district,Pasco,https://watersedgecdd.org,brizzetta@rizzetta.com,(813) 514-0400,purpose=Community Development; independent; lga=Pasco County
sd-waterset-central-community-development-district,Waterset Central Community Development District,special_district,Hillsborough,https://www.watersetcentralcdd.org,brizzetta@rizzetta.com,(813) 514-0400,purpose=Community Development; independent; lga=Hillsborough County
sd-waterset-north-community-development-district,Waterset North Community Development District,special_district,Hillsborough,https://watersetnorthcdd.org,brizzetta@rizzetta.com,(813) 514-0400,purpose=Community Development; independent; lga=Hillsborough County
sd-waterset-south-community-development-district,Waterset South Community Development District,special_district,Hillsborough,https://watersetsouthcdd.org,brizzetta@rizzetta.com,(813) 514-0400,purpose=Community Development; independent; lga=Hillsborough County
sd-waterside-community-development-district,Waterside Community Development District,special_district,Martin,https://watersidecdd.net,wrathellc@whhassociates.com,(561) 571-0010,purpose=Community Development; independent; lga=Martin County
sd-waterstone-community-development-district,Waterstone Community Development District,special_district,St. Lucie,https://www.waterstonecdd.com,jere.earlywine@kutakrock.com,(850) 528-6152,purpose=Community Development; independent; lga=St. Lucie County
sd-wauchula-community-redevelopment-agency,Wauchula Community Redevelopment Agency,special_district,Hardee,https://www.cityofwauchula.com/Pages/WauchulaFL_Redevelopment/index,sbraxton@cityofwauchula.com,(863) 773-3131,purpose=Community Redevelopment; dependent; lga=City of Wauchula
sd-waypointe-community-development-district,Waypointe Community Development District,special_district,Volusia,http://Duebytheendofthefirstfullfiscalyearaftercreation.,jere.earlywine@kutakrock.com,(850) 692-7340,purpose=Community Development; independent; lga=City of Daytona Beach
sd-wedgewood-community-development-district,Wedgewood Community Development District,special_district,Polk,http://Duebytheendofthefirstfullfiscalyearaftercreation.,wrathellc@whhassociates.com,(561) 571-0010,purpose=Community Development; independent; lga=City of Lakeland
sd-weiberg-road-community-development-district,Weiberg Road Community Development District,special_district,Polk,https://www.weibergroadcdd.com,jburns@gmscfl.com,(407) 841-5524,purpose=Community Development; independent; lga=Town of Dundee
sd-wellness-ridge-community-development-district,Wellness Ridge Community Development District,special_district,Lake,https://www.wellnessridgecdd.com,jcarpenter@lathamluna.com,(407) 481-5800,purpose=Community Development; independent; lga=City of Clermont
sd-wentworth-estates-community-development-district,Wentworth Estates Community Development District,special_district,Collier,https://www.wentworthestatescdd.org,wardj@pfm.com,(407) 723-5900,purpose=Community Development; independent; lga=Collier County
sd-wesbridge-community-development-district,Wesbridge Community Development District,special_district,Pasco,https://wesbridgecdd.org,brizzetta@rizzetta.com,(813) 514-0400,purpose=Community Development; independent; lga=Pasco County
sd-west-atlantic-avenue-neighborhood-improvement-district,West Atlantic Avenue Neighborhood Improvement District,special_district,Palm Beach,http://Duebytheendofthefirstfullfiscalyearaftercreation.,loriam@mydelraybeach.com,(561) 243-7203,purpose=Neighborhood Improvement - Local Gov.; dependent; lga=City of Delray Beach
sd-west-coast-inland-navigation-district,West Coast Inland Navigation District,special_district,"Charlotte, Lee, Manatee, Sarasota",https://wcind.net,justin@wcind.net,(941) 485-9402,purpose=Inland Navigation and Waterways; independent; lga=Multi
sd-west-hillcrest-community-development-district,West Hillcrest Community Development District,special_district,Pasco,https://westhillcrestcdd.com,brian.lamb@inframark.com,(813) 873-7300,purpose=Community Development; independent; lga=Pasco County
sd-west-lake-community-development-district-hillsborough,West Lake Community Development District (Hillsborough),special_district,Hillsborough,https://westlakecdd.com,brian.lamb@inframark.com,(813) 873-7300,purpose=Community Development; independent; lga=Hillsborough County
sd-west-lakeland-water-control-district,West Lakeland Water Control District,special_district,Polk,https://www.WestLakelandWCD.org,jennifer.goldyn@inframark.com,(954) 603-0033,purpose=Drainage and/or Water Control; independent; lga=Polk County
sd-west-manatee-fire-and-rescue-district,West Manatee Fire and Rescue District,special_district,Manatee,https://www.wmfr.org,ben.rigney@wmfr.org,(941) 761-1555,purpose=Fire Control and Rescue; independent; lga=Manatee County
sd-west-palm-beach-community-redevelopment-agency,West Palm Beach Community Redevelopment Agency,special_district,Palm Beach,https://wpb.org/cra,croog@wpb.org,(561) 822-1416,purpose=Community Redevelopment; dependent; lga=City of West Palm Beach
sd-west-palm-beach-downtown-development-authority,West Palm Beach Downtown Development Authority,special_district,Palm Beach,https://DowntownWPB.com,tjames@downtownwpb.com,(561) 833-8873,purpose=Downtown Development / Improvement; independent; lga=City of West Palm Beach
sd-west-palm-beach-housing-authority,West Palm Beach Housing Authority,special_district,Palm Beach,https://www.wpbha.org,lodum@wpbha.org,(561) 655-8530,purpose=Housing Authority; dependent; lga=City of West Palm Beach
sd-west-perrine-community-redevelopment-agency,West Perrine Community Redevelopment Agency,special_district,Miami-Dade,https://www.miamidade.gov/global/government/boards/west-perrine-cra.page,vivian.cao@miamidade.gov,(305) 375-5143,purpose=Community Redevelopment; dependent; lga=Miami-Dade County
sd-west-port-community-development-district,West Port Community Development District,special_district,Charlotte,https://westportcdd.net,wrathellc@whhassociates.com,(561) 571-0010,purpose=Community Development; independent; lga=Charlotte County
sd-west-port-east-community-development-district,West Port East Community Development District,special_district,Charlotte,http://Duebytheendofthefirstfullfiscalyearaftercreation.,wrathellc@whhassociates.com,(561) 571-0010,purpose=Community Development; independent; lga=Charlotte County
sd-west-villages-improvement-district,West Villages Improvement District,special_district,Sarasota,https://www.westvillagesid.org,twodraska@sdsinc.org,(941) 493-6608,purpose=Drainage and/or Water Control; independent; lga=Sarasota County and City of North Port
sd-west-volusia-hospital-authority,West Volusia Hospital Authority,special_district,Volusia,https://westvolusiahospitalauthority.org,stebo@westvolusiahospitalauthority.org,(386) 626-4870,purpose=Health Care; independent; lga=Volusia County
sd-westchase-community-development-district,Westchase Community Development District,special_district,Hillsborough,https://westchasecdd.com,erin@emccormicklaw.com,(813) 873-7300,purpose=Community Development; independent; lga=Hillsborough County
sd-westchester-special-dependent-district,Westchester Special Dependent District,special_district,Hillsborough,https://westchestersdd.org,acohen@swflgovlaw.com,(941) 306-4730,purpose=Neighborhood Enhancement; dependent; lga=Hillsborough County
sd-westgate-belvedere-homes-community-redevelopment-agency,Westgate / Belvedere Homes Community Redevelopment Agency,special_district,Palm Beach,https://www.WestgateCRA.org,cgeraine@pbc.gov,(561) 640-8181,purpose=Community Redevelopment; dependent; lga=Palm Beach County
sd-westridge-community-development-district,Westridge Community Development District,special_district,Polk,https://westridgecdd.org,brizzetta@rizzetta.com,(813) 514-0400,purpose=Community Development; independent; lga=Polk County
sd-westside-community-development-district,Westside Community Development District,special_district,Osceola,https://www.westsidecdd.com,gflint@gmscfl.com,(407) 841-5524,purpose=Community Development; independent; lga=Osceola County
sd-westside-haines-city-community-development-district,Westside Haines City Community Development District,special_district,Polk,https://www.westsidehainescitycdd.com,jburns@gmscfl.com,(407) 841-5524,purpose=Community Development; independent; lga=Polk County
sd-westview-north-community-development-district,Westview North Community Development District,special_district,Miami-Dade,https://westviewnorthcdd.com,mpawelczyk@bclmr.com,(954) 764-7150,purpose=Community Development; independent; lga=Miami-Dade County
sd-westview-south-community-development-district,Westview South Community Development District,special_district,"Polk, Osceola",https://westviewsouthcdd.net,wrathellc@whhassociates.com,(561) 571-0010,purpose=Community Development; independent; lga=Osceola and Polk Counties
sd-westwood-occ-community-development-district,Westwood / OCC Community Development District,special_district,Orange,https://www.westwoodocc.com,michael.eckert@kutakrock.com,(850) 692-7300,purpose=Community Development; independent; lga=Orange County
sd-westwood-of-pasco-community-development-district,Westwood of Pasco Community Development District,special_district,Pasco,https://westwoodofpascocdd.ney,wrathellc@whhassociates.com,(561) 571-0010,purpose=Community Development; independent; lga=Pasco County
sd-whispering-pines-community-development-district,Whispering Pines Community Development District,special_district,Pasco,https://whisperingpinescdd.net,wrathellc@whhassociates.com,(561) 571-0010,purpose=Community Development; independent; lga=Pasco County
sd-white-clay-community-development-district,White Clay Community Development District,special_district,Polk,https://www.whiteclaycdd.com,jburns@gmscfl.com,(407) 841-5524,purpose=Community Development; independent; lga=City of Haines City
sd-wildblue-community-development-district,WildBlue Community Development District,special_district,Lee,https://wildbluecdd.net,wesley.haber@kutakrock.com,(850) 692-7300,purpose=Community Development; independent; lga=Lee County
sd-wilderness-coast-public-libraries,Wilderness Coast Public Libraries,special_district,"Franklin, Jefferson, Wakulla",https://www.wildernesscoast.org,courtney@wildernesscoast.org,(850) 997-7400,purpose=Library - Regional; independent; lga=Multi
sd-wildwood-community-redevelopment-agency,Wildwood Community Redevelopment Agency,special_district,Sumter,https://www.wildwood-fl.gov/bc-cra,ewolf@wildwood-fl.gov,(352) 330-1330,purpose=Community Redevelopment; dependent; lga=City of Wildwood
sd-wildwood-utility-dependent-district,Wildwood Utility Dependent District,special_district,Sumter,https://www.districtgov.org/yourdistrict/front.aspx?district=ww,kenneth.blocker@districtgov.org,(352) 751-3939,purpose=Utility Systems / Services; dependent; lga=City of Wildwood
sd-wilford-preserve-community-development-district,Wilford Preserve Community Development District,special_district,Clay,https://www.wilfordpreservecdd.com,wesley.haber@kutakrock.com,(850) 692-7300,purpose=Community Development; independent; lga=Clay County
sd-williams-community-development-district-number-five,Williams Community Development District Number Five,special_district,Polk,https://williamscdds.com,jburns@gmscfl.com,(407) 841-5524,purpose=Community Development; independent; lga=City of Lakeland
sd-williams-community-development-district-number-four,Williams Community Development District Number Four,special_district,Polk,https://williamscdds.com,jburns@gmscfl.com,(407) 841-5524,purpose=Community Development; independent; lga=City of Lakeland
sd-williams-community-development-district-number-one,Williams Community Development District Number One,special_district,Polk,https://williamscdds.com,jburns@gmscfl.com,(407) 841-5524,purpose=Community Development; independent; lga=City of Lakeland
sd-williams-community-development-district-number-seven,Williams Community Development District Number Seven,special_district,Polk,https://williamscdds.com,jburns@gmscfl.com,(407) 841-5524,purpose=Community Development; independent; lga=City of Lakeland
sd-williams-community-development-district-number-six,Williams Community Development District Number Six,special_district,Polk,https://williamscdds.com,jburns@gmscfl.com,(407) 841-5524,purpose=Community Development; independent; lga=City of Lakeland
sd-williams-community-development-district-number-three,Williams Community Development District Number Three,special_district,Polk,https://williamscdds.com,jburns@gmscfl.com,(407) 841-5524,purpose=Community Development; independent; lga=City of Lakeland
sd-williams-community-development-district-number-two,Williams Community Development District Number Two,special_district,Polk,https://williamscdds.com,jburns@gmscfl.com,(407) 841-5524,purpose=Community Development; independent; lga=City of Lakeland
sd-williston-community-redevelopment-agency,Williston Community Redevelopment Agency,special_district,Levy,https://www.willistonfl.org/community-redevelopment,city.planner@willistonfl.org,(352) 528-3060,purpose=Community Redevelopment; dependent; lga=City of Williston
sd-willow-creek-community-development-district,Willow Creek Community Development District,special_district,Brevard,https://www.willowcreekcdd.com,jlebrun@gmscfl.com,(407) 841-5524,purpose=Community Development; independent; lga=City of Titusville
sd-willow-creek-ii-community-development-district,Willow Creek II Community Development District,special_district,Brevard,https://www.willowcreek2cdd.com,jlebrun@gmscfl.com,(407) 841-5524,purpose=Community Development; independent; lga=City of Titusville
sd-willow-hammock-community-development-district,Willow Hammock Community Development District,special_district,Manatee,https://willowhammockcdd.net,wrathellc@whhassociates.com,(561) 571-0010,purpose=Community Development; independent; lga=Manatee County
sd-willow-walk-community-development-district,Willow Walk Community Development District,special_district,Manatee,https://willowwalkcdd.org,brizzetta@rizzetta.com,(813) 514-0400,purpose=Community Development; independent; lga=Manatee County
sd-willowbrook-community-development-district,Willowbrook Community Development District,special_district,Polk,https://www.willowbrookcdd.com,jburns@gmscfl.com,(407) 841-5524,purpose=Community Development; independent; lga=City of Winter Haven
sd-willows-community-development-district,Willows Community Development District,special_district,Manatee,https://www.willowscdd.net,tucker.mackie@kutakrock.com,(850) 692-7300,purpose=Community Development; independent; lga=Manatee County
sd-wilton-drive-improvement-district,Wilton Drive Improvement District,special_district,Broward,https://www.wiltonmanors.com/502/Wilton-Drive-Improvement-District,gwald@bclmr.com,(954) 764-7150,purpose=Business Improvement; dependent; lga=City of Wilton Manors
sd-wind-meadows-south-community-development-district,Wind Meadows South Community Development District,special_district,Polk,https://www.WindMeadowsSouthCDD.com,jburns@gmscfl.com,(407) 841-5524,purpose=Community Development; independent; lga=City of Bartow
sd-windemere-special-dependent-district,Windemere Special Dependent District,special_district,Hillsborough,https://www.windemeresdd.com,samlinguine@gmail.com,(813) 500-0202,purpose=Neighborhood Enhancement; dependent; lga=Hillsborough County
sd-windermere-tree-gardens-safe-neighborhood-improvement-district,Windermere / Tree Gardens Safe Neighborhood Improvement District,special_district,Broward,http://Duebytheendofthefirstfullfiscalyearaftercreation.,alfreda@cowardlaw.com,(954) 722-0836,purpose=Neighborhood Improvement - Local Gov.; dependent; lga=City of Lauderhill
sd-windermere-water-and-navigation-control-district,Windermere Water and Navigation Control District,special_district,Orange,https://www.ocfl.net/Home/SpecialDistricts/WindermereWaterandNavigationControlDistrict/tabid/3394/Default.aspx,kurt.petersen@ocfl.net,(407) 836-7390,purpose=Inland Navigation and Waterways; dependent; lga=Orange County
sd-winding-cypress-community-development-district,Winding Cypress Community Development District,special_district,Collier,https://www.windingcypresscdd.org,twodraska@sdsinc.org,(561) 630-4922,purpose=Community Development; independent; lga=Collier County
sd-winding-oaks-community-development-district,Winding Oaks Community Development District,special_district,Marion,https://www.windingoakscdd.net,wrathellc@whhassociates.com,(561) 571-0010,purpose=Community Development; independent; lga=City of Ocala
sd-windsor-at-westside-community-development-district,Windsor at Westside Community Development District,special_district,Osceola,https://www.windsoratwestsidecdd.com,sarah.sandy@kutakrock.com,(850) 692-7300,purpose=Community Development; independent; lga=Osceola County
sd-windsor-cay-community-development-district,Windsor Cay Community Development District,special_district,Lake,https://www.windsorcaycdd.com,gflint@gmscfl.com,(407) 841-5521,purpose=Community Development; independent; lga=Lake County
sd-windward-at-lakewood-ranch-community-development-district,Windward at Lakewood Ranch Community Development District,special_district,Sarasota,https://windwardatlakewoodranchcdd.com,wrathellc@whhassociates.com,(561) 571-0010,purpose=Community Development; independent; lga=Sarasota County
sd-windward-community-development-district,Windward Community Development District,special_district,Osceola,https://windwardcdd.com,jcarpenter@lathamluna.com,(407) 481-5800,purpose=Community Development; independent; lga=Osceola County
sd-windward-preserve-community-development-district,Windward Preserve Community Development District,special_district,Brevard,https://www.windwardpreservecdd.net,wrathellc@whhassociates.com,(561) 571-0010,purpose=Community Development; independent; lga=City of Cocoa
sd-winslow-s-point-community-development-district,Winslow's Point Community Development District,special_district,Polk,http://Duebytheendofthefirstfullfiscalyearaftercreation.,wrathellc@whhassociates.com,(561) 571-0010,purpose=Community Development; independent; lga=Polk County
sd-winston-trails-community-development-district-east,Winston Trails Community Development District (East),special_district,Palm Beach,https://www.winstontrailseastcdd.org,jpierman@sdsinc.org,(561) 630-4922,purpose=Community Development; independent; lga=Palm Beach County
sd-winter-garden-community-redevelopment-agency,Winter Garden Community Redevelopment Agency,special_district,Orange,https://www.cwgdn.com,mhutchinson@cwgdn.com,,purpose=Community Redevelopment; dependent; lga=City of Winter Garden
sd-winter-garden-village-at-fowler-groves-community-development-district,Winter Garden Village at Fowler Groves Community Development District,special_district,Orange,https://wgvcdd.com,gaarlandtj@pfm.com,(407) 723-5900,purpose=Community Development; independent; lga=City of Winter Garden
sd-winter-haven-housing-authority,Winter Haven Housing Authority,special_district,Polk,https://www.winterhavenhousing.com,lwatkins@winterhavenhousing.com,(863) 294-7369,purpose=Housing Authority; dependent; lga=City of Winter Haven
sd-winter-park-community-redevelopment-agency,Winter Park Community Redevelopment Agency,special_district,Orange,https://cityofwinterpark.org/departments/planning-community-dev,kdudgeon@cityofwinterpark.org,(407) 599-3217,purpose=Community Redevelopment; dependent; lga=City of Winter Park
sd-winter-park-housing-authority,Winter Park Housing Authority,special_district,Orange,https://www.winterparkha.com,thardaway@winterparkha.org,(407) 645-2869,purpose=Housing Authority; dependent; lga=City of Winter Park
sd-wiregrass-community-development-district,Wiregrass Community Development District,special_district,Pasco,https://wiregrasscdd.org,brizzetta@rizzetta.com,(813) 514-0400,purpose=Community Development; independent; lga=Pasco County
sd-wiregrass-ii-community-development-district,Wiregrass II Community Development District,special_district,Pasco,https://wiregrassiicdd.org,brizzetta@rizzetta.com,(813) 514-0400,purpose=Community Development; independent; lga=Pasco County
sd-withlacoochee-regional-water-supply-authority,Withlacoochee Regional Water Supply Authority,special_district,"Citrus, Hernando, Marion, Sumter",https://www.wrwsa.org,sfolsom@wrwsa.org,(352) 527-5795,purpose=Regional Water; independent; lga=Multi
sd-woodcreek-community-development-district,Woodcreek Community Development District,special_district,Pasco,https://woodcreekcdd.net,wrathellc@whhassociates.com,(561) 571-0010,purpose=Community Development; independent; lga=Pasco County
sd-woodland-crossing-community-development-district,Woodland Crossing Community Development District,special_district,Sumter,https://www.woodlandcrossingcdd.com,jburns@gmscfl.com,(407) 841-5524,purpose=Community Development; independent; lga=Sumter County
sd-woodland-preserve-community-development-district,Woodland Preserve Community Development District,special_district,Manatee,https://www.woodlandpreservecdd.com,jere.earlywine@kutakrock.com,(850) 692-7341,purpose=Community Development; independent; lga=Manatee County
sd-woodland-ranch-estates-community-development-district,Woodland Ranch Estates Community Development District,special_district,Polk,https://www.woodlandranchestatescdd.com,jburns@gmscfl.com,(407) 841-5524,purpose=Community Development; independent; lga=Town of Dundee
sd-woodlands-community-development-district-the,"Woodlands Community Development District, The",special_district,Sarasota,https://www.woodlandscdd.org,vbabbar@srvlegal.com,(813) 223-9400,purpose=Community Development; independent; lga=City of North Port
sd-woodlands-section-9-community-development-district,Woodlands Section 9 Community Development District,special_district,Broward,http://Duebytheendofthefirstfullfiscalyearaftercreation.,mpawelczyk@bclmr.com,(954) 764-7150,purpose=Community Development; independent; lga=City of Tamarac
sd-world-commerce-community-development-district,World Commerce Community Development District,special_district,St. Johns,https://worldcommercecdd.org,brizzetta@rizzetta.com,(813) 514-0400,purpose=Community Development; independent; lga=St. Johns County
sd-wyndam-park-community-development-district,Wyndam Park Community Development District,special_district,Palm Beach,https://www.wyndamparkcdd.org,mpawelczyk@bclmr.com,(954) 764-7150,purpose=Community Development; independent; lga=Palm Beach County
sd-wynnfield-lakes-community-development-district,Wynnfield Lakes Community Development District,special_district,Duval,https://www.wynnfieldlakescdd.com,dlaughlin@gmsnf.com,(904) 940-5850,purpose=Community Development; independent; lga=City of Jacksonville
sd-wynnmere-east-community-development-district,Wynnmere East Community Development District,special_district,Hillsborough,https://wynnmereeastcdd.com,brizzetta@rizzetta.com,(813) 514-0400,purpose=Community Development; independent; lga=Hillsborough County
sd-wynnmere-west-community-development-district,Wynnmere West Community Development District,special_district,Hillsborough,https://wynnmerewestcdd.com,michelle.rigoni@kutakrock.com,(850) 692-7300,purpose=Community Development; independent; lga=Hillsborough County
sd-wynwood-business-improvement-district,Wynwood Business Improvement District,special_district,Miami-Dade,https://wynwoodmiami.com,wk@wynwoodbid.com,(786) 615-8828,purpose=Business Improvement; dependent; lga=City of Miami
sd-xentury-city-community-development-district,Xentury City Community Development District,special_district,Osceola,https://www.xenturycitycdd.org,bob.koncar@inframark.com,(954) 603-0033,purpose=Community Development; independent; lga=Osceola County
sd-yarborough-lane-community-development-district,Yarborough Lane Community Development District,special_district,Polk,https://www.yarboroughlanecdd.com,jburns@gmscfl.com,(407) 841-5524,purpose=Community Development; independent; lga=Polk County
sd-yellow-river-soil-and-water-conservation-district,Yellow River Soil and Water Conservation District,special_district,Okaloosa,https://YellowRiverSoilandWater.org,yellowriverswcd@yahoo.com,,purpose=Soil and Water Conservation; independent; lga=Okaloosa County
sd-zephyr-lakes-community-development-district,Zephyr Lakes Community Development District,special_district,Pasco,https://www.zephyrlakescdd.org,jvericker@srvlegal.com,(813) 223-9400,purpose=Community Development; independent; lga=City of Zephyrhills
sd-zephyr-ridge-community-development-district,Zephyr Ridge Community Development District,special_district,Pasco,https://zephyrridgecdd.org,trobin@srvlegal.com,(813) 223-9400,purpose=Community Development; independent; lga=Pasco County
sd-zephyrhills-community-redevelopment-agency,Zephyrhills Community Redevelopment Agency,special_district,Pasco,https://www.ci.zephryhills.fl.us,ghamilton@ci.zephyrhills.fl.us,(813) 780-0000,purpose=Community Redevelopment; dependent; lga=City of Zephyrhills
co-alachua-county,Alachua County,county,Alachua,http://www.alachuacounty.us,,,US Census 2022 CoG | MFMP-registered (VIP org id 40000015)
co-baker-county,Baker County,county,Baker,http://www.bakercountyfl.org,,,US Census 2022 CoG
co-bay-county,Bay County,county,Bay,http://www.baycountyfl.gov,,,US Census 2022 CoG
co-bradford-county,Bradford County,county,Bradford,http://www.bradfordcountyfl.gov,,,US Census 2022 CoG
co-brevard-county,Brevard County,county,Brevard,http://www.brevardcounty.us,,,US Census 2022 CoG
co-broward-county,Broward County,county,Broward,http://www.broward.org,,,US Census 2022 CoG
co-calhoun-county,Calhoun County,county,Calhoun,,,,US Census 2022 CoG
co-charlotte-county,Charlotte County,county,Charlotte,http://www.charlottecountyfl.com,,,US Census 2022 CoG
co-citrus-county,Citrus County,county,Citrus,http://www.bocc.citrus.fl.us,,,US Census 2022 CoG
co-clay-county,Clay County,county,Clay,http://www.claycountygov.com/,,,US Census 2022 CoG
co-collier-county,Collier County,county,Collier,http://www.co.collier.fl.us/,,,US Census 2022 CoG
co-columbia-county,Columbia County,county,Columbia,http://www.columbiacountyfla.com/,,,US Census 2022 CoG
co-de-soto-county,De Soto County,county,De Soto,http://www.desotobocc.com,,,US Census 2022 CoG
co-dixie-county,Dixie County,county,Dixie,http://www.dixiecountyheartofthenaturecoast.com,,,US Census 2022 CoG
co-escambia-county,Escambia County,county,Escambia,http://www.co.escambia.fl.us/,,,US Census 2022 CoG
co-flagler-county,Flagler County,county,Flagler,http://www.flaglercounty.org/,,,US Census 2022 CoG
co-franklin-county,Franklin County,county,Franklin,http://www.franklincountyflorida.com,,,US Census 2022 CoG | MFMP-registered (VIP org id 50000014)
co-gadsden-county,Gadsden County,county,Gadsden,http://www.gadsdengov.net,,,US Census 2022 CoG | MFMP-registered (VIP org id 40000016)
co-gilchrist-county,Gilchrist County,county,Gilchrist,http://www.co.gilchrist.fl.us/,,,US Census 2022 CoG
co-glades-county,Glades County,county,Glades,http://www.myglades.com/,,,US Census 2022 CoG
co-gulf-county,Gulf County,county,Gulf,http://www.gulfcounty-fl.gov/CountyCommission.cfm,,,US Census 2022 CoG
co-hamilton-county,Hamilton County,county,Hamilton,http://www.hamiltoncountyflorida.com,,,US Census 2022 CoG
co-hardee-county,Hardee County,county,Hardee,http://WWW.HARDEECOUNTY.NET,,,US Census 2022 CoG
co-hendry-county,Hendry County,county,Hendry,http://www.hendryfla.net/,,,US Census 2022 CoG
co-hernando-county,Hernando County,county,Hernando,http://www.hernandocounty.us,,,US Census 2022 CoG
co-highlands-county,Highlands County,county,Highlands,http://www.hcbcc.net,,,US Census 2022 CoG
co-hillsborough-county,Hillsborough County,county,Hillsborough,http://www.hillsboroughcounty.org/,,,US Census 2022 CoG
co-holmes-county,Holmes County,county,Holmes,http://www.holmescountyfl.org,,,US Census 2022 CoG
co-indian-river-county,Indian River County,county,Indian River,http://www.ircgov.com,,,US Census 2022 CoG
co-jackson-county,Jackson County,county,Jackson,http://www.jacksoncountyfl.com/,,,US Census 2022 CoG | MFMP-registered (VIP org id 40000020)
co-jefferson-county,Jefferson County,county,Jefferson,http://www.co.jefferson.fl.us/,,,US Census 2022 CoG
co-lafayette-county,Lafayette County,county,Lafayette,,,,US Census 2022 CoG
co-lake-county,Lake County,county,Lake,http://www.lakecountyfl.gov,,,US Census 2022 CoG
co-lee-county,Lee County,county,Lee,http://www.leegov.com,,,US Census 2022 CoG
co-leon-county,Leon County,county,Leon,http://www.leoncountyfl.gov,,,US Census 2022 CoG
co-levy-county,Levy County,county,Levy,http://www.levycounty.org,,,US Census 2022 CoG
co-liberty-county,Liberty County,county,Liberty,http://www.libertybocc.com,,,US Census 2022 CoG
co-madison-county,Madison County,county,Madison,http://www.madisoncountyfl.com/,,,US Census 2022 CoG
co-manatee-county,Manatee County,county,Manatee,http://www.mymanatee.org,,,US Census 2022 CoG
co-marion-county,Marion County,county,Marion,http://www.marioncountyfl.org/,,,US Census 2022 CoG
co-martin-county,Martin County,county,Martin,http://www.martin.fl.us,,,US Census 2022 CoG
co-miami-dade-county,Miami-Dade County,county,Miami-Dade,http://miamidade.gov/,,,US Census 2022 CoG
co-monroe-county,Monroe County,county,Monroe,http://www.monroecountyfl.gov,,,US Census 2022 CoG
co-nassau-county,Nassau County,county,Nassau,http://www.nassaucountyfl.com,,,US Census 2022 CoG
co-okaloosa-county,Okaloosa County,county,Okaloosa,http://www.okaloosafl.com,,,US Census 2022 CoG
co-okeechobee-county,Okeechobee County,county,Okeechobee,,,,US Census 2022 CoG
co-orange-county,Orange County,county,Orange,http://www.ocfl.net,,,US Census 2022 CoG
co-osceola-county,Osceola County,county,Osceola,http://www.osceola.org/,,,US Census 2022 CoG
co-palm-beach-county,Palm Beach County,county,Palm Beach,http://www.pbcgov.org,,,US Census 2022 CoG
co-pasco-county,Pasco County,county,Pasco,http://www.portal.pascocountyfl.net,,,US Census 2022 CoG
co-pinellas-county,Pinellas County,county,Pinellas,http://www.pinellascounty.org,,,US Census 2022 CoG
co-polk-county,Polk County,county,Polk,http://www.polkcounty.net,,,US Census 2022 CoG
co-putnam-county,Putnam County,county,Putnam,http://www.putnamfl.com,,,US Census 2022 CoG
co-st-johns-county,St Johns County,county,St Johns,http://www.sjcfl.us,,,US Census 2022 CoG
co-st-lucie-county,St Lucie County,county,St Lucie,http://www.stlucieco.org,,,US Census 2022 CoG
co-santa-rosa-county,Santa Rosa County,county,Santa Rosa,http://www.santarosa.fl.gov,,,US Census 2022 CoG
co-sarasota-county,Sarasota County,county,Sarasota,http://www.scgov.net,,,US Census 2022 CoG
co-seminole-county,Seminole County,county,Seminole,http://www.seminolecountyfl.gov/,,,US Census 2022 CoG
co-sumter-county,Sumter County,county,Sumter,http://SUMTERCOUNTYFL.GOV,,,US Census 2022 CoG
co-suwannee-county,Suwannee County,county,Suwannee,http://www.suwcounty.org,,,US Census 2022 CoG
co-taylor-county,Taylor County,county,Taylor,http://www.taylorcountygov.com/,,,US Census 2022 CoG
co-union-county,Union County,county,Union,http://www.unioncountyfl.gov,,,US Census 2022 CoG
co-volusia-county,Volusia County,county,Volusia,http://volusia.org/,,,US Census 2022 CoG
co-wakulla-county,Wakulla County,county,Wakulla,,,,US Census 2022 CoG
co-walton-county,Walton County,county,Walton,http://www.co.walton.fl.us/,,,US Census 2022 CoG
co-washington-county,Washington County,county,Washington,http://www.washingtonfl.com/,,,US Census 2022 CoG
co-duval-county-city-of-jacksonville,Duval County / City of Jacksonville,county,Duval,https://www.coj.net,,,consolidated city-county; added by hand (absent from Census CoG county list)
mun-city-of-alachua,City of Alachua,municipality,Alachua,http://www.cityofalachua.com,mdaroza@cityofalachua.com,(386) 418-6100,Florida League of Cities directory
mun-town-of-alford,Town of Alford,municipality,Jackson,,clerk@alfordfl.com,(850) 579-4684,Florida League of Cities directory
mun-city-of-altamonte-springs,City of Altamonte Springs,municipality,Seminole,http://www.altamonte.org,aphillips@altamonte.org,(407) 571-8031,Florida League of Cities directory
mun-town-of-altha,Town of Altha,municipality,Calhoun,,clerk@townofaltha.com,(850) 762-3280,Florida League of Cities directory
mun-city-of-anna-maria,City of Anna Maria,municipality,Manatee,http://www.cityofannamaria.com,amadmin@cityofannamaria.com,(941) 708-6130,Florida League of Cities directory
mun-city-of-apalachicola,City of Apalachicola,municipality,Franklin,http://cityofapalachicola.com,scummings@cityofapalachicola.com,(850) 653-9319,Florida League of Cities directory
mun-city-of-apopka,City of Apopka,municipality,Orange,http://www.apopka.net,cityclerk@apopka.net,(407) 703-1700,Florida League of Cities directory
mun-city-of-arcadia,City of Arcadia,municipality,Desoto,http://www.arcadia-fl.gov,pdelaney@arcadia-fl.gov,(863) 494-4114,Florida League of Cities directory
mun-city-of-archer,City of Archer,municipality,Alachua,http://www.cityofarcher.com,administration@cityofarcher.com,(352) 495-2880,Florida League of Cities directory
mun-town-of-astatula,Town of Astatula,municipality,Lake,http://www.townofastatula.com,zteeters@astatula.org,(352) 742-1100,Florida League of Cities directory
mun-city-of-atlantic-beach,City of Atlantic Beach,municipality,Duval,http://www.coab.us,dbartle@coab.us,(904) 247-5800,Florida League of Cities directory
mun-city-of-atlantis,City of Atlantis,municipality,Palm Beach,http://www.atlantisfl.gov,cityhall@atlantisfl.gov,(561) 965-1744,Florida League of Cities directory
mun-city-of-auburndale,City of Auburndale,municipality,Polk,http://www.auburndalefl.com,cmo@auburndalefl.com,(863) 965-5530,Florida League of Cities directory
mun-city-of-aventura,City of Aventura,municipality,Miami-Dade,http://www.cityofaventura.com,bpegues@cityofaventura.com,(305) 466-8910,Florida League of Cities directory
mun-city-of-avon-park,City of Avon Park,municipality,Highlands,http://www.avonpark.city,chardman@avonpark.city,(863) 452-4400,Florida League of Cities directory
mun-village-of-bal-harbour,Village of Bal Harbour,municipality,Miami-Dade,http://www.balharbourfl.gov,manager@balharbourfl.gov,(305) 866-4633,Florida League of Cities directory
mun-town-of-baldwin,Town of Baldwin,municipality,Duval,http://www.baldwinfl.govoffice2.com,lhill@baldwinfl.com,(904) 266-5030,Florida League of Cities directory
mun-city-of-bartow,City of Bartow,municipality,Polk,http://www.cityofbartow.net,psams.cm@cityofbartow.net,(863) 534-0100,Florida League of Cities directory
mun-town-of-bascom,Town of Bascom,municipality,Jackson,,townofbascom@centurylink.net,(850) 569-2007,Florida League of Cities directory
mun-town-of-bay-harbor-islands,Town of Bay Harbor Islands,municipality,Miami-Dade,http://www.bayharborislands-fl.gov,yhamilton@bayharborislands-fl.gov,(305) 866-6241,Florida League of Cities directory
mun-city-of-bay-lake,City of Bay Lake,municipality,Orange,http://www.rcid.org/about/city-of-bay-lake/,shigginbotham@oversightdistrict.org,(407) 828-2241,Florida League of Cities directory
mun-town-of-bell,Town of Bell,municipality,Gilchrist,http://www.townofbellflorida.com,mrose@townofbellflorida.com,(352) 463-6288,Florida League of Cities directory
mun-city-of-belle-glade,City of Belle Glade,municipality,Palm Beach,http://www.bellegladegov.com,jfigueroa@belleglade-fl.com,(561) 996-0100,Florida League of Cities directory
mun-city-of-belle-isle,City of Belle Isle,municipality,Orange,https://www.belleislefl.gov/,yquiceno@belleislefl.gov,(407) 851-7730,Florida League of Cities directory
mun-town-of-belleair,Town of Belleair,municipality,Pinellas,http://www.townofbelleair.com,cnicole@townofbelleair.net,(727) 588-3769,Florida League of Cities directory
mun-city-of-belleair-beach,City of Belleair Beach,municipality,Pinellas,http://www.cityofbelleairbeach.com,renee.rose@cityofbelleairbeach.com,(727) 595-4646,Florida League of Cities directory
mun-city-of-belleair-bluffs,City of Belleair Bluffs,municipality,Pinellas,http://www.belleairbluffs.org,dsullivan@belleairbluffs-fl.gov,(727) 584-2151,Florida League of Cities directory
mun-town-of-belleair-shore,Town of Belleair Shore,municipality,Pinellas,http://www.belleairshore.com,clerk@belleairshore.com,(727) 593-9296,Florida League of Cities directory
mun-city-of-belleview,City of Belleview,municipality,Marion,http://www.belleviewfl.org,smckamey@belleviewfl.org,(352) 245-7021,Florida League of Cities directory
mun-town-of-beverly-beach,Town of Beverly Beach,municipality,Flagler,http://mybeverlybeach.org,obeverlybeacht@cfl.rr.com,(386) 439-6888,Florida League of Cities directory
mun-village-of-biscayne-park,Village of Biscayne Park,municipality,Miami-Dade,http://www.biscayneparkfl.gov,villageclerk@biscayneparkfl.gov,(305) 899-8000,Florida League of Cities directory
mun-city-of-blountstown,City of Blountstown,municipality,Calhoun,http://www.blountstownfl.govoffice3.com,cityhall@blountstown.org,(850) 674-5488,Florida League of Cities directory
mun-city-of-boca-raton,City of Boca Raton,municipality,Palm Beach,http://www.myboca.us,bocacm@ci.boca-raton.fl.us,(561) 393-7700,Florida League of Cities directory
mun-city-of-bonifay,City of Bonifay,municipality,Holmes,https://www.cityofbonifay.com/,cityhall@cityofbonifay.com,(850) 547-4238,Florida League of Cities directory
mun-city-of-bonita-springs,City of Bonita Springs,municipality,Lee,http://www.cityofbonitasprings.org,clerk@cityofbonitasprings.org,(239) 949-6262,Florida League of Cities directory
mun-city-of-bowling-green,City of Bowling Green,municipality,Hardee,http://www.bowlinggreenfl.org,cityclerk@bowlinggreenfl.org,(863) 375-2255,Florida League of Cities directory
mun-city-of-boynton-beach,City of Boynton Beach,municipality,Palm Beach,http://www.boynton-beach.org,cityclerk@bbfl.us,(561) 742-6000,Florida League of Cities directory
mun-city-of-bradenton,City of Bradenton,municipality,Manatee,http://www.cityofbradenton.com,cityclerk@cityofbradenton.com,(941) 932-9400,Florida League of Cities directory
mun-city-of-bradenton-beach,City of Bradenton Beach,municipality,Manatee,http://cityofbradentonbeach.com,tsanclemente@cityofbradentonbeach.com,(941) 778-1005,Florida League of Cities directory
mun-town-of-branford,Town of Branford,municipality,Suwannee,http://www.townofbranford.net,rickr@belleislefl.gov,(386) 935-1146,Florida League of Cities directory
mun-town-of-briny-breezes,Town of Briny Breezes,municipality,Palm Beach,https://brinybreezes.us/,sdubose@townofbrinybreezes-fl.gov,(561) 272-5495,Florida League of Cities directory
mun-city-of-bristol,City of Bristol,municipality,Liberty,http://www.cityofbristolflorida.org,cityofbristol@fairpoint.net,(850) 643-2261,Florida League of Cities directory
mun-town-of-bronson,Town of Bronson,municipality,Levy,https://www.townofbronson.org/,townmanager@townofbronson.org,(352) 486-2354,Florida League of Cities directory
mun-town-of-brooker,Town of Brooker,municipality,Bradford,http://townofbrooker.com,brooker1022@windstream.net,(352) 485-1022,Florida League of Cities directory
mun-city-of-brooksville,City of Brooksville,municipality,Hernando,http://www.cityofbrooksville.us,jbattista@cityofbrooksville.us,(352) 540-3810,Florida League of Cities directory
mun-city-of-bunnell,City of Bunnell,municipality,Flagler,http://www.bunnellcity.us,kbates@bunnellcity.us,(386) 437-7500,Florida League of Cities directory
mun-city-of-bushnell,City of Bushnell,municipality,Sumter,http://www.cityofbushnellfl.com,cdixon@cityofbushnellfl.com,(352) 793-2591,Florida League of Cities directory
mun-town-of-callahan,Town of Callahan,municipality,Nassau,http://www.townofcallahan-fl.gov,clerk@townofcallahan-fl.gov,(904) 879-3801,Florida League of Cities directory
mun-city-of-callaway,City of Callaway,municipality,Bay,http://www.cityofcallaway.com,mayor@cityofcallaway.com,(850) 871-6000,Florida League of Cities directory
mun-town-of-campbellton,Town of Campbellton,municipality,Jackson,,tc32426@bellsouth.net,(850) 263-4535,Florida League of Cities directory
mun-city-of-cape-canaveral,City of Cape Canaveral,municipality,Brevard,http://cityofcapecanaveral.org,info@cityofcapecanaveral.org,(321) 868-1220,Florida League of Cities directory
mun-city-of-cape-coral,City of Cape Coral,municipality,Lee,http://www.capecoral.net,cgriglin@capecoral.gov,(239) 574-0401,Florida League of Cities directory
mun-city-of-carrabelle,City of Carrabelle,municipality,Franklin,http://www.mycarrabelle.com,cityclerk@mycarrabelle.com,(850) 697-2727,Florida League of Cities directory
mun-town-of-caryville,Town of Caryville,municipality,Washington,,admin@caryvillefl.com,(850) 548-5571,Florida League of Cities directory
mun-city-of-casselberry,City of Casselberry,municipality,Seminole,http://www.casselberry.org,cityclerk@casselberry.org,(407) 262-7700,Florida League of Cities directory
mun-city-of-cedar-key,City of Cedar Key,municipality,Levy,http://www.cityofcedarkey.org,cityhall@cedarkeyfl.us,(352) 543-5132,Florida League of Cities directory
mun-city-of-center-hill,City of Center Hill,municipality,Sumter,http://www.sumtercountyfl.gov/544,cntrhill@embarqmail.com,(352) 793-4431,Florida League of Cities directory
mun-town-of-century,Town of Century,municipality,Escambia,https://www.townofcenturyflorida.com,mwalker@centuryflorida.us,(850) 256-3208,Florida League of Cities directory
mun-city-of-chattahoochee,City of Chattahoochee,municipality,Gadsden,http://www.chattgov.org,rpresnell@chattahoocheefl.gov,(850) 663-4046,Florida League of Cities directory
mun-city-of-chiefland,City of Chiefland,municipality,Levy,http://www.cityofchiefland.com,laura@chieflandfla.com,(352) 493-6711,Florida League of Cities directory
mun-city-of-chipley,City of Chipley,municipality,Washington,http://www.cityofchipley.com,cityhall@cityofchipley.com,(850) 638-6350,Florida League of Cities directory
mun-town-of-cinco-bayou,Town of Cinco Bayou,municipality,Okaloosa,http://www.cincobayou.com,keith@cincobayou.com,(850) 833-3405,Florida League of Cities directory
mun-city-of-clearwater,City of Clearwater,municipality,Pinellas,http://www.myclearwater.com,rosemarie.call@myclearwater.com,(727) 562-4092,Florida League of Cities directory | MFMP-registered (VIP org id 40000011)
mun-city-of-clermont,City of Clermont,municipality,Lake,http://www.clermontfl.gov,thowe@clermontfl.org,(352) 394-4081,Florida League of Cities directory
mun-city-of-clewiston,City of Clewiston,municipality,Hendry,http://www.clewiston-fl.gov,fransheska.berrios@clewiston-fl.gov,(863) 983-1484,Florida League of Cities directory
mun-town-of-cloud-lake,Town of Cloud Lake,municipality,Palm Beach,http://www.cloudlake.fl.us,townofcloudlake@msn.com,(561) 686-2815,Florida League of Cities directory
mun-city-of-cocoa,City of Cocoa,municipality,Brevard,http://www.cocoafl.org,cshealy@cocoafl.org,(321) 433-8800,Florida League of Cities directory
mun-city-of-cocoa-beach,City of Cocoa Beach,municipality,Brevard,http://www.cityofcocoabeach.com,keith.capizzi@cityofcocoabeach.com,(321) 868-3201,Florida League of Cities directory
mun-city-of-coconut-creek,City of Coconut Creek,municipality,Broward,http://www.coconutcreek.net,bhughes@coconutcreek.net,(954) 973-6770,Florida League of Cities directory
mun-city-of-coleman,City of Coleman,municipality,Sumter,http://www.cityofcolemanfl.com,ccityhall@cfl.rr.com,(352) 748-1017,Florida League of Cities directory
mun-city-of-cooper-city,City of Cooper City,municipality,Broward,http://www.coopercity.gov,coopercityhall@coopercity.gov,(954) 434-4300,Florida League of Cities directory
mun-city-of-coral-gables,City of Coral Gables,municipality,Miami-Dade,http://www.coralgables.com,coralgables@coralgables.com,(305) 446-6800,Florida League of Cities directory
mun-city-of-coral-springs,City of Coral Springs,municipality,Broward,http://www.coralsprings.gov,gelliott@coralsprings.gov,(954) 344-1065,Florida League of Cities directory
mun-city-of-cottondale,City of Cottondale,municipality,Jackson,http://cityofcottondale.net,info@cityofcottondale.net,(850) 352-4361,Florida League of Cities directory
mun-city-of-crescent-city,City of Crescent City,municipality,Putnam,http://www.crescentcity-fl.com,citymanager@crescentcity-fl.com,(386) 698-2525,Florida League of Cities directory
mun-city-of-crestview,City of Crestview,municipality,Okaloosa,http://www.cityofcrestview.org,leavinsj@cityofcrestview.org,(850) 682-1560,Florida League of Cities directory
mun-town-of-cross-city,Town of Cross City,municipality,Dixie,https://townofcrosscity.com/,citymanager@townofcrosscity.com,(352) 498-3306,Florida League of Cities directory
mun-city-of-crystal-river,City of Crystal River,municipality,Citrus,http://www.crystalriverfl.org,mfink@crystalriverfl.org,(352) 795-4216,Florida League of Cities directory
mun-town-of-cutler-bay,Town of Cutler Bay,municipality,Miami-Dade,http://www.cutlerbay-fl.gov,info@cutlerbay-fl.gov,(305) 234-4262,Florida League of Cities directory
mun-city-of-dade-city,City of Dade City,municipality,Pasco,http://www.dadecityfl.com,info@dadecityfl.com,(352) 523-5050,Florida League of Cities directory | MFMP-registered (VIP org id 50000017)
mun-city-of-dania-beach,City of Dania Beach,municipality,Broward,http://www.daniabeachfl.gov,tschneider@daniabeachfl.gov,(954) 924-6800,Florida League of Cities directory
mun-city-of-davenport,City of Davenport,municipality,Polk,http://www.mydavenport.org,rcastillo@mydavenport.org,(863) 419-3300,Florida League of Cities directory
mun-town-of-davie,Town of Davie,municipality,Broward,http://www.davie-fl.gov,richard_lemack@davie-fl.gov,(954) 797-1000,Florida League of Cities directory
mun-city-of-daytona-beach,City of Daytona Beach,municipality,Volusia,http://www.daytonabeach.gov,feacherderic@daytonabeach.gov,(386) 671-8000,Florida League of Cities directory
mun-city-of-daytona-beach-shores,City of Daytona Beach Shores,municipality,Volusia,http://www.dbshores.org,cschwab@cityofdbs.org,(386) 763-5353,Florida League of Cities directory
mun-city-of-debary,City of DeBary,municipality,Volusia,http://www.debary.org,ahatch@debary.org,(386) 668-2040,Florida League of Cities directory
mun-city-of-deerfield-beach,City of Deerfield Beach,municipality,Broward,http://www.deerfield-beach.com,web.clerk@deerfield-beach.com,(954) 480-4200,Florida League of Cities directory
mun-city-of-defuniak-springs,City of DeFuniak Springs,municipality,Walton,http://www.defuniaksprings.net,pwadmin@defuniaksprings.net,(850) 892-8500,Florida League of Cities directory
mun-city-of-deland,City of DeLand,municipality,Volusia,http://www.deland.org,pleusm@deland.org,(386) 626-7000,Florida League of Cities directory
mun-city-of-delray-beach,City of Delray Beach,municipality,Palm Beach,http://www.delraybeachfl.gov,cityclerk@mydelraybeach.com,(561) 243-7050,Florida League of Cities directory
mun-city-of-deltona,City of Deltona,municipality,Volusia,http://www.deltonafl.gov,jcox@deltonafl.gov,(386) 878-8100,Florida League of Cities directory
mun-city-of-destin,City of Destin,municipality,Okaloosa,http://www.cityofdestin.com,rbailey@cityofdestin.com,(850) 837-4242,Florida League of Cities directory
mun-city-of-doral,City of Doral,municipality,Miami-Dade,http://www.cityofdoral.com,cityclerk@cityofdoral.com,(305) 593-6725,Florida League of Cities directory
mun-town-of-dundee,Town of Dundee,municipality,Polk,http://www.townofdundee.com,kcassel@townofdundee.com,(863) 438-8330,Florida League of Cities directory
mun-city-of-dunedin,City of Dunedin,municipality,Pinellas,http://www.dunedingov.com,rschlichter@dunedinfl.net,(727) 298-3000,Florida League of Cities directory
mun-city-of-dunnellon,City of Dunnellon,municipality,Marion,http://www.dunnellon.org,modom@dunnellon.org,(352) 465-8500,Florida League of Cities directory
mun-city-of-eagle-lake,City of Eagle Lake,municipality,Polk,https://www.eaglelakefl.gov/,dwright@eaglelakefl.gov,(863) 293-4141,Florida League of Cities directory
mun-town-of-eatonville,Town of Eatonville,municipality,Orange,http://www.townofeatonville.org,vking@townofeatonville.org,(407) 623-8900,Florida League of Cities directory
mun-town-of-ebro,Town of Ebro,municipality,Washington,,townofebro@gmail.com,(850) 535-2842,Florida League of Cities directory
mun-city-of-edgewater,City of Edgewater,municipality,Volusia,http://www.cityofedgewater.org,sbergerson@cityofedgewater.org,(386) 424-2400,Florida League of Cities directory
mun-city-of-edgewood,City of Edgewood,municipality,Orange,http://www.edgewood-fl.gov,sriffle@edgewood-fl.gov,(407) 851-2920,Florida League of Cities directory
mun-village-of-el-portal,Village of El Portal,municipality,Miami-Dade,http://www.elportalvillage.com,villagemanager@villageofelportal.org,(305) 795-7880,Florida League of Cities directory
mun-village-of-estero,Village of Estero,municipality,Lee,http://estero-fl.gov,sarkozy@estero-fl.gov,(239) 221-5035,Florida League of Cities directory
mun-town-of-esto,Town of Esto,municipality,Holmes,http://www.estoflorida.com,estotownclerk@gmail.com,(850) 263-6521,Florida League of Cities directory
mun-city-of-eustis,City of Eustis,municipality,Lake,http://www.eustis.org,cityclerk@eustis.org,(352) 483-5430,Florida League of Cities directory
mun-city-of-everglades-city,City of Everglades City,municipality,Collier,https://www.cityofeverglades.org/,dsmallwood@cityofeverglades.org,(239) 695-3781,Florida League of Cities directory
mun-city-of-fanning-springs,City of Fanning Springs,municipality,Levy,http://www.fanningsprings.org,fanningspgs@gatorworks.com,(352) 463-2855,Florida League of Cities directory
mun-city-of-fellsmere,City of Fellsmere,municipality,Indian River,http://www.cityoffellsmere.org,cityclerk@cityoffellsmere.org,(772) 646-6301,Florida League of Cities directory
mun-city-of-fernandina-beach,City of Fernandina Beach,municipality,Nassau,http://www.fbfl.us,mbenischeck@fbfl.org,(904) 310-3103,Florida League of Cities directory
mun-city-of-flagler-beach,City of Flagler Beach,municipality,Flagler,http://www.cityofflaglerbeach.com,poverstreet@cityofflaglerbeach.com,(386) 517-2000,Florida League of Cities directory
mun-city-of-florida-city,City of Florida City,municipality,Miami-Dade,http://www.floridacityfl.gov,cityclerk@floridacityfl.gov,(305) 247-8221,Florida League of Cities directory
mun-city-of-fort-lauderdale,City of Fort Lauderdale,municipality,Broward,http://www.fortlauderdale.gov,dsoloman@fortlauderdale.gov,(954) 828-5000,Florida League of Cities directory
mun-city-of-fort-meade,City of Fort Meade,municipality,Polk,http://www.cityoffortmeade.com,mcannon@cityoffortmeade.com,(863) 285-1100,Florida League of Cities directory
mun-city-of-fort-myers,City of Fort Myers,municipality,Lee,https://fortmyers.gov/,citymanager@fortmyers.gov,(239) 321-7000,Florida League of Cities directory | MFMP-registered (VIP org id 50000008)
mun-town-of-fort-myers-beach,Town of Fort Myers Beach,municipality,Lee,http://www.fortmyersbeachfl.gov,amy@fmbgov.com,(239) 765-0202,Florida League of Cities directory
mun-city-of-fort-pierce,City of Fort Pierce,municipality,Saint Lucie,http://www.cityoffortpierce.com,lcox@cityoffortpierce.com,(772) 467-3065,Florida League of Cities directory
mun-city-of-fort-walton-beach,City of Fort Walton Beach,municipality,Okaloosa,http://www.fwb.org,lmcconnell@fwb.org,(850) 833-9500,Florida League of Cities directory
mun-town-of-fort-white,Town of Fort White,municipality,Columbia,http://fortwhitefl.com,clerk@fortwhitefl.com,(386) 497-2321,Florida League of Cities directory
mun-city-of-freeport,City of Freeport,municipality,Walton,http://www.freeportflorida.gov,cityclerk@freeportflorida.gov,(850) 835-2822,Florida League of Cities directory
mun-city-of-frostproof,City of Frostproof,municipality,Polk,http://www.cityoffrostproof.com,nmcdowell@cityoffrostproof.com,(863) 635-7855,Florida League of Cities directory
mun-city-of-fruitland-park,City of Fruitland Park,municipality,Lake,http://www.fruitlandpark.org,gkeough-johns@fruitlandpark.org,(352) 360-6727,Florida League of Cities directory
mun-city-of-gainesville,City of Gainesville,municipality,Alachua,http://www.cityofgainesville.org,citymgr@cityofgainesville.org,(352) 334-5010,Florida League of Cities directory
mun-town-of-glen-ridge,Town of Glen Ridge,municipality,Palm Beach,http://www.townofglenridgefl.com,glenridgetownof@bellsouth.net,(561) 697-8868,Florida League of Cities directory
mun-town-of-glen-saint-mary,Town of Glen Saint Mary,municipality,Baker,http://glenstmary.govoffice.com,glenstmary3777@glenstmary.org,(904) 259-3777,Florida League of Cities directory
mun-town-of-golden-beach,Town of Golden Beach,municipality,Miami-Dade,http://www.goldenbeach.us,lperez@goldenbeach.us,(305) 932-0744,Florida League of Cities directory
mun-village-of-golf,Village of Golf,municipality,Palm Beach,http://villageofgolf.org,dlynn@villageofgolf.org,(561) 732-0236,Florida League of Cities directory
mun-city-of-graceville,City of Graceville,municipality,Jackson,https://www.cityofgraceville.com/,gracevilleclerk@wfeca.net,(850) 263-3250,Florida League of Cities directory
mun-town-of-grand-ridge,Town of Grand Ridge,municipality,Jackson,,citymgr@grandridgefl.com,(850) 592-4621,Florida League of Cities directory
mun-town-of-grant-valkaria,Town of Grant-Valkaria,municipality,Brevard,http://www.grantvalkaria.org,clerk@grantvalkaria.org,(321) 951-1380,Florida League of Cities directory
mun-city-of-green-cove-springs,City of Green Cove Springs,municipality,Clay,http://www.greencovesprings.com,ewest@greencovesprings.com,(904) 297-7500,Florida League of Cities directory
mun-city-of-greenacres,City of Greenacres,municipality,Palm Beach,http://www.greenacresfl.gov,qmoorer@greenacresfl.gov,(561) 642-2000,Florida League of Cities directory
mun-town-of-greensboro,Town of Greensboro,municipality,Gadsden,http://greensboro-fl.com/,townofgreensboro@tds.net,(850) 442-6215,Florida League of Cities directory
mun-town-of-greenville,Town of Greenville,municipality,Madison,http://mygreenvillefl.com,clerk@mygreenvillefl.com,(850) 948-2251,Florida League of Cities directory
mun-town-of-greenwood,Town of Greenwood,municipality,Jackson,http://www.townofgreenwoodfl.org,townhall@townofgreenwoodfl.org,(850) 594-1216,Florida League of Cities directory
mun-city-of-gretna,City of Gretna,municipality,Gadsden,http://www.mygretna.com,info@mygretna.com,(850) 856-5257,Florida League of Cities directory
mun-city-of-groveland,City of Groveland,municipality,Lake,http://www.groveland-fl.gov,evelyn.wilson@groveland-fl.gov,(352) 437-9326,Florida League of Cities directory
mun-city-of-gulf-breeze,City of Gulf Breeze,municipality,Santa Rosa,http://cityofgulfbreeze.us,sabell@gulfbreezefl.gov,(850) 934-5115,Florida League of Cities directory
mun-town-of-gulf-stream,Town of Gulf Stream,municipality,Palm Beach,http://www.gulf-stream.org,gdunham@gulf-stream.org,(561) 276-5116,Florida League of Cities directory
mun-city-of-gulfport,City of Gulfport,municipality,Pinellas,http://www.mygulfport.us,tcarrico@mygulfport.us,(727) 893-1000,Florida League of Cities directory
mun-city-of-haines-city,City of Haines City,municipality,Polk,http://www.hainescity.com,sharon.lauther@hainescity.com,(863) 421-3600,Florida League of Cities directory
mun-city-of-hallandale-beach,City of Hallandale Beach,municipality,Broward,http://www.hallandalebeachfl.gov,cityclerkdl@hallandalebeachfl.gov,(954) 457-1489,Florida League of Cities directory
mun-city-of-hampton,City of Hampton,municipality,Bradford,http://www.hamptonfl.com,clerk@hamptonfl.gov,(352) 468-1201,Florida League of Cities directory
mun-town-of-havana,Town of Havana,municipality,Gadsden,http://www.townofhavana.com,manager@townofhavana.com,(850) 539-2820,Florida League of Cities directory
mun-town-of-haverhill,Town of Haverhill,municipality,Palm Beach,http://www.townofhaverhill-fl.gov,tstevens@townofhaverhill-fl.gov,(561) 689-0370,Florida League of Cities directory
mun-city-of-hawthorne,City of Hawthorne,municipality,Alachua,http://www.cityofhawthorne.net,lmcgruder@cityofhawthorne.net,(352) 481-2432,Florida League of Cities directory
mun-city-of-hialeah,City of Hialeah,municipality,Miami-Dade,http://www.hialeahfl.gov,cityclerk@hialeahfl.gov,(305) 883-5820,Florida League of Cities directory
mun-city-of-hialeah-gardens,City of Hialeah Gardens,municipality,Miami-Dade,http://www.cityofhialeahgardens.com,ydelacruz@cityofhialeahgardens.com,(305) 558-4114,Florida League of Cities directory
mun-city-of-high-springs,City of High Springs,municipality,Alachua,http://www.highsprings.us,astone@highsprings.us,(386) 454-1416,Florida League of Cities directory
mun-town-of-highland-beach,Town of Highland Beach,municipality,Palm Beach,http://www.highlandbeach.us,lgaskins@highlandbeach.us,(561) 278-4548,Florida League of Cities directory
mun-village-of-highland-park,Village of Highland Park,municipality,Polk,http://www.highlandpark-fl.org,highlandparkclerk@gmail.com,(863) 455-6518,Florida League of Cities directory
mun-town-of-hillcrest-heights,Town of Hillcrest Heights,municipality,Polk,,townofhillcrestheights@gmail.com,(863) 638-2732,Florida League of Cities directory
mun-town-of-hilliard,Town of Hilliard,municipality,Nassau,http://www.townofhilliard.com,lpurvis@townofhilliard.com,(904) 845-3555,Florida League of Cities directory
mun-town-of-hillsboro-beach,Town of Hillsboro Beach,municipality,Broward,http://www.townofhillsborobeach.com,shenderson@townofhillsborobeach.com,(954) 427-4011,Florida League of Cities directory
mun-city-of-holly-hill,City of Holly Hill,municipality,Volusia,http://www.hollyhillfl.org,vmanning@hollyhillfl.org,(386) 248-9441,Florida League of Cities directory
mun-city-of-hollywood,City of Hollywood,municipality,Broward,http://www.hollywoodfl.org,pcerny@hollywoodfl.org,(954) 921-3211,Florida League of Cities directory
mun-city-of-holmes-beach,City of Holmes Beach,municipality,Manatee,http://www.holmesbeachfl.org,cityclerk@holmesbeachfl.org,(941) 708-5800,Florida League of Cities directory
mun-city-of-homestead,City of Homestead,municipality,Miami-Dade,http://www.homesteadfl.gov,esewell@homesteadfl.gov,(305) 224-4442,Florida League of Cities directory
mun-town-of-horseshoe-beach,Town of Horseshoe Beach,municipality,Dixie,,hbtownclerk@outlook.com,(352) 498-5234,Florida League of Cities directory
mun-town-of-howey-in-the-hills,Town of Howey-in-the-Hills,municipality,Lake,http://www.howey.org,office@howey.org,(352) 324-2290,Florida League of Cities directory
mun-town-of-hypoluxo,Town of Hypoluxo,municipality,Palm Beach,http://www.hypoluxo.org,hypoluxo@hypoluxo.org,(561) 582-0155,Florida League of Cities directory
mun-town-of-indialantic,Town of Indialantic,municipality,Brevard,http://www.indialantic.com,townhall@indialantic.com,(321) 723-2242,Florida League of Cities directory
mun-village-of-indian-creek,Village of Indian Creek,municipality,Miami-Dade,https://www.indiancreekvillagefl.gov/,village@icvps.org,(305) 865-4121,Florida League of Cities directory
mun-city-of-indian-harbour-beach,City of Indian Harbour Beach,municipality,Brevard,http://www.indianharbourbeach.gov,jcoffey@indianharbourbeach.gov,(321) 773-3181,Florida League of Cities directory
mun-town-of-indian-river-shores,Town of Indian River Shores,municipality,Indian River,http://www.irshores.com,townclerk@irshores.com,(772) 231-1771,Florida League of Cities directory
mun-city-of-indian-rocks-beach,City of Indian Rocks Beach,municipality,Pinellas,http://www.indian-rocks-beach.com,lorink@irbcity.com,(727) 595-2517,Florida League of Cities directory
mun-town-of-indian-shores,Town of Indian Shores,municipality,Pinellas,http://www.myindianshores.com,info@myindianshores.com,(727) 595-4020,Florida League of Cities directory
mun-village-of-indiantown,Village of Indiantown,municipality,Martin,http://www.indiantownfl.gov,lmcbride@indiantownfl.gov,(772) 597-9900,Florida League of Cities directory
mun-town-of-inglis,Town of Inglis,municipality,Levy,http://townofinglis.org,townclerk@townofinglis.org,(352) 447-2203,Florida League of Cities directory
mun-town-of-interlachen,Town of Interlachen,municipality,Putnam,http://www.interlachen-fl.gov,jpayne@interlachen-fl.gov,(386) 684-3811,Florida League of Cities directory
mun-city-of-inverness,City of Inverness,municipality,Citrus,http://www.inverness-fl.gov,cityclerk@inverness-fl.gov,(352) 726-2611,Florida League of Cities directory
mun-village-of-islamorada-village-of-islands,"Village of Islamorada, Village of Islands",municipality,Monroe,http://www.islamorada.fl.us,clerk@islamorada.fl.us,(305) 664-6400,Florida League of Cities directory
mun-city-of-jacksonville,City of Jacksonville,municipality,Duval,http://www.coj.net,bowlingk@coj.net,(904) 630-1776,Florida League of Cities directory
mun-city-of-jacksonville-beach,City of Jacksonville Beach,municipality,Duval,http://www.jacksonvillebeach.org,mstaffopoulos@jaxbchfl.net,(904) 247-6268,Florida League of Cities directory
mun-city-of-jacob-city,City of Jacob City,municipality,Jackson,,clerk@jacobcityfl.org,(850) 263-6636,Florida League of Cities directory
mun-city-of-jasper,City of Jasper,municipality,Hamilton,http://www.jasper-fl.com,jaspercm@windstream.net,(386) 792-1212,Florida League of Cities directory
mun-town-of-jay,Town of Jay,municipality,Santa Rosa,http://www.townofjayfl.com,townclerk@townofjay.org,(850) 675-4556,Florida League of Cities directory
mun-town-of-jennings,Town of Jennings,municipality,Hamilton,,jhightower@jennings-fl.com,(386) 938-4131,Florida League of Cities directory
mun-town-of-juno-beach,Town of Juno Beach,municipality,Palm Beach,http://www.juno-beach.fl.us,junobeach@juno-beach.fl.us,(561) 626-1122,Florida League of Cities directory
mun-town-of-jupiter,Town of Jupiter,municipality,Palm Beach,http://www.jupiter.fl.us,frankk@jupiter.fl.us,(561) 746-5134,Florida League of Cities directory
mun-town-of-jupiter-inlet-colony,Town of Jupiter Inlet Colony,municipality,Palm Beach,http://www.jupiterinletcolony.gov,jicolony@bellsouth.net,(561) 746-3787,Florida League of Cities directory
mun-town-of-jupiter-island,Town of Jupiter Island,municipality,Martin,http://www.townofjupiterisland.com,rgarlo@tji.martin.fl.us,(772) 545-0100,Florida League of Cities directory
mun-town-of-kenneth-city,Town of Kenneth City,municipality,Pinellas,http://www.kennethcityfl.org,town57@kennethcityfl.org,(727) 498-8948,Florida League of Cities directory
mun-village-of-key-biscayne,Village of Key Biscayne,municipality,Miami-Dade,http://www.keybiscayne.fl.gov,manager@keybiscayne.fl.gov,(305) 365-5511,Florida League of Cities directory
mun-city-of-key-colony-beach,City of Key Colony Beach,municipality,Monroe,http://www.keycolonybeach.net,cityclerk@keycolonybeach.net,(305) 289-1212,Florida League of Cities directory
mun-city-of-key-west,City of Key West,municipality,Monroe,https://www.cityofkeywest-fl.gov/,csmith@cityofkeywest-fl.gov,(305) 809-3888,Florida League of Cities directory
mun-city-of-keystone-heights,City of Keystone Heights,municipality,Clay,http://www.keystoneheights.us,frontdesk@keystoneheights.us,(352) 473-4807,Florida League of Cities directory
mun-city-of-kissimmee,City of Kissimmee,municipality,Osceola,http://www.kissimmee.gov,mike.steiger@kissimmee.gov,(407) 847-2821,Florida League of Cities directory
mun-town-of-la-crosse,Town of La Crosse,municipality,Alachua,http://townoflacrosse.net,clerk@townoflacrosse.net,(386) 462-2784,Florida League of Cities directory
mun-city-of-labelle,City of LaBelle,municipality,Hendry,http://www.citylabelle.com,tiawarner@citylabelle.com,(863) 675-2872,Florida League of Cities directory
mun-town-of-lady-lake,Town of Lady Lake,municipality,Lake,http://www.ladylake.org,wlawrence@ladylake.org,(352) 751-1501,Florida League of Cities directory
mun-city-of-lake-alfred,City of Lake Alfred,municipality,Polk,http://www.mylakealfred.com,bhines@mylakealfred.com,(863) 291-5270,Florida League of Cities directory
mun-city-of-lake-buena-vista,City of Lake Buena Vista,municipality,Orange,http://www.rcid.org/About/City-of-Lake-Buena-Vista,a.iennaco@cityoflakebuenavistafl.gov,(689) 766-7406,Florida League of Cities directory
mun-city-of-lake-butler,City of Lake Butler,municipality,Union,http://www.cityoflakebutler.com,khayes@cityoflakebutler.com,(386) 496-3401,Florida League of Cities directory
mun-city-of-lake-city,City of Lake City,municipality,Columbia,http://www.lcfla.com,sikesa@lcfla.com,(386) 752-2031,Florida League of Cities directory
mun-town-of-lake-clarke-shores,Town of Lake Clarke Shores,municipality,Palm Beach,https://www.townoflcs.com/,dclark@lakeclarke.org,(561) 964-1515,Florida League of Cities directory
mun-town-of-lake-hamilton,Town of Lake Hamilton,municipality,Polk,http://www.townoflakehamilton.com,brittney@townoflakehamilton.com,(863) 439-1910,Florida League of Cities directory
mun-city-of-lake-helen,City of Lake Helen,municipality,Volusia,http://www.lakehelen.org,levett@lakehelen.org,(386) 228-2121,Florida League of Cities directory
mun-city-of-lake-mary,City of Lake Mary,municipality,Seminole,http://www.lakemaryfl.com,mailbox@lakemaryfl.com,(407) 585-1400,Florida League of Cities directory
mun-town-of-lake-park,Town of Lake Park,municipality,Palm Beach,http://www.lakeparkflorida.gov,vmendez@lakeparkflorida.gov,(561) 881-3300,Florida League of Cities directory
mun-town-of-lake-placid,Town of Lake Placid,municipality,Highlands,http://www.lakeplacidfl.net,townadmin@mylakeplacid.org,(863) 699-3747,Florida League of Cities directory
mun-city-of-lake-wales,City of Lake Wales,municipality,Polk,http://www.lakewalesfl.gov,jslaton@lakewalesfl.gov,(863) 678-4182,Florida League of Cities directory
mun-city-of-lake-worth-beach,City of Lake Worth Beach,municipality,Palm Beach,https://www.lakeworthbeachfl.gov/,mcoyne@lakeworthbeachfl.org,(561) 586-1600,Florida League of Cities directory
mun-city-of-lakeland,City of Lakeland,municipality,Polk,http://www.lakelandgov.net,kelly.koos@lakelandgov.net,(863) 834-6000,Florida League of Cities directory
mun-town-of-lantana,Town of Lantana,municipality,Palm Beach,http://www.lantana.org,kdominguez@lantana.org,(561) 540-5000,Florida League of Cities directory
mun-city-of-largo,City of Largo,municipality,Pinellas,http://www.largo.com,commission@largo.com,(727) 587-6700,Florida League of Cities directory
mun-city-of-lauderdale-lakes,City of Lauderdale Lakes,municipality,Broward,http://www.lauderdalelakes.org,veniceh@lauderdalelakes.org,(954) 535-2700,Florida League of Cities directory
mun-town-of-lauderdale-by-the-sea,Town of Lauderdale-By-The-Sea,municipality,Broward,http://www.lbts-fl.gov,townclerk@lbts-fl.gov,(954) 640-4200,Florida League of Cities directory
mun-city-of-lauderhill,City of Lauderhill,municipality,Broward,http://www.lauderhill-fl.gov,cityclerk@lauderhill-fl.gov,(954) 730-3010,Florida League of Cities directory
mun-city-of-laurel-hill,City of Laurel Hill,municipality,Okaloosa,,clhclerk@fairpoint.net,(850) 652-4441,Florida League of Cities directory
mun-city-of-lawtey,City of Lawtey,municipality,Bradford,,cityoflawtey@embarqmail.com,(904) 782-3454,Florida League of Cities directory
mun-city-of-layton,City of Layton,municipality,Monroe,http://cityoflayton.com,cityhall@cityoflayton.com,(305) 664-4667,Florida League of Cities directory
mun-village-of-lazy-lake,Village of Lazy Lake,municipality,Broward,http://www.lazylakefl.us,admin@lazylakefl.us,(954) 756-3155,Florida League of Cities directory
mun-town-of-lee,Town of Lee,municipality,Madison,http://www.leeflorida.org,leemanager@leeflorida.org,(850) 971-5867,Florida League of Cities directory
mun-city-of-leesburg,City of Leesburg,municipality,Lake,http://www.LeesburgFlorida.gov,citymanager@leesburgflorida.gov,(352) 728-9700,Florida League of Cities directory
mun-city-of-lighthouse-point,City of Lighthouse Point,municipality,Broward,http://www.lighthousepointfl.gov,ksims@lighthousepoint.com,(954) 943-6500,Florida League of Cities directory
mun-city-of-live-oak,City of Live Oak,municipality,Suwannee,http://cityofliveoak.org,jgill@cityofliveoak.org,(386) 362-2276,Florida League of Cities directory
mun-town-of-longboat-key,Town of Longboat Key,municipality,Sarasota,http://www.longboatkey.org,commission@longboatkey.org,(941) 316-1999,Florida League of Cities directory
mun-city-of-longwood,City of Longwood,municipality,Seminole,http://www.longwoodfl.org,cityhall@longwoodfl.org,(407) 260-3440,Florida League of Cities directory
mun-town-of-loxahatchee-groves,Town of Loxahatchee Groves,municipality,Palm Beach,http://www.loxahatcheegrovesfl.gov,lburch@loxahatcheegrovesfl.gov,(561) 793-2418,Florida League of Cities directory
mun-city-of-lynn-haven,City of Lynn Haven,municipality,Bay,http://www.cityoflynnhaven.com,cityhall@cityoflynnhaven.com,(850) 265-2121,Florida League of Cities directory
mun-city-of-macclenny,City of Macclenny,municipality,Baker,http://www.cityofmacclenny.com,citymanager@cityofmacclenny.com,(904) 259-6261,Florida League of Cities directory
mun-city-of-madeira-beach,City of Madeira Beach,municipality,Pinellas,http://www.madeirabeachfl.gov,cvanblargan@madeirabeachfl.gov,(727) 391-9951,Florida League of Cities directory
mun-city-of-madison,City of Madison,municipality,Madison,http://cityofmadisonfl.com,lee.anne.hall@cityofmadisonfl.com,(850) 973-5081,Florida League of Cities directory
mun-city-of-maitland,City of Maitland,municipality,Orange,http://www.itsmymaitland.com,lhollingsworth@maitlandfl.gov,(407) 539-6200,Florida League of Cities directory
mun-town-of-malabar,Town of Malabar,municipality,Brevard,http://townofmalabar.org,townclerk@townofmalabar.org,(321) 727-7764,Florida League of Cities directory
mun-town-of-malone,Town of Malone,municipality,Jackson,,malonetownhall@embarqmail.com,(850) 569-2308,Florida League of Cities directory
mun-town-of-manalapan,Town of Manalapan,municipality,Palm Beach,http://www.manalapan.org,townhall@manalapan.org,(561) 585-9477,Florida League of Cities directory
mun-town-of-mangonia-park,Town of Mangonia Park,municipality,Palm Beach,http://www.tompfl.com,info@tompfl.com,(561) 848-1235,Florida League of Cities directory
mun-city-of-marathon,City of Marathon,municipality,Monroe,http://www.ci.marathon.fl.us,cityofmarathon@ci.marathon.fl.us,(305) 743-0033,Florida League of Cities directory
mun-city-of-marco-island,City of Marco Island,municipality,Collier,http://www.cityofmarcoisland.com,jtaylor@cityofmarcoisland.com,(239) 389-5000,Florida League of Cities directory
mun-city-of-margate,City of Margate,municipality,Broward,http://www.margatefl.com,jjohnson@margatefl.com,(954) 972-6454,Florida League of Cities directory
mun-city-of-marianna,City of Marianna,municipality,Jackson,http://www.mariannafl.city,kapplewhite@mariannafl.city,(850) 482-4353,Florida League of Cities directory
mun-town-of-marineland,Town of Marineland,municipality,Flagler,,clerk@townofmarineland.org,(904) 461-4005,Florida League of Cities directory
mun-city-of-mary-esther,City of Mary Esther,municipality,Okaloosa,http://www.cityofmaryesther.com,aclk@cityofmaryesther.com,(850) 243-3566,Florida League of Cities directory
mun-city-of-mascotte,City of Mascotte,municipality,Lake,http://www.cityofmascotte.com,stephanie.abrams@cityofmascotte.com,(352) 557-8888,Florida League of Cities directory
mun-town-of-mayo,Town of Mayo,municipality,,,townmayoinfo@windstream.net,(386) 294-1551,Florida League of Cities directory
mun-town-of-mcintosh,Town of McIntosh,municipality,Marion,http://www.townofmcintosh.org,contact@townofmcintosh.org,(352) 591-1047,Florida League of Cities directory
mun-town-of-medley,Town of Medley,municipality,Miami-Dade,http://www.townofmedley.com,vmartinez@townofmedley.com,(305) 887-9541,Florida League of Cities directory
mun-city-of-melbourne,City of Melbourne,municipality,Brevard,http://www.melbourneflorida.org,city.hall@mlbfl.org,(321) 608-7000,Florida League of Cities directory
mun-town-of-melbourne-beach,Town of Melbourne Beach,municipality,Brevard,http://www.melbournebeachfl.org,office@melbournebeachfl.org,(321) 724-5860,Florida League of Cities directory
mun-town-of-melbourne-village,Town of Melbourne Village,municipality,Brevard,http://www.melbournevillage.org,town@melbournevillage.org,(321) 723-8300,Florida League of Cities directory
mun-city-of-mexico-beach,City of Mexico Beach,municipality,Bay,http://www.mexicobeachgov.com,c.truitt@mexicobeachfl.gov,(850) 648-5700,Florida League of Cities directory
mun-city-of-miami,City of Miami,municipality,Miami-Dade,https://www.miamigov.com/Home,communications@miamigov.com,(305) 250-5400,Florida League of Cities directory
mun-city-of-miami-beach,City of Miami Beach,municipality,Miami-Dade,http://www.miamibeachfl.gov,rafaelgranado@miamibeachfl.gov,(305) 673-7000,Florida League of Cities directory
mun-city-of-miami-gardens,City of Miami Gardens,municipality,Miami-Dade,http://www.miamigardens-fl.gov,vnelson@miamigardens-fl.gov,(305) 622-8000,Florida League of Cities directory
mun-town-of-miami-lakes,Town of Miami Lakes,municipality,Miami-Dade,http://www.miamilakes-fl.gov,inguanzog@miamilakes-fl.gov,(305) 364-6100,Florida League of Cities directory
mun-village-of-miami-shores-village,Village of Miami Shores Village,municipality,Miami-Dade,https://www.miamishoresvillage.com/,rodriguezy@msvfl.gov,(305) 795-2207,Florida League of Cities directory
mun-city-of-miami-springs,City of Miami Springs,municipality,Miami-Dade,http://www.miamisprings-fl.gov,gonzaleze@miamisprings-fl.gov,(305) 805-5006,Florida League of Cities directory
mun-miami-dade-county,Miami-Dade County,municipality,Miami-Dade,http://www.miamidade.gov,,(305) 375-5071,Florida League of Cities directory
mun-town-of-micanopy,Town of Micanopy,municipality,Alachua,https://micanopytown.com/,townhall@micanopytown.com,(352) 466-3121,Florida League of Cities directory
mun-city-of-midway,City of Midway,municipality,Gadsden,http://mymidwayfl.com,fharrell@midwayfl.com,(850) 574-2355,Florida League of Cities directory | MFMP-registered (VIP org id 50000013)
mun-city-of-milton,City of Milton,municipality,Santa Rosa,http://www.miltonfl.org,cityclerk@mymiltonflorida.com,(850) 983-5411,Florida League of Cities directory
mun-city-of-minneola,City of Minneola,municipality,Lake,http://www.minneola.us,kthompson@minneola.us,(352) 394-3598,Florida League of Cities directory
mun-city-of-miramar,City of Miramar,municipality,Broward,http://www.miramarfl.gov,clerksoffice@miramarfl.gov,(954) 602-3000,Florida League of Cities directory
mun-city-of-monticello,City of Monticello,municipality,Jefferson,http://www.cityofmonticello.us,cityclerk@mymonticello.net,(850) 342-0292,Florida League of Cities directory
mun-town-of-montverde,Town of Montverde,municipality,Lake,http://www.mymontverde.com,townhall@mymontverde.com,(407) 469-2681,Florida League of Cities directory | MFMP-registered (VIP org id 50000021)
mun-city-of-moore-haven,City of Moore Haven,municipality,Glades,http://www.moorehaven.org,ashleywills@moorehaven.org,(863) 946-0711,Florida League of Cities directory
mun-city-of-mount-dora,City of Mount Dora,municipality,Lake,http://ci.mount-dora.fl.us,handj@mountdora.gov,(352) 735-7100,Florida League of Cities directory
mun-city-of-mulberry,City of Mulberry,municipality,Polk,http://www.cityofmulberryfl.com,jgarcia@cityofmulberryfl.com,(863) 425-1125,Florida League of Cities directory
mun-city-of-naples,City of Naples,municipality,Collier,http://www.naplesgov.com,council1@naplesgov.com,(239) 213-1000,Florida League of Cities directory
mun-city-of-neptune-beach,City of Neptune Beach,municipality,Duval,http://ci.neptune-beach.fl.us,cm@nbfl.us,(904) 270-2400,Florida League of Cities directory
mun-city-of-new-port-richey,City of New Port Richey,municipality,Pasco,http://www.cityofnewportrichey.org,meyersj@cityofnewportrichey.org,(727) 853-1016,Florida League of Cities directory
mun-city-of-new-smyrna-beach,City of New Smyrna Beach,municipality,Volusia,http://www.cityofnsb.com,staylor-harding@cityofnsb.com,(386) 410-2600,Florida League of Cities directory
mun-city-of-newberry,City of Newberry,municipality,Alachua,http://www.newberryfl.gov,cityclerk@newberryfl.gov,(352) 472-2161,Florida League of Cities directory
mun-city-of-niceville,City of Niceville,municipality,Okaloosa,http://www.nicevillefl.gov,ddoucet@nicevillefl.gov,(850) 729-4008,Florida League of Cities directory
mun-town-of-noma,Town of Noma,municipality,Holmes,http://www.nomafl.com,nomatownhall@outlook.com,(850) 768-4632,Florida League of Cities directory
mun-city-of-north-bay-village,City of North Bay Village,municipality,Miami-Dade,http://www.northbayvillage-fl.gov,villageclerk@nbvillage.com,(305) 756-7171,Florida League of Cities directory
mun-city-of-north-lauderdale,City of North Lauderdale,municipality,Broward,http://www.nlauderdale.org,egbeckford@nlauderdale.org,(954) 722-0900,Florida League of Cities directory
mun-city-of-north-miami,City of North Miami,municipality,Miami-Dade,http://www.northmiamifl.gov,citymanager@northmiamifl.gov,(305) 893-6511,Florida League of Cities directory
mun-city-of-north-miami-beach,City of North Miami Beach,municipality,Miami-Dade,http://www.citynmb.com,nmbmgr@citynmb.com,(305) 947-7581,Florida League of Cities directory
mun-village-of-north-palm-beach,Village of North Palm Beach,municipality,Palm Beach,http://www.village-npb.org,jgreen@village-npb.org,(561) 841-3355,Florida League of Cities directory
mun-city-of-north-port,City of North Port,municipality,Sarasota,http://www.northportfl.gov,hfaust@northportfl.gov,(941) 429-7000,Florida League of Cities directory | MFMP-registered (VIP org id 50000019)
mun-town-of-north-redington-beach,Town of North Redington Beach,municipality,Pinellas,http://www.townofnorthredingtonbeach.com,nrb.fl@townofnorthredingtonbeach.com,(727) 391-4848,Florida League of Cities directory
mun-city-of-oak-hill,City of Oak Hill,municipality,Volusia,http://www.oakhillfl.gov,cityhall@oakhillfl.gov,(386) 345-3522,Florida League of Cities directory
mun-town-of-oakland,Town of Oakland,municipality,Orange,http://www.oaklandfl.gov,ehui@oaklandfl.gov,(407) 656-1117,Florida League of Cities directory
mun-city-of-oakland-park,City of Oakland Park,municipality,Broward,http://www.oaklandparkfl.gov,davidh@oaklandparkfl.gov,(954) 630-4200,Florida League of Cities directory
mun-city-of-ocala,City of Ocala,municipality,Marion,http://www.ocalafl.gov,cityhall@ocalafl.gov,(352) 629-2489,Florida League of Cities directory
mun-town-of-ocean-breeze,Town of Ocean Breeze,municipality,Martin,http://townofoceanbreeze.org/,townclerk@townofoceanbreeze.org,(772) 334-6826,Florida League of Cities directory
mun-town-of-ocean-ridge,Town of Ocean Ridge,municipality,Palm Beach,http://www.oceanridge.gov,info@oceanridge.gov,(561) 732-2635,Florida League of Cities directory
mun-city-of-ocoee,City of Ocoee,municipality,Orange,http://www.ocoee.org,sseaver@ocoee.org,(407) 905-3100,Florida League of Cities directory
mun-city-of-okeechobee,City of Okeechobee,municipality,Okeechobee,http://www.cityofokeechobee.com,gritter@cityofokeechobee.com,(863) 763-3372,Florida League of Cities directory
mun-city-of-oldsmar,City of Oldsmar,municipality,Pinellas,http://www.myoldsmar.com,fdonnelly@myoldsmar.com,(813) 749-1100,Florida League of Cities directory
mun-city-of-opa-locka,City of Opa-locka,municipality,Miami-Dade,http://www.opalockafl.gov,jflores@opalockafl.gov,(305) 953-2868,Florida League of Cities directory
mun-city-of-orange-city,City of Orange City,municipality,Volusia,http://www.orangecityfl.gov,cityclerk@orangecityfl.com,(386) 775-5400,Florida League of Cities directory
mun-town-of-orange-park,Town of Orange Park,municipality,Clay,http://www.townoforangepark.com,crusso@townop.com,(904) 264-9565,Florida League of Cities directory | MFMP-registered (VIP org id 50000000)
mun-town-of-orchid,Town of Orchid,municipality,Indian River,http://www.townoforchid.com,townmanager@townoforchid.com,(772) 581-2770,Florida League of Cities directory
mun-city-of-orlando,City of Orlando,municipality,Orange,http://www.orlando.gov,kevin.edmonds@cityoforlando.net,(407) 246-2251,Florida League of Cities directory
mun-city-of-ormond-beach,City of Ormond Beach,municipality,Volusia,http://www.ormondbeach.org,jessica.otero@ormondbeach.org,(386) 676-3200,Florida League of Cities directory
mun-town-of-otter-creek,Town of Otter Creek,municipality,Levy,,ottercreektownha@bellsouth.net,(352) 486-4766,Florida League of Cities directory
mun-city-of-oviedo,City of Oviedo,municipality,Seminole,http://www.cityofoviedo.net,bcobb@cityofoviedo.net,(407) 971-5555,Florida League of Cities directory
mun-city-of-pahokee,City of Pahokee,municipality,Palm Beach,http://www.cityofpahokee.com,nclarke@cityofpahokee.com,(561) 924-5534,Florida League of Cities directory
mun-city-of-palatka,City of Palatka,municipality,Putnam,http://www.palatka-fl.gov,clerk@palatka-fl.gov,(386) 329-0100,Florida League of Cities directory
mun-city-of-palm-bay,City of Palm Bay,municipality,Brevard,http://www.palmbayflorida.org,palmbay@palmbayflorida.org,(321) 952-3400,Florida League of Cities directory
mun-town-of-palm-beach,Town of Palm Beach,municipality,Palm Beach,http://www.townofpalmbeach.com,townmanager@townofpalmbeach.com,(561) 838-5400,Florida League of Cities directory
mun-city-of-palm-beach-gardens,City of Palm Beach Gardens,municipality,Palm Beach,http://www.pbgfl.com,psnider@pbgfl.com,(561) 799-4100,Florida League of Cities directory
mun-town-of-palm-beach-shores,Town of Palm Beach Shores,municipality,Palm Beach,http://www.palmbeachshoresfl.us,news@pbstownhall.org,(561) 844-3457,Florida League of Cities directory
mun-city-of-palm-coast,City of Palm Coast,municipality,Flagler,http://www.palmcoastgov.com,kiannotti@palmcoastgov.com,(386) 986-2360,Florida League of Cities directory
mun-town-of-palm-shores,Town of Palm Shores,municipality,Brevard,http://www.townofpalmshores.org,mayor@townofpalmshores.org,(321) 242-4555,Florida League of Cities directory
mun-village-of-palm-springs,Village of Palm Springs,municipality,Palm Beach,http://www.vpsfl.org,kwynn@vpsfl.org,(561) 584-8200,Florida League of Cities directory
mun-city-of-palmetto,City of Palmetto,municipality,Manatee,http://www.palmettofl.org,jfreeman@palmettofl.org,(941) 723-4570,Florida League of Cities directory
mun-village-of-palmetto-bay,Village of Palmetto Bay,municipality,Miami-Dade,http://www.palmettobay-fl.gov,marocha@palmettobay-fl.gov,(305) 259-1234,Florida League of Cities directory
mun-city-of-panama-city,City of Panama City,municipality,Bay,http://www.panamacity.gov,citymanager@panamacity.gov,(850) 872-3010,Florida League of Cities directory
mun-city-of-panama-city-beach,City of Panama City Beach,municipality,Bay,http://www.pcbfl.gov,stuart.tettemer@pcbfl.gov,(850) 233-5100,Florida League of Cities directory
mun-city-of-parker,City of Parker,municipality,Bay,http://www.cityofparker.com,clerk@cityofparker.com,(850) 871-4104,Florida League of Cities directory
mun-city-of-parkland,City of Parkland,municipality,Broward,http://www.cityofparkland.org,nmorando@cityofparkland.org,(954) 753-5040,Florida League of Cities directory
mun-city-of-paxton,City of Paxton,municipality,Walton,https://paxtonfl.net/,jwilliams@paxtonfl.net,(850) 834-2489,Florida League of Cities directory
mun-town-of-pembroke-park,Town of Pembroke Park,municipality,Broward,http://www.townofpembrokepark.com,townclerk@tppfl.gov,(954) 966-4600,Florida League of Cities directory
mun-city-of-pembroke-pines,City of Pembroke Pines,municipality,Broward,http://www.ppines.com,krichards@ppines.com,(954) 450-1060,Florida League of Cities directory
mun-town-of-penney-farms,Town of Penney Farms,municipality,Clay,http://www.penneyfarmsfl.org,penneyfarms@bellsouth.net,(904) 529-9078,Florida League of Cities directory
mun-city-of-pensacola,City of Pensacola,municipality,Escambia,http://www.cityofpensacola.com,eburnett@cityofpensacola.com,(850) 435-1606,Florida League of Cities directory
mun-city-of-perry,City of Perry,municipality,Taylor,https://www.cityofperry.net/,hr@cityofperry.net,(850) 584-7161,Florida League of Cities directory
mun-town-of-pierson,Town of Pierson,municipality,Volusia,http://www.townofpierson.org,info@townofpierson.org,(386) 749-2661,Florida League of Cities directory
mun-village-of-pinecrest,Village of Pinecrest,municipality,Miami-Dade,http://www.pinecrest-fl.gov,clerk@pinecrest-fl.gov,(305) 234-2121,Florida League of Cities directory
mun-city-of-pinellas-park,City of Pinellas Park,municipality,Pinellas,http://www.pinellas-park.com,bdiebold@pinellas-park.com,(727) 369-0619,Florida League of Cities directory
mun-city-of-plant-city,City of Plant City,municipality,Hillsborough,http://www.plantcitygov.com,jnavarro@plantcitygov.com,(813) 659-4257,Florida League of Cities directory
mun-city-of-plantation,City of Plantation,municipality,Broward,http://www.plantation.org,abeggerow@plantation.org,(954) 797-2200,Florida League of Cities directory
mun-city-of-polk-city,City of Polk City,municipality,Polk,http://www.mypolkcity.org,patricia.jackson@mypolkcity.org,(863) 984-1375,Florida League of Cities directory
mun-town-of-pomona-park,Town of Pomona Park,municipality,Putnam,http://pomonapark.com,townclerk@pomonapark.com,(386) 649-4902,Florida League of Cities directory
mun-city-of-pompano-beach,City of Pompano Beach,municipality,Broward,http://www.pompanobeachfl.gov,shelley.bartholomew@copbfl.com,(954) 786-4601,Florida League of Cities directory
mun-town-of-ponce-de-leon,Town of Ponce De Leon,municipality,Holmes,,townpdl@gmail.com,(850) 836-4361,Florida League of Cities directory
mun-town-of-ponce-inlet,Town of Ponce Inlet,municipality,Volusia,http://www.ponce-inlet.org,mdisher@ponce-inlet.org,(386) 236-2150,Florida League of Cities directory
mun-city-of-port-orange,City of Port Orange,municipality,Volusia,http://www.port-orange.org,wclark@port-orange.org,(386) 506-5563,Florida League of Cities directory
mun-city-of-port-richey,City of Port Richey,municipality,Pasco,http://www.cityofportrichey.com,a.mcdonough@cityofportrichey.gov,(727) 816-1900,Florida League of Cities directory
mun-city-of-port-st-joe,City of Port St. Joe,municipality,Gulf,http://www.cityofportstjoe.com,janderson@psj.fl.gov,(850) 229-8261,Florida League of Cities directory
mun-city-of-port-st-lucie,City of Port St. Lucie,municipality,Saint Lucie,http://www.cityofpsl.com,deliam@cityofpsl.com,(772) 871-5163,Florida League of Cities directory
mun-city-of-punta-gorda,City of Punta Gorda,municipality,Charlotte,http://www.ci.punta-gorda.fl.us,pgclerk@pgorda.us,(941) 575-3369,Florida League of Cities directory
mun-city-of-quincy,City of Quincy,municipality,Gadsden,http://www.myquincy.net,jbrunson@myquincy.net,(850) 618-0020,Florida League of Cities directory
mun-town-of-raiford,Town of Raiford,municipality,,,townofraiford@windstream.net,(386) 431-1144,Florida League of Cities directory
mun-town-of-reddick,Town of Reddick,municipality,Marion,http://www.townofreddick.com,townofreddick@windstream.net,(352) 591-4095,Florida League of Cities directory
mun-town-of-redington-beach,Town of Redington Beach,municipality,Pinellas,http://www.townofredingtonbeach.com,townclerk@townofredingtonbeach.com,(727) 391-3875,Florida League of Cities directory
mun-town-of-redington-shores,Town of Redington Shores,municipality,Pinellas,http://www.townofredingtonshores.com,info@townofredingtonshores.com,(727) 397-5538,Florida League of Cities directory
mun-city-of-riviera-beach,City of Riviera Beach,municipality,Palm Beach,http://www.rivierabch.com,jevans@rivierabeach.org,(561) 845-4000,Florida League of Cities directory
mun-city-of-rockledge,City of Rockledge,municipality,Brevard,http://www.cityofrockledge.org,jlevasseur@cityofrockledge.org,(321) 221-7540,Florida League of Cities directory
mun-village-of-royal-palm-beach,Village of Royal Palm Beach,municipality,Palm Beach,http://www.royalpalmbeachfl.gov,rliggins@royalpalmbeachfl.gov,(561) 790-5100,Florida League of Cities directory
mun-city-of-safety-harbor,City of Safety Harbor,municipality,Pinellas,http://www.cityofsafetyharbor.com,rtelesca@cityofsafetyharbor.com,(727) 724-1555,Florida League of Cities directory
mun-city-of-san-antonio,City of San Antonio,municipality,Pasco,http://www.sanantonioflorida.org,cityclerk@sanantonioflorida.org,(352) 588-2127,Florida League of Cities directory
mun-city-of-sanford,City of Sanford,municipality,Seminole,http://www.sanfordfl.gov,nbonaparte@sanfordfl.gov,(407) 688-5000,Florida League of Cities directory
mun-city-of-sanibel,City of Sanibel,municipality,Lee,http://www.mysanibel.com,sancouncil@mysanibel.com,(239) 472-3700,Florida League of Cities directory
mun-city-of-sarasota,City of Sarasota,municipality,Sarasota,http://www.sarasotafl.gov,shayla.griggs@sarasotafl.gov,(941) 365-2200,Florida League of Cities directory
mun-city-of-satellite-beach,City of Satellite Beach,municipality,Brevard,http://www.satellitebeachfl.org,sosmer@satellitebeach.org,(321) 773-4407,Florida League of Cities directory
mun-village-of-sea-ranch-lakes,Village of Sea Ranch Lakes,municipality,Broward,http://www.searanchlakesfl.org,spaton@vsrl.us,(954) 943-8862,Florida League of Cities directory
mun-city-of-sebastian,City of Sebastian,municipality,Indian River,http://www.cityofsebastian.org,city@cityofsebastian.org,(772) 589-5330,Florida League of Cities directory
mun-city-of-sebring,City of Sebring,municipality,Highlands,http://www.mysebring.com,kathyhaley@mysebring.com,(863) 471-5100,Florida League of Cities directory
mun-city-of-seminole,City of Seminole,municipality,Pinellas,http://www.myseminole.com,atoneydeal@myseminole.com,(727) 391-0204,Florida League of Cities directory
mun-town-of-sewall-s-point,Town of Sewall's Point,municipality,Martin,http://www.sewallspoint.org,rdaniels@sewallspoint.org,(772) 287-2455,Florida League of Cities directory
mun-town-of-shalimar,Town of Shalimar,municipality,Okaloosa,http://www.shalimarflorida.org,clerk@shalimarflorida.org,(850) 651-5723,Florida League of Cities directory
mun-town-of-sneads,Town of Sneads,municipality,Jackson,http://www.sneadsfl.com,info@sneadsfl.com,(850) 593-6636,Florida League of Cities directory
mun-city-of-sopchoppy,City of Sopchoppy,municipality,Wakulla,http://www.sopchoppy.org,ashley.schilling@sopchoppy.org,(850) 962-4611,Florida League of Cities directory
mun-city-of-south-bay,City of South Bay,municipality,Palm Beach,http://www.southbaycity.com,sbcityclerk@southbaycity.com,(561) 996-6751,Florida League of Cities directory
mun-city-of-south-daytona,City of South Daytona,municipality,Volusia,http://www.southdaytona.org,bwitte@southdaytona.org,(386) 322-3000,Florida League of Cities directory
mun-city-of-south-miami,City of South Miami,municipality,Miami-Dade,http://www.southmiamifl.gov,npayne@southmiamifl.gov,(305) 663-6340,Florida League of Cities directory
mun-town-of-south-palm-beach,Town of South Palm Beach,municipality,Palm Beach,http://www.southpalmbeach.com,ydavenport@southpalmbeach.com,(561) 588-8889,Florida League of Cities directory
mun-city-of-south-pasadena,City of South Pasadena,municipality,Pinellas,http://mysouthpasadena.com,cityhall@mysouthpasadena.com,(727) 347-4171,Florida League of Cities directory
mun-town-of-southwest-ranches,Town of Southwest Ranches,municipality,Broward,http://www.southwestranches.org,rmuniz@southwestranches.org,(954) 434-0008,Florida League of Cities directory
mun-city-of-springfield,City of Springfield,municipality,Bay,https://www.springfieldfl.net/,rhammond@springfield.fl.gov,(850) 872-7570,Florida League of Cities directory
mun-city-of-st-augustine,City of St. Augustine,municipality,Saint Johns,http://www.CityStAug.com,cosa@citystaug.com,(904) 825-1006,Florida League of Cities directory
mun-city-of-st-augustine-beach,City of St. Augustine Beach,municipality,Saint Johns,http://www.staugbch.com,sabadmin@cityofsab.org,(904) 471-2122,Florida League of Cities directory
mun-city-of-st-cloud,City of St. Cloud,municipality,Osceola,http://www.stcloudfl.gov,citymanager@stcloudfl.gov,(407) 957-7300,Florida League of Cities directory
mun-town-of-st-leo,Town of St. Leo,municipality,Pasco,http://www.townofstleo.org,townclerk@townofstleo.org,(352) 588-2622,Florida League of Cities directory
mun-town-of-st-lucie-village,Town of St. Lucie Village,municipality,Saint Lucie,http://stlucievillagefl.gov,paulette.burgess@stlucievillagefl.gov,(772) 295-7174,Florida League of Cities directory
mun-city-of-st-marks,City of St. Marks,municipality,Wakulla,http://www.cityofstmarks.com,kgatewood@cityofstmarks.com,(850) 925-6224,Florida League of Cities directory
mun-city-of-st-pete-beach,City of St. Pete Beach,municipality,Pinellas,http://www.stpetebeach.org,cityclerk@stpetebeach.org,(727) 363-9220,Florida League of Cities directory
mun-city-of-st-petersburg,City of St. Petersburg,municipality,Pinellas,http://www.stpete.org,chandrahasa.srinivasa@stpete.org,(727) 893-7171,Florida League of Cities directory | MFMP-registered (VIP org id 50000004)
mun-city-of-starke,City of Starke,municipality,Bradford,http://www.cityofstarke.org,dmullins@cityofstarke.org,(904) 964-5027,Florida League of Cities directory
mun-city-of-stuart,City of Stuart,municipality,Martin,http://cityofstuart.us,mkindel@ci.stuart.fl.us,(772) 288-5312,Florida League of Cities directory
mun-city-of-sunny-isles-beach,City of Sunny Isles Beach,municipality,Miami-Dade,http://www.sibfl.net,ssimpson@sibfl.net,(305) 792-1776,Florida League of Cities directory
mun-city-of-sunrise,City of Sunrise,municipality,Broward,http://www.sunrisefl.gov,mlubelski@sunrisefl.gov,(954) 741-2580,Florida League of Cities directory
mun-town-of-surfside,Town of Surfside,municipality,Miami-Dade,http://www.townofsurfsidefl.gov,smccready@townofsurfsidefl.gov,(305) 861-4863,Florida League of Cities directory
mun-city-of-sweetwater,City of Sweetwater,municipality,Miami-Dade,http://www.cityofsweetwater.fl.gov,cgarcia@cityofsweetwater.fl.gov,(305) 221-0411,Florida League of Cities directory
mun-city-of-tallahassee,City of Tallahassee,municipality,Leon,http://www.talgov.com,jim.cooke@talgov.com,(850) 891-8200,Florida League of Cities directory
mun-city-of-tamarac,City of Tamarac,municipality,Broward,http://www.tamarac.org,cityclerk@tamarac.org,(954) 597-3505,Florida League of Cities directory
mun-city-of-tampa,City of Tampa,municipality,Hillsborough,http://www.tampagov.net,ian.whitney@tampagov.net,(813) 274-8016,Florida League of Cities directory
mun-city-of-tarpon-springs,City of Tarpon Springs,municipality,Pinellas,http://www.ctsfl.us,boc@ctsfl.us,(727) 938-3711,Florida League of Cities directory
mun-city-of-tavares,City of Tavares,municipality,Lake,http://www.tavares.org,susie.novak@tavaresfl.gov,(352) 742-6209,Florida League of Cities directory
mun-city-of-temple-terrace,City of Temple Terrace,municipality,Hillsborough,http://www.templeterrace.gov,lsader@templeterrace.gov,(813) 506-6400,Florida League of Cities directory
mun-village-of-tequesta,Village of Tequesta,municipality,Palm Beach,http://www.tequesta.org,lmcwilliams@tequesta.org,(561) 768-0700,Florida League of Cities directory
mun-city-of-titusville,City of Titusville,municipality,Brevard,http://www.titusville.com,virginia.blaylock@titusville.com,(321) 567-3686,Florida League of Cities directory
mun-city-of-treasure-island,City of Treasure Island,municipality,Pinellas,http://www.mytreasureisland.org,cityhall@mytreasureisland.org,(727) 547-4575,Florida League of Cities directory
mun-city-of-trenton,City of Trenton,municipality,Gilchrist,http://www.trentonflorida.org,citymanager@trentonflorida.org,(352) 463-4000,Florida League of Cities directory
mun-city-of-umatilla,City of Umatilla,municipality,Lake,http://www.umatillafl.org,jburnham@umatillafl.org,(352) 669-3125,Florida League of Cities directory
mun-city-of-valparaiso,City of Valparaiso,municipality,Okaloosa,http://www.valp.org,cityclerk@valp.org,(850) 729-5402,Florida League of Cities directory
mun-city-of-venice,City of Venice,municipality,Sarasota,http://www.venicegov.com,jclinch@venicefl.gov,(941) 486-2626,Florida League of Cities directory
mun-city-of-vernon,City of Vernon,municipality,Washington,http://www.vernonflorida.net,clerk@vernonfl.com,(850) 535-2444,Florida League of Cities directory
mun-city-of-vero-beach,City of Vero Beach,municipality,Indian River,http://www.covb.org,cityclrk@covb.org,(772) 978-5151,Florida League of Cities directory
mun-village-of-virginia-gardens,Village of Virginia Gardens,municipality,Miami-Dade,http://www.virginiagardens-fl.gov,mfernandez@virginiagardens-fl.gov,(305) 871-6104,Florida League of Cities directory
mun-city-of-waldo,City of Waldo,municipality,Alachua,http://waldo-fl.com,kim@waldo-fl.com,(352) 468-1001,Florida League of Cities directory
mun-city-of-wauchula,City of Wauchula,municipality,Hardee,http://www.cityofwauchula.com,scamacho@cityofwauchula.com,(863) 773-3131,Florida League of Cities directory
mun-town-of-wausau,Town of Wausau,municipality,Washington,http://www.wausauflorida.net,townofwausau@bellsouth.net,(850) 638-1781,Florida League of Cities directory
mun-city-of-webster,City of Webster,municipality,Sumter,http://www.websterfl.com/,cityhall@websterfl.com,(352) 793-2073,Florida League of Cities directory
mun-town-of-welaka,Town of Welaka,municipality,Putnam,http://www.welaka-fl.gov,townclerk@welaka-fl.gov,(386) 467-9800,Florida League of Cities directory
mun-village-of-wellington,Village of Wellington,municipality,Palm Beach,http://www.wellingtonfl.gov,chall@wellingtonfl.gov,(561) 791-4000,Florida League of Cities directory
mun-city-of-west-melbourne,City of West Melbourne,municipality,Brevard,http://www.westmelbourne.gov,info@westmelbourne.gov,(321) 837-7771,Florida League of Cities directory
mun-city-of-west-miami,City of West Miami,municipality,Miami-Dade,http://www.cityofwestmiamifl.com,esilra@cityofwestmiami.org,(305) 266-1122,Florida League of Cities directory
mun-city-of-west-palm-beach,City of West Palm Beach,municipality,Palm Beach,http://www.wpb.org,fjohnson@wpb.org,(561) 822-1400,Florida League of Cities directory
mun-city-of-west-park,City of West Park,municipality,Broward,http://www.cityofwestpark.org,info@cityofwestpark.org,(954) 989-2688,Florida League of Cities directory
mun-city-of-westlake,City of Westlake,municipality,Palm Beach,http://www.westlakegov.com,info@westlakegov.com,(561) 530-5880,Florida League of Cities directory
mun-city-of-weston,City of Weston,municipality,Broward,http://www.westonfl.org,cityhall@westonfl.org,(954) 385-2000,Florida League of Cities directory
mun-town-of-westville,Town of Westville,municipality,Holmes,,townofwestville@gmail.com,(850) 548-5858,Florida League of Cities directory
mun-city-of-wewahitchka,City of Wewahitchka,municipality,Gulf,http://www.cityofwewahitchka.com,cityofwewa@fairpoint.net,(850) 639-2605,Florida League of Cities directory
mun-town-of-white-springs,Town of White Springs,municipality,Hamilton,http://www.whitesprings.org,clerk@whitespringsfl.us,(386) 397-2310,Florida League of Cities directory
mun-city-of-wildwood,City of Wildwood,municipality,Sumter,http://www.wildwood-fl.gov,jbarnes@wildwood-fl.gov,(352) 330-1330,Florida League of Cities directory
mun-city-of-williston,City of Williston,municipality,Levy,http://www.willistonfl.org,latricia.wright@willistonfl.org,(352) 528-3060,Florida League of Cities directory
mun-city-of-wilton-manors,City of Wilton Manors,municipality,Broward,http://www.wiltonmanors.com,flombardo@wiltonmanors.com,(954) 390-2100,Florida League of Cities directory
mun-town-of-windermere,Town of Windermere,municipality,Orange,http://www.town.windermere.fl.us,dburkhalter@town.windermere.fl.us,(407) 876-2563,Florida League of Cities directory
mun-city-of-winter-garden,City of Winter Garden,municipality,Orange,http://www.cwgdn.com,jwilliams@cwgdn.com,(407) 656-4111,Florida League of Cities directory
mun-city-of-winter-haven,City of Winter Haven,municipality,Polk,http://www.mywinterhaven.com,vcastillo@mywinterhaven.com,(863) 291-5600,Florida League of Cities directory | MFMP-registered (VIP org id 40000073)
mun-city-of-winter-park,City of Winter Park,municipality,Orange,http://www.cityofwinterpark.org,citymanager@cityofwinterpark.org,(407) 599-3399,Florida League of Cities directory
mun-city-of-winter-springs,City of Winter Springs,municipality,Seminole,http://www.winterspringsfl.org,communications@winterspringsfl.org,(407) 327-1800,Florida League of Cities directory
mun-town-of-worthington-springs,Town of Worthington Springs,municipality,Union,,clerk.harrell@worthingtonsprings.org,(386) 496-1006,Florida League of Cities directory
mun-town-of-yankeetown,Town of Yankeetown,municipality,Levy,http://yankeetownfl.govoffice2.com,yankeetownadm@bellsouth.net,(352) 447-2511,Florida League of Cities directory
mun-city-of-zephyrhills,City of Zephyrhills,municipality,Pasco,http://www.ci.zephyrhills.fl.us,cityclerk@ci.zephyrhills.fl.us,(813) 780-0000,Florida League of Cities directory
mun-town-of-zolfo-springs,Town of Zolfo Springs,municipality,Hardee,http://www.townofzolfo.com,townclerk@townofzolfo.com,(863) 735-0405,Florida League of Cities directory
mun-city-of-weeki-wachee,City of Weeki Wachee,municipality,Hernando,,,,US Census 2022 CoG
mun-city-of-miami-shores,City of Miami Shores,municipality,Miami-Dade,http://WWW.MIAMISHORESVILLAGE.COM,,,US Census 2022 CoG
sch-alachua-county-school-district,Alachua County School District,school_district,Alachua,https://www.alachuaschools.net/,,,FLDOE district #01
sch-baker-county-school-district,Baker County School District,school_district,Baker,http://www.bakerk12.org,,,FLDOE district #02
sch-bay-county-school-district,Bay County School District,school_district,Bay,http://www.bay.k12.fl.us/,,,FLDOE district #03
sch-bradford-county-school-district,Bradford County School District,school_district,Bradford,https://www.bradfordschools.org,,,FLDOE district #04
sch-brevard-county-school-district,Brevard County School District,school_district,Brevard,http://www.brevardschools.org,,,FLDOE district #05
sch-broward-county-school-district,Broward County School District,school_district,Broward,http://www.browardschools.com,,,FLDOE district #06 | MFMP-registered (VIP org id 40000014)
sch-calhoun-county-school-district,Calhoun County School District,school_district,Calhoun,http://www.calhounflschools.org,,,FLDOE district #07
sch-charlotte-county-school-district,Charlotte County School District,school_district,Charlotte,http://www.yourcharlotteschools.net,,,FLDOE district #08
sch-citrus-county-school-district,Citrus County School District,school_district,Citrus,https://www.citrusschools.org/,,,FLDOE district #09
sch-clay-county-school-district,Clay County School District,school_district,Clay,http://oneclay.net,,,FLDOE district #10
sch-collier-county-school-district,Collier County School District,school_district,Collier,http://www.CollierSchools.com,,,FLDOE district #11
sch-columbia-county-school-district,Columbia County School District,school_district,Columbia,https://www.columbiak12.com/,,,FLDOE district #12
sch-florida-school-for-the-deaf-and-the-blind,Florida School for the Deaf & the Blind,school_district,,https://www.fsdbk12.org,,,FLDOE district #68; special/lab/state-supported district
sch-desoto-county-school-district,DeSoto County School District,school_district,DeSoto,http://www.desotoschools.com/,,,FLDOE district #14
sch-dixie-county-school-district,Dixie County School District,school_district,Dixie,http://www.dixie.k12.fl.us,,,FLDOE district #15 | MFMP-registered (VIP org id 40000018)
sch-djj,DJJ,school_district,,,,,FLDOE district #83; special/lab/state-supported district
sch-duval-county-school-district,Duval County School District,school_district,Duval,http://www.duvalschools.org,,,FLDOE district #16
sch-escambia-county-school-district,Escambia County School District,school_district,Escambia,http://www.escambiaschools.org,,,FLDOE district #17
sch-famu-lab-school,FAMU Lab School,school_district,,http://www.famudrs.org,,,FLDOE district #74; special/lab/state-supported district
sch-fau-lab-school,FAU Lab School,school_district,,https://labschools.fau.edu/,,,FLDOE district #72; special/lab/state-supported district
sch-florida-virtual-school,Florida Virtual School,school_district,,http://www.flvs.net,,,FLDOE district #71; special/lab/state-supported district
sch-flagler-county-school-district,Flagler County School District,school_district,Flagler,http://www.flaglerschools.com,,,FLDOE district #18
sch-franklin-county-school-district,Franklin County School District,school_district,Franklin,http://www.franklincountyschools.org,,,FLDOE district #19
sch-fsu-bay,FSU Bay,school_district,,,,,FLDOE district #82; special/lab/state-supported district
sch-fsu-lab-school,FSU Lab School,school_district,,http://www.fsus.school,,,FLDOE district #73; special/lab/state-supported district
sch-gadsden-county-school-district,Gadsden County School District,school_district,Gadsden,http://www.gadsdenschools.org,,,FLDOE district #20
sch-gilchrist-county-school-district,Gilchrist County School District,school_district,Gilchrist,https://www.gilchristschools.org/,,,FLDOE district #21
sch-glades-county-school-district,Glades County School District,school_district,Glades,http://www.gladesedu.org,,,FLDOE district #22
sch-gulf-county-school-district,Gulf County School District,school_district,Gulf,https://gulfcoschools.com/,,,FLDOE district #23
sch-hamilton-county-school-district,Hamilton County School District,school_district,Hamilton,http://www.hamiltonfl.com/,,,FLDOE district #24
sch-hardee-county-school-district,Hardee County School District,school_district,Hardee,http://www.hardee.k12.fl.us,,,FLDOE district #25
sch-hendry-county-school-district,Hendry County School District,school_district,Hendry,http://www.hendry-schools.org,,,FLDOE district #26
sch-hernando-county-school-district,Hernando County School District,school_district,Hernando,https://www.hernandoschools.org,,,FLDOE district #27
sch-highlands-county-school-district,Highlands County School District,school_district,Highlands,http://www.highlands.k12.fl.us/,,,FLDOE district #28
sch-hillsborough-county-school-district,Hillsborough County School District,school_district,Hillsborough,http://www.sdhc.k12.fl.us/,,,FLDOE district #29
sch-holmes-county-school-district,Holmes County School District,school_district,Holmes,http://www.hdsb.org/,,,FLDOE district #30
sch-indian-river-county-school-district,Indian River County School District,school_district,Indian River,http://www.indianriverschools.org,,,FLDOE district #31
sch-jackson-county-school-district,Jackson County School District,school_district,Jackson,http://www.jcsb.org,,,FLDOE district #32
sch-jefferson-county-school-district,Jefferson County School District,school_district,Jefferson,https://www.jeffersonschools.net/,,,FLDOE district #33
sch-lafayette-county-school-district,Lafayette County School District,school_district,Lafayette,https://www.lafayette.k12.fl.us/,,,FLDOE district #34
sch-lake-county-school-district,Lake County School District,school_district,Lake,http://www.lake.k12.fl.us/,,,FLDOE district #35
sch-lee-county-school-district,Lee County School District,school_district,Lee,http://www.leeschools.net/,,,FLDOE district #36
sch-leon-county-school-district,Leon County School District,school_district,Leon,http://www.leonschools.net,,,FLDOE district #37 | MFMP-registered (VIP org id 50000001)
sch-levy-county-school-district,Levy County School District,school_district,Levy,http://www.levyk12.org/schools,,,FLDOE district #38
sch-liberty-county-school-district,Liberty County School District,school_district,Liberty,https://www.lcsb.org/,,,FLDOE district #39
sch-madison-county-school-district,Madison County School District,school_district,Madison,http://madison.k12.fl.us,,,FLDOE district #40
sch-manatee-county-school-district,Manatee County School District,school_district,Manatee,http://www.manateeschools.net/,,,FLDOE district #41
sch-marion-county-school-district,Marion County School District,school_district,Marion,https://www.marionschools.net/,,,FLDOE district #42
sch-martin-county-school-district,Martin County School District,school_district,Martin,https://www.martinschools.org,,,FLDOE district #43
sch-miami-dade-county-school-district,Miami-Dade County School District,school_district,Miami-Dade,http://www.dadeschools.net,,,FLDOE district #13
sch-monroe-county-school-district,Monroe County School District,school_district,Monroe,http://www.keysschools.com,,,FLDOE district #44
sch-nassau-county-school-district,Nassau County School District,school_district,Nassau,http://www.nassau.k12.fl.us/,,,FLDOE district #45
sch-okaloosa-county-school-district,Okaloosa County School District,school_district,Okaloosa,http://www.okaloosaschools.com/,,,FLDOE district #46
sch-okeechobee-county-school-district,Okeechobee County School District,school_district,Okeechobee,https://www.okeeschools.org/,,,FLDOE district #47
sch-orange-county-school-district,Orange County School District,school_district,Orange,http://www.ocps.net,,,FLDOE district #48
sch-osceola-county-school-district,Osceola County School District,school_district,Osceola,http://www.osceolaschools.net,,,FLDOE district #49
sch-palm-beach-county-school-district,Palm Beach County School District,school_district,Palm Beach,http://www.palmbeachschools.org,,,FLDOE district #50
sch-pasco-county-school-district,Pasco County School District,school_district,Pasco,http://WWW.PASCO.K12.FL.US,,,FLDOE district #51
sch-pinellas-county-school-district,Pinellas County School District,school_district,Pinellas,http://www.pcsb.org,,,FLDOE district #52
sch-polk-county-school-district,Polk County School District,school_district,Polk,http://www.polk-fl.net,,,FLDOE district #53
sch-putnam-county-school-district,Putnam County School District,school_district,Putnam,http://www.putnamschools.org/,,,FLDOE district #54
sch-santa-rosa-county-school-district,Santa Rosa County School District,school_district,Santa Rosa,https://www.santarosaschools.org/,,,FLDOE district #57
sch-sarasota-county-school-district,Sarasota County School District,school_district,Sarasota,http://www.SarasotaCountySchools.net,,,FLDOE district #58
sch-seminole-county-school-district,Seminole County School District,school_district,Seminole,http://www.scps.k12.fl.us/,,,FLDOE district #59
sch-st-johns-county-school-district,St. Johns County School District,school_district,St. Johns,http://www.stjohns.k12.fl.us/,,,FLDOE district #55
sch-st-lucie-county-school-district,St. Lucie County School District,school_district,St. Lucie,http://www.stlucieschools.org,,,FLDOE district #56
sch-sumter-county-school-district,Sumter County School District,school_district,Sumter,http://www.sumter.k12.fl.us/,,,FLDOE district #60
sch-suwannee-county-school-district,Suwannee County School District,school_district,Suwannee,http://www.suwannee.k12.fl.us,,,FLDOE district #61
sch-taylor-county-school-district,Taylor County School District,school_district,Taylor,http://www.taylor.k12.fl.us/,,,FLDOE district #62
sch-tsc,TSC,school_district,,http://www.tsc.fl.edu,,,FLDOE district #81; special/lab/state-supported district
sch-uf-lab-school,UF Lab School,school_district,,http://www.pkyonge.ufl.edu/,,,FLDOE district #75; special/lab/state-supported district
sch-union-county-school-district,Union County School District,school_district,Union,http://www.union.k12.fl.us/,,,FLDOE district #63
sch-volusia-county-school-district,Volusia County School District,school_district,Volusia,https://vcsedu.org,,,FLDOE district #64
sch-wakulla-county-school-district,Wakulla County School District,school_district,Wakulla,http://www.wakullaschooldistrict.org/,,,FLDOE district #65
sch-walton-county-school-district,Walton County School District,school_district,Walton,http://www.walton.k12.fl.us/,,,FLDOE district #66
sch-washington-county-school-district,Washington County School District,school_district,Washington,http://www.wcsdschools.com,,,FLDOE district #67
he-university-of-florida,University of Florida,higher_ed,Alachua,https://www.ufl.edu,,,State University System of Florida (hardcoded: fldoe.org WAF 403) | MFMP-registered (VIP org id 40000064)
he-florida-state-university,Florida State University,higher_ed,Leon,https://www.fsu.edu,,,State University System of Florida (hardcoded: fldoe.org WAF 403) | MFMP-registered (VIP org id 40000065)
he-florida-agricultural-and-mechanical-university,Florida Agricultural and Mechanical University,higher_ed,Leon,https://www.famu.edu,,,State University System of Florida (hardcoded: fldoe.org WAF 403) | MFMP-registered (VIP org id 40000066)
he-university-of-south-florida,University of South Florida,higher_ed,Hillsborough,https://www.usf.edu,,,State University System of Florida (hardcoded: fldoe.org WAF 403) | MFMP-registered (VIP org id 40000068)
he-florida-atlantic-university,Florida Atlantic University,higher_ed,Palm Beach,https://www.fau.edu,,,State University System of Florida (hardcoded: fldoe.org WAF 403) | MFMP-registered (VIP org id 40000069)
he-university-of-west-florida,University of West Florida,higher_ed,Escambia,https://www.uwf.edu,,,State University System of Florida (hardcoded: fldoe.org WAF 403) | MFMP-registered (VIP org id 40000070)
he-university-of-central-florida,University of Central Florida,higher_ed,Orange,https://www.ucf.edu,,,State University System of Florida (hardcoded: fldoe.org WAF 403) | MFMP-registered (VIP org id 40000067)
he-florida-international-university,Florida International University,higher_ed,Miami-Dade,https://www.fiu.edu,,,State University System of Florida (hardcoded: fldoe.org WAF 403) | MFMP-registered (VIP org id 40000071)
he-university-of-north-florida,University of North Florida,higher_ed,Duval,https://www.unf.edu,,,State University System of Florida (hardcoded: fldoe.org WAF 403) | MFMP-registered (VIP org id 40000072)
he-florida-gulf-coast-university,Florida Gulf Coast University,higher_ed,Lee,https://www.fgcu.edu,,,State University System of Florida (hardcoded: fldoe.org WAF 403) | MFMP-registered (VIP org id 40000062)
he-new-college-of-florida,New College of Florida,higher_ed,Sarasota,https://www.ncf.edu,,,State University System of Florida (hardcoded: fldoe.org WAF 403) | MFMP-registered (VIP org id 40000053)
he-florida-polytechnic-university,Florida Polytechnic University,higher_ed,Polk,https://www.floridapoly.edu,,,State University System of Florida (hardcoded: fldoe.org WAF 403) | MFMP-registered (VIP org id 40000010)
he-broward-college,Broward College,higher_ed,Broward,https://www.broward.edu,,,Florida College System (hardcoded: fldoe.org WAF 403) | MFMP-registered (VIP org id 40000025)
he-chipola-college,Chipola College,higher_ed,Jackson,https://www.chipola.edu,,,Florida College System (hardcoded: fldoe.org WAF 403) | MFMP-registered (VIP org id 40000027)
he-college-of-central-florida,College of Central Florida,higher_ed,Marion,https://www.cf.edu,,,Florida College System (hardcoded: fldoe.org WAF 403) | MFMP-registered (VIP org id 40000026)
he-daytona-state-college,Daytona State College,higher_ed,Volusia,https://www.daytonastate.edu,,,Florida College System (hardcoded: fldoe.org WAF 403) | MFMP-registered (VIP org id 40000028)
he-eastern-florida-state-college,Eastern Florida State College,higher_ed,Brevard,https://www.easternflorida.edu,,,Florida College System (hardcoded: fldoe.org WAF 403) | MFMP-registered (VIP org id 40000024) | MFMP-registered (VIP org id 40000052)
he-florida-gateway-college,Florida Gateway College,higher_ed,Columbia,https://www.fgc.edu,,,Florida College System (hardcoded: fldoe.org WAF 403) | MFMP-registered (VIP org id 40000035)
he-florida-southwestern-state-college,Florida SouthWestern State College,higher_ed,Lee,https://www.fsw.edu,,,Florida College System (hardcoded: fldoe.org WAF 403) | MFMP-registered (VIP org id 40000029)
he-florida-state-college-at-jacksonville,Florida State College at Jacksonville,higher_ed,Duval,https://www.fscj.edu,,,Florida College System (hardcoded: fldoe.org WAF 403) | MFMP-registered (VIP org id 40000030)
he-gulf-coast-state-college,Gulf Coast State College,higher_ed,Bay,https://www.gulfcoast.edu,,,Florida College System (hardcoded: fldoe.org WAF 403) | MFMP-registered (VIP org id 40000032)
he-hillsborough-community-college,Hillsborough Community College,higher_ed,Hillsborough,https://www.hccfl.edu,,,Florida College System (hardcoded: fldoe.org WAF 403) | MFMP-registered (VIP org id 40000033)
he-indian-river-state-college,Indian River State College,higher_ed,St. Lucie,https://www.irsc.edu,,,Florida College System (hardcoded: fldoe.org WAF 403) | MFMP-registered (VIP org id 40000034)
he-lake-sumter-state-college,Lake-Sumter State College,higher_ed,Lake,https://www.lssc.edu,,,Florida College System (hardcoded: fldoe.org WAF 403) | MFMP-registered (VIP org id 40000036)
he-miami-dade-college,Miami Dade College,higher_ed,Miami-Dade,https://www.mdc.edu,,,Florida College System (hardcoded: fldoe.org WAF 403) | MFMP-registered (VIP org id 40000021) | MFMP-registered (VIP org id 40000038)
he-north-florida-college,North Florida College,higher_ed,Madison,https://www.nfc.edu,,,Florida College System (hardcoded: fldoe.org WAF 403) | MFMP-registered (VIP org id 40000039)
he-northwest-florida-state-college,Northwest Florida State College,higher_ed,Okaloosa,https://www.nwfsc.edu,,,Florida College System (hardcoded: fldoe.org WAF 403) | MFMP-registered (VIP org id 40000040)
he-palm-beach-state-college,Palm Beach State College,higher_ed,Palm Beach,https://www.palmbeachstate.edu,,,Florida College System (hardcoded: fldoe.org WAF 403) | MFMP-registered (VIP org id 40000041)
he-pasco-hernando-state-college,Pasco-Hernando State College,higher_ed,Pasco,https://www.phsc.edu,,,Florida College System (hardcoded: fldoe.org WAF 403) | MFMP-registered (VIP org id 40000042)
he-pensacola-state-college,Pensacola State College,higher_ed,Escambia,https://www.pensacolastate.edu,,,Florida College System (hardcoded: fldoe.org WAF 403) | MFMP-registered (VIP org id 40000043)
he-polk-state-college,Polk State College,higher_ed,Polk,https://www.polk.edu,,,Florida College System (hardcoded: fldoe.org WAF 403) | MFMP-registered (VIP org id 40000044)
he-st-johns-river-state-college,St. Johns River State College,higher_ed,Putnam,https://www.sjrstate.edu,,,Florida College System (hardcoded: fldoe.org WAF 403) | MFMP-registered (VIP org id 40000048)
he-st-petersburg-college,St. Petersburg College,higher_ed,Pinellas,https://www.spcollege.edu,,,Florida College System (hardcoded: fldoe.org WAF 403) | MFMP-registered (VIP org id 40000049)
he-santa-fe-college,Santa Fe College,higher_ed,Alachua,https://www.sfcollege.edu,,,Florida College System (hardcoded: fldoe.org WAF 403) | MFMP-registered (VIP org id 40000045)
he-seminole-state-college-of-florida,Seminole State College of Florida,higher_ed,Seminole,https://www.seminolestate.edu,,,Florida College System (hardcoded: fldoe.org WAF 403) | MFMP-registered (VIP org id 40000046)
he-south-florida-state-college,South Florida State College,higher_ed,Highlands,https://www.southflorida.edu,,,Florida College System (hardcoded: fldoe.org WAF 403) | MFMP-registered (VIP org id 40000047)
he-state-college-of-florida-manatee-sarasota,"State College of Florida, Manatee-Sarasota",higher_ed,Manatee,https://www.scf.edu,,,Florida College System (hardcoded: fldoe.org WAF 403) | MFMP-registered (VIP org id 40000037)
he-tallahassee-state-college,Tallahassee State College,higher_ed,Leon,https://www.tcc.fl.edu,,,Florida College System (hardcoded: fldoe.org WAF 403) | MFMP-registered (VIP org id 40000050)
he-the-college-of-the-florida-keys,The College of the Florida Keys,higher_ed,Monroe,https://www.cfk.edu,,,Florida College System (hardcoded: fldoe.org WAF 403) | MFMP-registered (VIP org id 40000031)
he-valencia-college,Valencia College,higher_ed,Orange,https://www.valenciacollege.edu,,,Florida College System (hardcoded: fldoe.org WAF 403) | MFMP-registered (VIP org id 40000051)
st-legislative-branch-leg,Legislative Branch (LEG),state,,,,,MFMP-registered (VIP org id 30000004)
st-department-of-the-lottery-lot,Department of the Lottery (LOT),state,,,,,MFMP-registered (VIP org id 30000010)
st-department-of-legal-affairs-dla,Department of Legal Affairs (DLA),state,,,,,MFMP-registered (VIP org id 30000013)
st-florida-department-of-transportation-fdot,Florida Department of Transportation (FDOT),state,,,,,MFMP-registered (VIP org id 30000021)
st-agency-for-health-care-administration-ahca,Agency for Health Care Administration (AHCA),state,,,,,MFMP-registered (VIP org id 30000029)
st-elc-of-alachua-county,ELC of Alachua County,state,,,,,MFMP-registered (VIP org id 40000003)
st-elc-of-flagler-and-volusia-counties,ELC of Flagler and Volusia Counties,state,,,,,MFMP-registered (VIP org id 40000004)
st-volunteer-florida,Volunteer Florida,state,,,,,MFMP-registered (VIP org id 40000001)
sd-treasure-coast-regional-planning-council,Treasure Coast Regional Planning Council,special_district,,,,,MFMP-registered (VIP org id 40000009)
st-justice-administrative-commission-jac,Justice Administrative Commission (JAC),state,,,,,MFMP-registered (VIP org id 30000006)
st-department-of-agriculture-and-consumer-services-fdacs,Department of Agriculture and Consumer Services (FDACS),state,,,,,MFMP-registered (VIP org id 30000015)
st-department-of-education-doe,Department of Education (DOE),state,,,,,MFMP-registered (VIP org id 30000018)
st-department-of-health-doh,Department of Health (DOH),state,,,,,MFMP-registered (VIP org id 30000026)
st-florida-fish-and-wildlife-conservation-commission-fwc,Florida Fish and Wildlife Conservation Commission (FWC),state,,,,,MFMP-registered (VIP org id 30000036)
st-state-board-of-administration-sba,State Board of Administration (SBA),state,,,,,MFMP-registered (VIP org id 30000040)
st-florida-concrete-masonry-education-council,Florida Concrete Masonry Education Council,state,,,,,MFMP-registered (VIP org id 40000022)
st-enterprise-florida,Enterprise Florida,state,,,,,MFMP-registered (VIP org id 40000023)
st-other-legislative-branch,Other - Legislative Branch,state,,,,,MFMP-registered (VIP org id 30000002)
st-division-of-emergency-management-dem,Division of Emergency Management (DEM),state,,,,,MFMP-registered (VIP org id 30000009)
st-department-of-juvenile-justice-djj,Department of Juvenile Justice (DJJ),state,,,,,MFMP-registered (VIP org id 30000039)
st-elc-of-brevard-county,ELC of Brevard County,state,,,,,MFMP-registered (VIP org id 40000002)
st-elc-of-palm-beach-county,ELC of Palm Beach County,state,,,,,MFMP-registered (VIP org id 40000006)
st-citizens-property-insurance-corporation,Citizens Property Insurance Corporation,state,,,,,MFMP-registered (VIP org id 40000060)
st-fl-birth-related-neuro-injury-compens-assn,FL Birth-Related Neuro Injury Compens Assn,state,,,,,MFMP-registered (VIP org id 40000061)
he-edward-waters-university,Edward Waters University,higher_ed,,,,,MFMP-registered (VIP org id 40000074)
st-elc-of-the-big-bend-region,ELC of the Big Bend Region,state,,,,,MFMP-registered (VIP org id 40000005)
st-auditor-general-oag,Auditor General (OAG),state,,,,,MFMP-registered (VIP org id 30000005)
st-state-courts-system-scs,State Courts System (SCS),state,,,,,MFMP-registered (VIP org id 30000007)
st-division-of-administrative-hearings-doah,Division of Administrative Hearings (DOAH),state,,,,,MFMP-registered (VIP org id 30000033)
st-elc-of-hillsborough-county,ELC of Hillsborough County,state,,,,,MFMP-registered (VIP org id 40000008)
st-other-executive-branch,Other - Executive Branch,state,,,,,MFMP-registered (VIP org id 30000003)
st-department-of-environmental-protection-dep,Department of Environmental Protection (DEP),state,,,,,MFMP-registered (VIP org id 30000011)
st-florida-gaming-control-commission-fgcc,Florida Gaming Control Commission (FGCC),state,,,,,MFMP-registered (VIP org id 30000014)
st-department-of-management-services-dms,Department of Management Services (DMS),state,,,,,MFMP-registered (VIP org id 30000032)
st-parrish-medical-center,Parrish Medical Center,state,,,,,MFMP-registered (VIP org id 40000007)
st-escambia-board-of-county-commissioners,Escambia Board of County Commissioners,state,,,,,MFMP-registered (VIP org id 40000019)
st-florida-board-of-education,Florida Board of Education,state,,,,,MFMP-registered (VIP org id 40000063)
st-department-of-revenue-rev,Department of Revenue (REV),state,,,,,MFMP-registered (VIP org id 30000034)
st-st-johns-county-sheriff-s-office,St. Johns County Sheriff's Office,state,,,,,MFMP-registered (VIP org id 40000017)
st-office-of-the-governor-eog,Office of the Governor (EOG),state,,,,,MFMP-registered (VIP org id 30000008)
st-department-of-financial-services-dfs,Department of Financial Services (DFS),state,,,,,MFMP-registered (VIP org id 30000016)
st-florida-school-for-the-deaf-and-the-blind-fsdb,Florida School for the Deaf and the Blind (FSDB),state,,,,,MFMP-registered (VIP org id 30000019)
st-public-service-commission-psc,Public Service Commission (PSC),state,,,,,MFMP-registered (VIP org id 30000024)
st-florida-commission-on-offender-review-fcor,Florida Commission on Offender Review (FCOR),state,,,,,MFMP-registered (VIP org id 30000037)
st-other-judicial-branch,Other - Judicial Branch,state,,,,,MFMP-registered (VIP org id 30000001)
st-department-of-state-dos,Department of State (DOS),state,,,,,MFMP-registered (VIP org id 30000017)
st-department-of-elder-affairs-doea,Department of Elder Affairs (DOEA),state,,,,,MFMP-registered (VIP org id 30000027)
st-agency-for-persons-with-disabilities-apd,Agency for Persons with Disabilities (APD),state,,,,,MFMP-registered (VIP org id 30000028)
st-florida-department-of-corrections-fdc,Florida Department of Corrections (FDC),state,,,,,MFMP-registered (VIP org id 30000030)
st-department-of-highway-safety-and-motor-vehicles-hsmv,Department of Highway Safety and Motor Vehicles (HSMV),state,,,,,MFMP-registered (VIP org id 30000035)
st-dept-of-business-and-professional-regulation-dbpr,Dept of Business and Professional Regulation (DBPR),state,,,,,MFMP-registered (VIP org id 30000038)
st-south-fla-regional-transportation-authority,South Fla Regional Transportation Authority,state,,,,,MFMP-registered (VIP org id 40000059)
st-palm-beach-board-of-county-commissioners,Palm Beach Board of County Commissioners,state,,,,,MFMP-registered (VIP org id 40000013)
st-department-of-commerce-doc,Department of Commerce (DOC),state,,,,,MFMP-registered (VIP org id 30000012)
st-department-of-veterans-affairs-fdva,Department of Veterans' Affairs (FDVA),state,,,,,MFMP-registered (VIP org id 30000020)
st-department-of-citrus-cit,Department of Citrus (CIT),state,,,,,MFMP-registered (VIP org id 30000022)
st-department-of-children-and-families-dcf,Department of Children and Families (DCF),state,,,,,MFMP-registered (VIP org id 30000023)
st-department-of-military-affairs-dma,Department of Military Affairs (DMA),state,,,,,MFMP-registered (VIP org id 30000025)
st-department-of-law-enforcement-fdle,Department of Law Enforcement (FDLE),state,,,,,MFMP-registered (VIP org id 30000031)
st-monroe-county-engineering-services,Monroe County Engineering Services,state,,,,,MFMP-registered (VIP org id 50000005)
st-lee-county-procurement,Lee County Procurement,state,,,,,MFMP-registered (VIP org id 50000015)
st-cedar-key-water-and-sewer-district,Cedar Key Water and Sewer District,state,,,,,MFMP-registered (VIP org id 50000016)
st-central-florida-tourism-oversight-district,Central Florida Tourism Oversight District,state,,,,,MFMP-registered (VIP org id 50000012)
st-manatee-county-clerk-of-circuit-court,Manatee County Clerk of Circuit Court,state,,,,,MFMP-registered (VIP org id 50000020)
st-osceola-early-learning-coalition,Osceola Early Learning Coalition,state,,,,,MFMP-registered (VIP org id 50000018)
cons-alachua-county-supervisor-of-elections,Alachua County Supervisor of Elections,constitutional_officer,Alachua,https://www.votealachua.gov,kbarton@alachuacounty.us,(352) 374-5252,FL Dept of State county officer directory
cons-baker-county-supervisor-of-elections,Baker County Supervisor of Elections,constitutional_officer,Baker,https://votebakerfl.gov,vote@bakercountyfl.org,(904) 259-6339,FL Dept of State county officer directory
cons-bay-county-supervisor-of-elections,Bay County Supervisor of Elections,constitutional_officer,Bay,https://www.bayvotesfl.gov,elections@bayvotesfl.gov,(850) 784-6100,FL Dept of State county officer directory
cons-bradford-county-supervisor-of-elections,Bradford County Supervisor of Elections,constitutional_officer,Bradford,https://www.votebradfordfl.gov,bradsoe@votebradfordfl.gov,(904) 966-6266,FL Dept of State county officer directory
cons-brevard-county-supervisor-of-elections,Brevard County Supervisor of Elections,constitutional_officer,Brevard,https://www.votebrevard.gov,soe@votebrevard.gov,(321) 290-8683,FL Dept of State county officer directory
cons-broward-county-supervisor-of-elections,Broward County Supervisor of Elections,constitutional_officer,Broward,https://www.browardvotes.gov,elections@browardvotes.gov,(954) 357-7050,FL Dept of State county officer directory
cons-calhoun-county-supervisor-of-elections,Calhoun County Supervisor of Elections,constitutional_officer,Calhoun,https://www.votecalhounfl.gov,soe@votecalhounfl.gov,(850) 674-8568,FL Dept of State county officer directory
cons-charlotte-county-supervisor-of-elections,Charlotte County Supervisor of Elections,constitutional_officer,Charlotte,https://www.soecharlottecountyfl.gov,soe@soecharlottecountyfl.gov,(941) 833-5400,FL Dept of State county officer directory
cons-citrus-county-supervisor-of-elections,Citrus County Supervisor of Elections,constitutional_officer,Citrus,https://www.votecitrus.gov,vote@votecitrus.gov,(352) 564-7120,FL Dept of State county officer directory
cons-clay-county-supervisor-of-elections,Clay County Supervisor of Elections,constitutional_officer,Clay,https://www.clayelections.gov,mail@clayelections.gov,(904) 269-6350,FL Dept of State county officer directory
cons-collier-county-supervisor-of-elections,Collier County Supervisor of Elections,constitutional_officer,Collier,https://www.CollierVotes.gov,supervisor.elections@colliervotes.gov,(239) 252-8683,FL Dept of State county officer directory
cons-columbia-county-supervisor-of-elections,Columbia County Supervisor of Elections,constitutional_officer,Columbia,https://www.votecolumbiafl.gov,vote@votecolumbiafl.gov,(386) 758-1026,FL Dept of State county officer directory
cons-desoto-county-supervisor-of-elections,DeSoto County Supervisor of Elections,constitutional_officer,DeSoto,https://www.votedesotofl.gov,dwertz@votedesotofl.gov,(863) 993-4871,FL Dept of State county officer directory
cons-dixie-county-supervisor-of-elections,Dixie County Supervisor of Elections,constitutional_officer,Dixie,https://www.dixievotes.com,elections@dixievotes.com,(352) 498-1216,FL Dept of State county officer directory
cons-duval-county-supervisor-of-elections,Duval County Supervisor of Elections,constitutional_officer,Duval,https://www.duvalelections.com,jholland@coj.net,(904) 255-8683,FL Dept of State county officer directory
cons-escambia-county-supervisor-of-elections,Escambia County Supervisor of Elections,constitutional_officer,Escambia,https://escambiavotes.gov,soe@escambiavotes.gov,(850) 595-3900,FL Dept of State county officer directory
cons-flagler-county-supervisor-of-elections,Flagler County Supervisor of Elections,constitutional_officer,Flagler,https://www.flaglerelections.gov,info@flaglerelections.gov,(386) 313-4170,FL Dept of State county officer directory
cons-franklin-county-supervisor-of-elections,Franklin County Supervisor of Elections,constitutional_officer,Franklin,https://www.votefranklinfl.gov,heather@votefranklinfl.gov,(850) 653-9520,FL Dept of State county officer directory
cons-gadsden-county-supervisor-of-elections,Gadsden County Supervisor of Elections,constitutional_officer,Gadsden,https://www.gadsdensoefl.gov,info@gadsdensoefl.gov,(850) 627-9910,FL Dept of State county officer directory
cons-gilchrist-county-supervisor-of-elections,Gilchrist County Supervisor of Elections,constitutional_officer,Gilchrist,https://www.votegilchrist.com,elections@gilchrist.fl.us,(352) 463-3194,FL Dept of State county officer directory
cons-glades-county-supervisor-of-elections,Glades County Supervisor of Elections,constitutional_officer,Glades,https://www.voteglades.gov,vote@voteglades.gov,(863) 946-6005,FL Dept of State county officer directory
cons-gulf-county-supervisor-of-elections,Gulf County Supervisor of Elections,constitutional_officer,Gulf,https://www.votegulf.gov,gulfsoe@votegulf.gov,(850) 229-6117,FL Dept of State county officer directory
cons-hamilton-county-supervisor-of-elections,Hamilton County Supervisor of Elections,constitutional_officer,Hamilton,https://www.hamiltonvotesFL.gov,elect@hamiltonvotesfl.gov,(386) 792-1426,FL Dept of State county officer directory
cons-hardee-county-supervisor-of-elections,Hardee County Supervisor of Elections,constitutional_officer,Hardee,https://hardeeflvotes.gov,info@hardeeflvotes.gov,(863) 773-6061,FL Dept of State county officer directory
cons-hendry-county-supervisor-of-elections,Hendry County Supervisor of Elections,constitutional_officer,Hendry,https://www.hendryelections.gov,supervisor@hendryelections.gov,(863) 675-5230,FL Dept of State county officer directory
cons-hernando-county-supervisor-of-elections,Hernando County Supervisor of Elections,constitutional_officer,Hernando,https://www.hernandovotes.gov,elections@hernandovotes.gov,(352) 754-4125,FL Dept of State county officer directory
cons-highlands-county-supervisor-of-elections,Highlands County Supervisor of Elections,constitutional_officer,Highlands,https://www.votehighlands.gov/,vote@votehighlands.gov,(863) 402-6655,FL Dept of State county officer directory
cons-hillsborough-county-supervisor-of-elections,Hillsborough County Supervisor of Elections,constitutional_officer,Hillsborough,https://www.votehillsborough.gov,voter@votehillsborough.gov,(813) 744-5900,FL Dept of State county officer directory
cons-holmes-county-supervisor-of-elections,Holmes County Supervisor of Elections,constitutional_officer,Holmes,https://www.holmeselectionsfl.gov,rusty@holmeselectionsfl.gov,(850) 547-1107,FL Dept of State county officer directory
cons-indian-river-county-supervisor-of-elections,Indian River County Supervisor of Elections,constitutional_officer,Indian River,https://www.voteindianriver.gov,info@voteindianriver.gov,(772) 226-4700,FL Dept of State county officer directory
cons-jackson-county-supervisor-of-elections,Jackson County Supervisor of Elections,constitutional_officer,Jackson,https://www.votejacksonfl.gov,email@votejacksonfl.gov,(850) 482-9652,FL Dept of State county officer directory
cons-jefferson-county-supervisor-of-elections,Jefferson County Supervisor of Elections,constitutional_officer,Jefferson,https://www.jeffersonvotesfl.gov,mmilligan@jeffersonvotesfl.gov,(850) 997-3348,FL Dept of State county officer directory
cons-lafayette-county-supervisor-of-elections,Lafayette County Supervisor of Elections,constitutional_officer,Lafayette,https://www.lafayettevotes.net,travis@lafayettevotes.com,(386) 294-1261,FL Dept of State county officer directory
cons-lake-county-supervisor-of-elections,Lake County Supervisor of Elections,constitutional_officer,Lake,https://www.lakevotes.gov,hays@lakevotes.gov,(352) 343-9734,FL Dept of State county officer directory
cons-lee-county-supervisor-of-elections,Lee County Supervisor of Elections,constitutional_officer,Lee,https://www.lee.vote,elections@lee.vote,(239) 533-8683,FL Dept of State county officer directory
cons-leon-county-supervisor-of-elections,Leon County Supervisor of Elections,constitutional_officer,Leon,https://www.leonvotes.gov,vote@leonvotes.gov,(850) 606-8683,FL Dept of State county officer directory
cons-levy-county-supervisor-of-elections,Levy County Supervisor of Elections,constitutional_officer,Levy,https://www.votelevy.com,elections@votelevy.com,(352) 486-5163,FL Dept of State county officer directory
cons-liberty-county-supervisor-of-elections,Liberty County Supervisor of Elections,constitutional_officer,Liberty,https://libertycountyflsoe.gov/,vote@libertycountyflsoe.gov,(850) 643-5226,FL Dept of State county officer directory
cons-madison-county-supervisor-of-elections,Madison County Supervisor of Elections,constitutional_officer,Madison,https://www.votemadison.com,hdriggers@votemadison.com,(850) 973-6507,FL Dept of State county officer directory
cons-manatee-county-supervisor-of-elections,Manatee County Supervisor of Elections,constitutional_officer,Manatee,https://www.votemanatee.gov,info@votemanatee.gov,(941) 741-3823,FL Dept of State county officer directory
cons-marion-county-supervisor-of-elections,Marion County Supervisor of Elections,constitutional_officer,Marion,https://votemarion.gov,elections@votemarion.gov,(352) 620-3290,FL Dept of State county officer directory
cons-martin-county-supervisor-of-elections,Martin County Supervisor of Elections,constitutional_officer,Martin,https://www.martinvotes.gov,elections@martinvotes.gov,(772) 288-5637,FL Dept of State county officer directory
cons-miami-dade-county-supervisor-of-elections,Miami-Dade County Supervisor of Elections,constitutional_officer,Miami-Dade,https://www.miamidade.gov/elections,soedade@miamidade.gov,(305) 499-8683,FL Dept of State county officer directory
cons-monroe-county-supervisor-of-elections,Monroe County Supervisor of Elections,constitutional_officer,Monroe,https://votemonroeflkeys.gov,info@votemonroeflkeys.gov,(305) 292-3416,FL Dept of State county officer directory
cons-nassau-county-supervisor-of-elections,Nassau County Supervisor of Elections,constitutional_officer,Nassau,https://www.votenassaufl.gov/,info@votenassaufl.gov,(904) 491-7500,FL Dept of State county officer directory
cons-okaloosa-county-supervisor-of-elections,Okaloosa County Supervisor of Elections,constitutional_officer,Okaloosa,https://www.voteokaloosa.gov,plux@myokaloosa.com,(850) 689-5600,FL Dept of State county officer directory
cons-okeechobee-county-supervisor-of-elections,Okeechobee County Supervisor of Elections,constitutional_officer,Okeechobee,https://www.voteokeechobee.gov,elections@voteokeechobee.gov,(863) 763-4014,FL Dept of State county officer directory
cons-orange-county-supervisor-of-elections,Orange County Supervisor of Elections,constitutional_officer,Orange,https://www.voteorangefl.gov,voter@ocfelections.gov,(407) 836-2070,FL Dept of State county officer directory
cons-osceola-county-supervisor-of-elections,Osceola County Supervisor of Elections,constitutional_officer,Osceola,https://www.voteosceola.gov,soe@voteosceola.gov,(407) 742-6000,FL Dept of State county officer directory
cons-palm-beach-county-supervisor-of-elections,Palm Beach County Supervisor of Elections,constitutional_officer,Palm Beach,https://www.votepalmbeach.gov,info@votepalmbeach.gov,(561) 656-6200,FL Dept of State county officer directory
cons-pasco-county-supervisor-of-elections,Pasco County Supervisor of Elections,constitutional_officer,Pasco,https://www.pascovotes.gov,webcomment@pascovotes.gov,(800) 851-8754,FL Dept of State county officer directory
cons-pinellas-county-supervisor-of-elections,Pinellas County Supervisor of Elections,constitutional_officer,Pinellas,https://www.votepinellas.gov,election@votepinellas.gov,(727) 464-8683,FL Dept of State county officer directory
cons-polk-county-supervisor-of-elections,Polk County Supervisor of Elections,constitutional_officer,Polk,https://www.polkelections.gov,info@polkelections.gov,(863) 534-5888,FL Dept of State county officer directory
cons-putnam-county-supervisor-of-elections,Putnam County Supervisor of Elections,constitutional_officer,Putnam,https://soe.putnam-fl.gov,electionsoffice@putnam-fl.gov,(386) 329-0224,FL Dept of State county officer directory
cons-santa-rosa-county-supervisor-of-elections,Santa Rosa County Supervisor of Elections,constitutional_officer,Santa Rosa,https://www.votesantarosa.gov,villane@santarosa.fl.gov,(850) 983-1900,FL Dept of State county officer directory
cons-sarasota-county-supervisor-of-elections,Sarasota County Supervisor of Elections,constitutional_officer,Sarasota,https://www.sarasotavotes.gov,rturner@sarasotavotes.gov,(941) 861-8600,FL Dept of State county officer directory
cons-seminole-county-supervisor-of-elections,Seminole County Supervisor of Elections,constitutional_officer,Seminole,https://www.voteseminole.gov,elections@voteseminole.gov,(407) 585-8683,FL Dept of State county officer directory
cons-st-johns-county-supervisor-of-elections,St. Johns County Supervisor of Elections,constitutional_officer,St. Johns,https://www.votesjc.gov,elections@votesjc.gov,(904) 823-2238,FL Dept of State county officer directory
cons-st-lucie-county-supervisor-of-elections,St. Lucie County Supervisor of Elections,constitutional_officer,St. Lucie,https://www.stlucievotes.gov,elections@stlucievotes.gov,(772) 462-1500,FL Dept of State county officer directory
cons-sumter-county-supervisor-of-elections,Sumter County Supervisor of Elections,constitutional_officer,Sumter,https://elections.sumtercountyfl.gov,electioninfo@sumtercountyfl.gov,(352) 569-1540,FL Dept of State county officer directory
cons-suwannee-county-supervisor-of-elections,Suwannee County Supervisor of Elections,constitutional_officer,Suwannee,https://www.suwanneevotes.com,suwanneesoe@suwanneevotes.com,(386) 362-2616,FL Dept of State county officer directory
cons-taylor-county-supervisor-of-elections,Taylor County Supervisor of Elections,constitutional_officer,Taylor,https://www.taylorelectionsfl.gov,vote@taylorelections.com,(850) 838-3515,FL Dept of State county officer directory
cons-union-county-supervisor-of-elections,Union County Supervisor of Elections,constitutional_officer,Union,https://www.unionflvotes.com,debbie.osborne@unionflvotes.com,(386) 496-2236,FL Dept of State county officer directory
cons-volusia-county-supervisor-of-elections,Volusia County Supervisor of Elections,constitutional_officer,Volusia,https://VolusiaElections.gov,elections@volusia.org,(386) 736-5930,FL Dept of State county officer directory
cons-wakulla-county-supervisor-of-elections,Wakulla County Supervisor of Elections,constitutional_officer,Wakulla,https://www.wakullavotes.gov/,jmorgan@wakullavotes.gov,(850) 926-7575,FL Dept of State county officer directory
cons-walton-county-supervisor-of-elections,Walton County Supervisor of Elections,constitutional_officer,Walton,https://www.votewalton.gov,info@votewalton.gov,(850) 892-8112,FL Dept of State county officer directory
cons-washington-county-supervisor-of-elections,Washington County Supervisor of Elections,constitutional_officer,Washington,https://www.wcsoe.gov,votewashingtonfl@wcsoe.gov,(850) 638-6230,FL Dept of State county officer directory
